time_ns,exp_x_rot,exp_y_rot,exp_z,p1_meas
0.0,0.0,-0.0,-1.0,0.0
0.040006667777962995,-0.0545760493828543,-0.03161121355819706,-0.9980091139312556,0.0
0.08001333555592599,-0.07072927035835741,-0.012964881338185533,-0.9974113264962438,0.0
0.12002000333388899,-0.14749315265103813,-0.01090032719486786,-0.9890029902512693,0.0
0.16002667111185198,-0.1658318223533356,-0.032388481874127815,-0.9856220452905843,0.0
0.20003333888981498,-0.2156500040425204,-0.0001821388923249779,-0.9764706076882306,0.0
0.24004000666777797,-0.2721133225339813,-0.029255449802848943,-0.9618201330886941,0.0
0.28004667444574094,-0.28568257160654154,-0.014535035330403151,-0.9582135670308624,0.0
0.32005334222370396,-0.35830605210982236,-0.008656838897209751,-0.9335628824349521,0.0
0.360060010001667,-0.3780925166644269,-0.03145168888699509,-0.9252313255349875,0.00390625
0.40006667777962995,-0.4209849921100621,-0.0007204024031203793,-0.9070638580713859,0.0
0.4400733455575929,-0.47607196498806886,-0.025633833012647628,-0.8790267287647155,0.00390625
0.48008001333555594,-0.48701474159138647,-0.015327356877354786,-0.8732496390062143,0.0
0.520086681113519,-0.5517173704425778,-0.006539800713187799,-0.8339906687075048,0.0078125
0.5600933488914819,-0.5718218963646677,-0.028793889381913622,-0.8198500579270064,0.00390625
0.6001000166694449,-0.6063861888925296,-0.0015009348112057092,-0.7951371875720412,0.015625
0.6401066844474079,-0.6566103420374778,-0.021122889544837153,-0.7538881020502516,0.00390625
0.680113352225371,-0.6650670912644341,-0.015090160133721608,-0.7465686665813771,0.01953125
0.720120020003334,-0.7186696320895474,-0.004781427274409555,-0.6952475898512726,0.01953125
0.7601266877812969,-0.7375685870698625,-0.02454796719148751,-0.674707116087334,0.0234375
0.8001333555592599,-0.7631805877779508,-0.0023469543602354093,-0.6460242775905343,0.03125
0.8401400233372229,-0.8051031734286612,-0.01614757480301854,-0.5926983263797093,0.046875
0.8801466911151858,-0.8112706964255723,-0.013652253519348845,-0.5842369856650218,0.02734375
0.9201533588931489,-0.8514180371039249,-0.003533909839893934,-0.5241000999942935,0.05859375
0.9601600266711119,-0.8672707923575799,-0.018984931489062884,-0.4969860435003032,0.0546875
1.0001666944490748,-0.8840334264817612,-0.003049841045835666,-0.4667898096384396,0.07421875
1.040173362227038,-0.9145470795323285,-0.011141552661105225,-0.4034569713109156,0.08203125
1.0801800300050008,-0.9185652025160473,-0.010952281335392888,-0.39405862835232086,0.1015625
1.1201866977829638,-0.9438789193385735,-0.002861614587616579,-0.32878610521088186,0.08984375
1.160193365560927,-0.9546639798414932,-0.012490929935911901,-0.29546457542646204,0.140625
1.2002000333388898,-0.9632928773870154,-0.003397534969252991,-0.2659059852486482,0.12109375
1.240206701116853,-0.9798902327165947,-0.006505118187826231,-0.19546025972464243,0.203125
1.2802133688948159,-0.981753371892784,-0.007052881236654873,-0.1852070159505977,0.15234375
1.3202200366727788,-0.9918939641146077,-0.002738132296140533,-0.11861857407937842,0.1796875
1.360226704450742,-0.9955830622284496,-0.0055302420009870484,-0.08007306826953947,0.1640625
1.4002333722287048,-0.9972501751542269,-0.0032046262031983908,-0.05286383518173787,0.25
1.440240040006668,-0.9982486167594413,-0.002566156844412526,0.02116492359722949,0.26171875
1.4802467077846309,-0.997759463493455,-0.0021416575913610902,0.03221368795057572,0.2578125
1.5202533755625938,-0.9933995487954038,-0.0030566218590754035,0.09645305917288954,0.328125
1.560260043340557,-0.9881689801056042,0.0013986503249628357,0.13860397412968606,0.3359375
1.6002667111185198,-0.9843155392725094,-0.002343362120911685,0.16226311582884267,0.35546875
1.6402733788964827,-0.9690232736671202,0.0004472132488095859,0.23595998314517824,0.38671875
1.6802800466744459,-0.9657992937516426,0.0034807653699578944,0.24765770595123227,0.3671875
1.7202867144524088,-0.9485180491544241,-0.003654467420391036,0.3063056833969101,0.4296875
1.7602933822303717,-0.9329562709742749,0.00780675987568627,0.3498589451885836,0.484375
1.8003000500083348,-0.9251085623898534,-0.0007648382703356882,0.36928640804855273,0.47265625
1.8403067177862977,-0.8939026312108078,0.002419937702659969,0.438642674632401,0.5078125
1.8803133855642609,-0.8874285084372695,0.009421882283821403,0.45065440831955045,0.54296875
1.9203200533422238,-0.8595279856225322,-0.004337734940369091,0.5011086186960519,0.54296875
1.9603267211201867,-0.8328309683652366,0.01325957043733006,0.5433944432068445,0.5703125
2.0003333888981496,-0.8224351598350912,0.0014805467893136415,0.5583785075992174,0.6015625
2.0403400566761127,-0.7767572502741639,0.003347030981134369,0.6195962679711926,0.65625
2.080346724454076,-0.7664801874519892,0.015226445805569977,0.6313244579612944,0.6484375
2.1203533922320386,-0.7307532535261659,-0.0049183598901558065,0.6717739367372922,0.7265625
2.1603600600100017,-0.6928755583050656,0.017415367535280918,0.7098397078793878,0.734375
2.200366727787965,-0.6811678044937401,0.004246842540918783,0.7205390444719381,0.74609375
2.2403733955659275,-0.6234238159426613,0.00333911163242262,0.7703255992228498,0.7109375
2.2803800633438907,-0.6088779817217029,0.020436915946667494,0.7808752395768225,0.80078125
2.320386731121854,-0.5683508627935415,-0.00522682162275722,0.810367793115534,0.7734375
2.360393398899817,-0.5200973981691135,0.020061972660189636,0.8412010000864718,0.85546875
2.4004000666777796,-0.5080254983369791,0.00730217161886082,0.8480231939756331,0.86328125
2.4404067344557427,-0.44140595128471927,0.002589883344288002,0.8838382503764056,0.8828125
2.480413402233706,-0.4223534704399701,0.024620558761871872,0.8920343913654325,0.8984375
2.5204200700116686,-0.38002558446613727,-0.0051547572154541366,0.9104697888393435,0.93359375
2.5604267377896317,-0.32306896099283483,0.02112114292586019,0.9312531696914219,0.9453125
2.600433405567595,-0.3112684314579378,0.010341886739530709,0.9347186835079837,0.9375
2.6404400733455575,-0.23950307823598832,0.0013469764501378712,0.9549620611519138,0.96484375
2.6804467411235207,-0.21606382106515126,0.027416518881630162,0.9594189782845216,0.9453125
2.720453408901484,-0.17467293814034585,-0.004666507723965114,0.9674641197121532,0.94140625
2.7604600766794465,-0.11148987533779336,0.020654289265733296,0.97583099411598,0.984375
2.8004667444574096,-0.10031297961462607,0.013021440495894168,0.9764483515758388,0.9765625
2.8404734122353728,-0.027382431370693346,-0.00012012854491692988,0.98056604610899,0.9765625
2.880480080013336,-0.00013674116802611007,0.028572495770347706,0.9798050848654486,0.9765625
2.9204867477912986,0.03803087910927086,-0.003806731960644282,0.9787491107299431,0.984375
2.9604934155692617,0.10430226721795025,0.018850150869713228,0.9730152145833607,0.96875
3.000500083347225,0.1143017471016052,0.015508619358693812,0.9712238380295158,0.97265625
3.0405067511251875,0.1142848150747288,0.015476638820502656,0.9705004653097647,0.94921875
3.0805134189031507,0.11426787664472689,0.015444456948564032,0.9697773580434249,0.9609375
3.120520086681114,0.11425093329817196,0.015412284976223385,0.9690545161330835,0.96875
3.1605267544590765,0.1142339846040506,0.015380124633088625,0.9683319394813638,0.96484375
3.2005334222370396,0.11421702989515901,0.015347978202658083,0.967609627990925,0.97265625
3.2405400900150028,0.11420006886394617,0.015315846084591297,0.9668875815644621,0.9609375
3.2805467577929655,0.11418310302046836,0.015283721997401196,0.966165800104705,0.98046875
3.3205534255709286,0.11416613259329716,0.015251605438359815,0.9654442835144202,0.98046875
3.3605600933488917,0.11414915760353517,0.015219496781175915,0.9647230316964096,0.95703125
3.4005667611268544,0.11413217796154888,0.015187396798739927,0.9640020445535105,0.953125
3.4405734289048175,0.1141151934294106,0.015155306716620114,0.963281321988596,0.96484375
3.4805800966827807,0.11409820357950827,0.015123228264626932,0.9625608639045751,0.9453125
3.5205867644607434,0.11408120774939425,0.01509116372630237,0.9618406702043921,0.96484375
3.5605934322387065,0.11406420563877467,0.015059113476559832,0.9611207407910269,0.94921875
3.6006001000166696,0.11404719874248828,0.015027071244376647,0.9604010755674953,0.953125
3.6406067677946328,0.11403018728488587,0.01499503653939239,0.9596816744368485,0.95703125
3.6806134355725955,0.11401317128748238,0.014963009736024008,0.9589625373021734,0.94140625
3.7206201033505586,0.11399615066191371,0.014930991607703108,0.9582436640665926,0.94140625
3.7606267711285217,0.11397912517252945,0.014898983380363641,0.9575250546332635,0.9609375
3.8006334389064844,0.11396209439515602,0.014866986784009412,0.9568067089053801,0.953125
3.8406401066844476,0.11394505767209989,0.014835004102215867,0.9560886267861708,0.96484375
3.8806467744624107,0.11392801471024547,0.014803035685039816,0.9553708081789006,0.94140625
3.9206534422403734,0.11391096698920226,0.014771075272194518,0.9546532529868693,0.96875
3.9606601100183365,0.11389391472918571,0.014739122385556705,0.9539359611134125,0.9765625
4.000666777796299,0.1138768579521269,0.014707177400249124,0.9532189324619007,0.95703125
4.040673445574263,0.1138597965709312,0.014675241090257553,0.9525021669357409,0.94921875
4.0806801133522255,0.11384273035222885,0.014643314681860253,0.9517856644383748,0.94140625
4.120686781130188,0.11382565887528523,0.01461139990524006,0.9510694248732795,0.96875
4.160693448908152,0.1138085814871573,0.01457949904400671,0.9503534481439677,0.93359375
4.200700116686114,0.11379149790182942,0.014547612423240992,0.9496377341539882,0.9609375
4.240706784464077,0.11377440958367166,0.014515733793666458,0.9489222828069238,0.921875
4.280713452242041,0.11375731674884867,0.01448386268926638,0.9482070940063935,0.96875
4.320720120020003,0.11374021941971131,0.014451999485865077,0.9474921676560517,0.94921875
4.360726787797966,0.11372311751044079,0.014420144957970324,0.9467775036595878,0.94921875
4.40073345557593,0.11370601078994598,0.014388300332222504,0.946063101920727,0.95703125
4.440740123353892,0.113688898840929,0.014356467338989778,0.9453489623432296,0.94140625
4.480746791131855,0.11367178101519795,0.014324648261886529,0.9446350848308912,0.91796875
4.520753458909819,0.11365465703375428,0.01429284340092641,0.9439214692875427,0.92578125
4.560760126687781,0.11363752834572093,0.014261046518109992,0.9432081156170503,0.921875
4.600766794465745,0.11362039516329621,0.014229257159390113,0.9424950237233151,0.9375
4.640773462243708,0.11360325750925372,0.014197475701295263,0.9417821935102744,0.9375
4.68078013002167,0.11358611529905199,0.01416570291885888,0.9410696248819,0.95703125
4.720786797799634,0.1135689683038798,0.014133940039076254,0.9403573177421993,0.94140625
4.7607934655775965,0.11355181610987716,0.014102188792481749,0.9396452719952146,0.9140625
4.800800133355559,0.11353465807359978,0.014070451462695466,0.9389334875450237,0.95703125
4.840806801133523,0.11351749392298702,0.014038728324540426,0.9382219642957392,0.9296875
4.8808134689114855,0.1135003250919082,0.014007013151564301,0.9375107021515096,0.95703125
4.920820136689448,0.1134831517886764,0.013975305501571847,0.9367997010165179,0.92578125
4.960826804467412,0.1134659740364924,0.013943605751786988,0.9360889607949824,0.91796875
5.0008334722453744,0.11344879175209349,0.01391191467777101,0.9353784813911569,0.9375
5.040840140023337,0.1134316047089514,0.013880233506855286,0.9346682627093299,0.93359375
5.080846807801301,0.11341441249664264,0.013848563969739366,0.9339583046538253,0.9296875
5.120853475579263,0.1133972144764692,0.013816908350031944,0.9332486071290023,0.93359375
5.160860143357226,0.11338001038322527,0.013785266897270169,0.932539170039254,0.94921875
5.20086681113519,0.1133628016355216,0.013753633396818269,0.9318299932890105,0.95703125
5.240873478913152,0.1133455884378695,0.013722007418189498,0.9311210767827355,0.9296875
5.280880146691115,0.11332837081389958,0.013690389339306878,0.9304124204249284,0.9296875
5.320886814469079,0.11331114868163117,0.013658779936249636,0.9297040241201237,0.93359375
5.360893482247041,0.1132939218168184,0.013627180436692025,0.92899588777289,0.9375
5.400900150025004,0.1132766898124745,0.013595592571487326,0.9282880112878322,0.93359375
5.440906817802968,0.11325945203464581,0.013564018624219847,0.9275803945695894,0.921875
5.48091348558093,0.11324220822489947,0.013532458819029779,0.926873037522836,0.9375
5.520920153358893,0.11322495978658492,0.013500906953363125,0.9261659400522815,0.92578125
5.5609268211368565,0.113207706920491,0.01346936260832458,0.9254591020626698,0.9375
5.600933488914819,0.11319044965068249,0.013437826162527169,0.9247525234587802,0.91796875
5.640940156692782,0.11317318789646243,0.013406298392570057,0.9240462041454275,0.91796875
5.6809468244707455,0.11315592143586997,0.013374780526452364,0.92334014402746,0.87109375
5.720953492248708,0.11313864986535446,0.013343274295172847,0.9226343430097627,0.9296875
5.760960160026672,0.11312137255570318,0.013311781982293922,0.9219288009972535,0.9296875
5.8009668278046345,0.11310408925517387,0.0132803037864455,0.9212235178948865,0.91796875
5.840973495582597,0.11308680135185245,0.013248833517429746,0.9205184936076509,0.92578125
5.880980163360561,0.11306950904288673,0.013217370767799573,0.9198137280405699,0.9375
5.920986831138523,0.11305221235277847,0.013185915916862037,0.9191092210987016,0.921875
5.960993498916486,0.11303491120211755,0.013154469741725924,0.9184049726871397,0.9453125
6.00100016669445,0.11301760537122776,0.013123033470721863,0.9177009827110122,0.921875
6.041006834472412,0.11300029445999413,0.013091608834986494,0.9169972510754821,0.921875
6.081013502250375,0.11298297784394408,0.013060198118037034,0.9162937776857469,0.921875
6.121020170028339,0.11296565527794175,0.013028801492893205,0.9155905624470394,0.90234375
6.161026837806301,0.11294832813481026,0.012997412781974232,0.9148876052646266,0.8984375
6.201033505584264,0.11293099660813423,0.012966031589163665,0.9141849060438108,0.90234375
6.241040173362228,0.11291366072285629,0.012934658294454067,0.9134824646899282,0.890625
6.28104684114019,0.11289632040085507,0.012903293675465922,0.9127802811083507,0.90625
6.321053508918153,0.11287897542474139,0.012871938960842697,0.9120783552044844,0.9375
6.361060176696117,0.1128616253978356,0.01284059588185135,0.9113766868837707,0.90234375
6.401066844474079,0.11284426970040157,0.012809266721966174,0.910675276051685,0.9140625
6.441073512252042,0.11282690809382626,0.012777951628484094,0.9099741226137374,0.90625
6.4810801800300055,0.11280954193567119,0.01274664443671513,0.9092732264754734,0.92578125
6.521086847807968,0.11279217141603716,0.012715344761730224,0.9085725875424722,0.9296875
6.561093515585931,0.1127747965603108,0.012684052984211153,0.9078722057203487,0.90234375
6.6011001833638945,0.11275741729166221,0.012652769882280035,0.9071720809147513,0.90234375
6.641106851141857,0.112740033394989,0.012621496684900008,0.9064722130313642,0.921875
6.68111351891982,0.11272264447704641,0.012590235123460074,0.905772601975905,0.8984375
6.721120186697783,0.11270524992283386,0.012558987481369193,0.9050732476541269,0.8984375
6.761126854475746,0.11268784950017555,0.012527753880102115,0.9043741499718172,0.9453125
6.801133522253709,0.11267044455137563,0.012496528168119234,0.903675308834798,0.9296875
6.841140190031672,0.11265303526312687,0.012465309971562144,0.9029767241489255,0.8828125
6.881146857809635,0.11263562166126394,0.012434099671792515,0.9022783958200908,0.8984375
6.921153525587598,0.11261820367025036,0.012402898047436356,0.9015803237542198,0.86328125
6.961160193365561,0.11260078107727274,0.012371706327758206,0.9008825078572723,0.90234375
7.001166861143524,0.11258335349252066,0.012340526244261102,0.9001849480352432,0.89453125
7.041173528921487,0.11256592030572564,0.012309360080290911,0.8994876441941614,0.890625
7.08118019669945,0.11254848129106422,0.012278207931389378,0.8987905962400907,0.89453125
7.121186864477413,0.11253103777558737,0.012247063659439021,0.8980938040791291,0.921875
7.161193532255377,0.1125135899426578,0.012215926901509112,0.897397267617409,0.91015625
7.201200200033339,0.11249613781856087,0.012184798039645409,0.8967009867610979,0.89453125
7.241206867811302,0.11247868132905643,0.012153677852967275,0.8960049614163965,0.89453125
7.2812135355892655,0.11246122026361993,0.01212256757104736,0.8953091914895415,0.890625
7.321220203367228,0.11244375423587474,0.012091468925495166,0.8946136768868024,0.90625
7.361226871145191,0.11242628264028344,0.012060384199570347,0.893918417514484,0.89453125
7.4012335389231545,0.11240880525728814,0.01202931346278343,0.893223413278926,0.89453125
7.441240206701117,0.11239132339869412,0.011998250590697992,0.892528664086501,0.8984375
7.48124687447908,0.11237383724460798,0.011967195231193602,0.8918341698436173,0.87890625
7.5212535422570435,0.11235634682176991,0.01193614776699137,0.8911399304567167,0.91015625
7.561260210035006,0.11233885205723775,0.01190510897770608,0.8904459458322759,0.90234375
7.601266877812969,0.11232135274277816,0.011874080093200089,0.8897522158768055,0.89453125
7.641273545590932,0.11230384849544767,0.011843062845181447,0.8890587404968506,0.92578125
7.681280213368895,0.11228633871443641,0.011812059516826076,0.8883655195989902,0.90625
7.721286881146858,0.11226882318636575,0.011781070151503073,0.8876725530898384,0.91796875
7.761293548924821,0.11225130320780312,0.01175008863872802,0.8869798408760429,0.87109375
7.801300216702784,0.11223377895567477,0.011719114637047952,0.8862873828642861,0.8984375
7.841306884480747,0.11221625045717856,0.011688148529862934,0.8855951789612845,0.8984375
7.88131355225871,0.11219871764067328,0.011657191097273293,0.8849032290737882,0.88671875
7.921320220036673,0.1121811803002164,0.011626243569437592,0.8842115331085825,0.90234375
7.961326887814636,0.11216363805629706,0.011595307678154483,0.8835200909724864,0.890625
8.001333555592598,0.11214609031283215,0.011564385706490508,0.882828902572353,0.9140625
8.041340223370563,0.11212853686253377,0.011533477671582588,0.8821379678150699,0.89453125
8.081346891148526,0.11211097898674229,0.01150257747715196,0.8814472866075589,0.890625
8.121353558926488,0.11209341685927608,0.011471684792296717,0.8807568588567757,0.8984375
8.161360226704451,0.11207585050779437,0.011440800001089949,0.8800666844697099,0.88671875
8.201366894482414,0.11205827986195938,0.01140992388411001,0.8793767633533859,0.890625
8.241373562260376,0.11204070471812108,0.01137905767179984,0.8786870954148619,0.890625
8.28138023003834,0.1120231247002,0.011348203096047348,0.8779976805612297,0.8671875
8.321386897816303,0.11200553921683619,0.01131736243981147,0.8773085186996162,0.90625
8.361393565594266,0.11198794806674697,0.011286535693869039,0.8766196097371817,0.87890625
8.401400233372229,0.11197035251605497,0.011255716776432952,0.8759309535811206,0.85546875
8.441406901150192,0.1119527527355453,0.011224905367002911,0.8752425501386613,0.875
8.481413568928154,0.11193514875334093,0.011194101850332308,0.8745543993170668,0.87109375
8.521420236706119,0.11191754050040928,0.01116330700747991,0.8738665010236337,0.90234375
8.561426904484081,0.11189992777539437,0.01113252206916044,0.8731788551656927,0.87890625
8.601433572262044,0.11188231020564784,0.011101748767339832,0.8724914616506086,0.8515625
8.641440240040007,0.1118646872045315,0.011070989384850495,0.8718043203857798,0.90234375
8.68144690781797,0.11184705857667555,0.011040243886041667,0.8711174312786388,0.87890625
8.721453575595932,0.1118294255730018,0.011009506203845082,0.8704307942366525,0.8359375
8.761460243373897,0.11181178836133185,0.010978776028051966,0.8697444091673215,0.87109375
8.80146691115186,0.11179414697025689,0.010948053744083308,0.8690582759781804,0.8828125
8.841473578929822,0.11177650133205246,0.010917340133467866,0.8683723945767974,0.84375
8.881480246707785,0.11175885124765485,0.01088663642721235,0.8676867648707749,0.90625
8.921486914485747,0.11174119634784845,0.010855944357330456,0.8670013867677495,0.83984375
8.96149358226371,0.11172353605071313,0.01082526620653032,0.8663162601753912,0.875
9.001500250041675,0.11170587016670469,0.010794601912613125,0.865631385001404,0.87890625
9.041506917819637,0.1116881999315575,0.01076394542350375,0.8649467611535258,0.86328125
9.0815135855976,0.11167052551019958,0.010733296439167792,0.8642623885395284,0.89453125
9.121520253375563,0.11165284693169539,0.010702655345673058,0.8635782670672174,0.875
9.161526921153525,0.11163516412962944,0.010672022925026593,0.8628943966444323,0.85546875
9.20153358893149,0.11161747690723343,0.01064140040850211,0.8622107771790466,0.8671875
9.241540256709452,0.11159978489872235,0.01061078952816577,0.861527408578967,0.8984375
9.281546924487415,0.11158208752689056,0.01058019256660404,0.8608442907521348,0.8671875
9.321553592265378,0.11156438460793203,0.010549609434943326,0.8601614236065243,0.85546875
9.36156026004334,0.11154667736240706,0.01051903409639518,0.8594788070501442,0.87109375
9.401566927821303,0.11152896595242374,0.0104884662609319,0.8587964409910367,0.89453125
9.441573595599268,0.11151125040752122,0.0104579063152844,0.8581143253372777,0.87890625
9.48158026337723,0.11149353066259436,0.01042735504194646,0.8574324599969769,0.8828125
9.521586931155193,0.11147580652317313,0.010396813672427334,0.8567508448782772,0.88671875
9.561593598933156,0.11145807762689966,0.010366283938870235,0.8560694798893564,0.8515625
9.601600266711118,0.11144034340128404,0.010335768123691483,0.8553883649384251,0.86328125
9.641606934489081,0.11142260366816463,0.01030526611127403,0.8547074999337276,0.84765625
9.681613602267046,0.11140485963294827,0.010274771880351065,0.8540268847835422,0.890625
9.721620270045008,0.11138711145499097,0.010244285150784738,0.8533465193961808,0.8359375
9.761626937822971,0.11136935916430826,0.010213806309985245,0.8526664036799886,0.8671875
9.801633605600934,0.11135160269711085,0.010183336140891692,0.8519865375433449,0.87890625
9.841640273378896,0.11133384186122511,0.010152875875274733,0.8513069208946624,0.84375
9.881646941156859,0.11131607629772208,0.010122427245320906,0.8506275536423872,0.84375
9.921653608934824,0.11129830543882353,0.01009199253327936,0.8499484356949994,0.83203125
9.961660276712786,0.11128052911192042,0.010061571596701839,0.8492695669610127,0.8515625
10.001666944490749,0.11126274850728707,0.010031158430083953,0.848590947348974,0.85546875
10.041673612268712,0.11124496378159467,0.010000752763061768,0.8479125767674641,0.8046875
10.081680280046674,0.11122717496534024,0.009970354983703009,0.847234455125097,0.87109375
10.121686947824637,0.11120938199605135,0.009939965875400344,0.8465565823305203,0.890625
10.161693615602601,0.11119158468385049,0.009909586670192837,0.8458789582924153,0.85546875
10.201700283380564,0.11117378267323835,0.009879219100283377,0.8452015829194967,0.859375
10.241706951158527,0.11115597540114526,0.009848865447756178,0.8445244561205131,0.85546875
10.28171361893649,0.11113816270042426,0.009818525543214225,0.8438475778042458,0.8203125
10.321720286714452,0.1111203457462375,0.009788193397187082,0.8431709478795107,0.87890625
10.361726954492417,0.11110252469263748,0.009757868748968092,0.8424945662551558,0.83203125
10.40173362227038,0.11108469957060771,0.009727551987260687,0.8418184328400635,0.828125
10.441740290048342,0.11106687031899364,0.009697243895919874,0.8411425475431494,0.88671875
10.481746957826305,0.11104903675021656,0.009666945707228022,0.8404669102733624,0.8515625
10.521753625604267,0.11103119851220482,0.009636659153409867,0.8397915209396849,0.7890625
10.56176029338223,0.11101335504659354,0.009606386516386994,0.8391163794511328,0.7890625
10.601766961160195,0.11099550619160735,0.009576127599695627,0.8384414857167553,0.8984375
10.641773628938157,0.11097765310731793,0.00954587643017038,0.8377668396456348,0.81640625
10.68178029671612,0.11095979594522717,0.00951563275661356,0.8370924411468873,0.82421875
10.721786964494083,0.1109419347368072,0.009485396968375144,0.8364182901296622,0.8203125
10.761793632272045,0.11092406942222262,0.009455169849780586,0.8357443865031419,0.828125
10.801800300050008,0.11090619981619558,0.009424952633330909,0.8350707301765425,0.83984375
10.841806967827972,0.11088832557008062,0.009394747051277338,0.8343973210591134,0.8359375
10.881813635605935,0.11087044613021663,0.00936455538534963,0.8337241590601369,0.875
10.921820303383898,0.11085256134010582,0.009334377411931473,0.8330512440889288,0.81640625
10.96182697116186,0.11083467234475256,0.009304207174433587,0.8323785760548386,0.83203125
11.001833638939823,0.11081677929317602,0.009274044431012967,0.8317061548672483,0.82421875
11.041840306717786,0.11079888221733745,0.00924388957169462,0.8310339804355737,0.7890625
11.08184697449575,0.11078098105872591,0.009213743381232875,0.8303620526692638,0.8203125
11.121853642273713,0.11076307563436391,0.009183607092360213,0.8296903714778008,0.82421875
11.161860310051676,0.11074516559903001,0.009153482437358921,0.8290189367706999,0.84765625
11.201866977829638,0.11072725040376663,0.009123371697732363,0.8283477484575095,0.84765625
11.241873645607601,0.11070932989725722,0.009093274622645274,0.8276768064478115,0.82421875
11.281880313385564,0.11069140520946799,0.009063185272303459,0.8270061106512208,0.859375
11.321886981163528,0.11067347648699741,0.009033103414121627,0.8263356609773855,0.81640625
11.361893648941491,0.1106555437623014,0.00900302943877163,0.8256654573359868,0.828125
11.401900316719454,0.11063760697819447,0.00897296413144498,0.8249954996367392,0.8515625
11.441906984497416,0.11061966595399852,0.008942908725119346,0.8243257877893903,0.80078125
11.481913652275379,0.11060172034791874,0.008912864952062345,0.8236563217037203,0.84375
11.521920320053344,0.1105837696156956,0.008882835093572138,0.8229871012895432,0.8515625
11.561926987831306,0.11056581361110204,0.008852818871472105,0.8223181264567059,0.84375
11.601933655609269,0.1105478534490924,0.008822810363032261,0.8216493971150883,0.85546875
11.641940323387232,0.11052988927390739,0.00879280934480857,0.8209809131746034,0.875
11.681946991165194,0.1105119211185022,0.008762816208098913,0.8203126745451974,0.84375
11.721953658943157,0.11049394892701796,0.008732831738540281,0.8196446811368492,0.80859375
11.761960326721121,0.11047597252107838,0.008702857169330662,0.818976932859571,0.84765625
11.801966994499084,0.11045799156231323,0.008672894232727574,0.8183094296234079,0.83203125
11.841973662277047,0.11044000551115762,0.00864294520982637,0.8176421713384379,0.828125
11.88198033005501,0.11042201422638062,0.008613009794994186,0.8169751579147724,0.8203125
11.921986997832972,0.11040401880795277,0.008583082082833458,0.8163083892625556,0.87890625
11.961993665610935,0.11038601939782142,0.00855316185889397,0.8156418652919645,0.8203125
12.0020003333889,0.11036801602944335,0.008523249515109396,0.8149755859132093,0.84765625
12.042007001166862,0.11035000864828745,0.00849334583757052,0.814309551036533,0.83203125
12.082013668944825,0.11033199707828141,0.008463452059670737,0.8136437605722114,0.8828125
12.122020336722787,0.11031398098447774,0.008433569913662963,0.8129782144305538,0.79296875
12.16202700450075,0.11029595983200509,0.008403701680410589,0.8123129125219019,0.85546875
12.202033672278713,0.1102779334845323,0.008373847026740981,0.8116478547566299,0.85546875
12.242040340056677,0.11025990302707575,0.008344000064856624,0.810983041045146,0.8359375
12.28204700783464,0.11024186859935359,0.008314160589147336,0.8103184712978903,0.828125
12.322053675612603,0.11022383023532488,0.008284328992211185,0.8096541454253362,0.84765625
12.362060343390565,0.11020578788179124,0.008254506060551527,0.8089900633379902,0.8046875
12.402067011168528,0.1101877413649836,0.008224693027770152,0.8083262249463912,0.8046875
12.44207367894649,0.11016969035337551,0.008194891626119673,0.8076626301611111,0.80859375
12.482080346724455,0.11015163431678819,0.00816510413619679,0.8069992788927542,0.86328125
12.522087014502418,0.11013357312369221,0.008135330197224564,0.8063361710519588,0.79296875
12.56209368228038,0.11011550784418475,0.00810556393922228,0.8056733065493946,0.828125
12.602100350058343,0.11009743861581339,0.0080758051653234,0.8050106852957648,0.80078125
12.642107017836306,0.11007936547304481,0.008046054268762329,0.8043483072018053,0.82421875
12.682113685614269,0.11006128836401446,0.008016312036463198,0.8036861721782845,0.81640625
12.722120353392233,0.11004320711725575,0.007986579702249435,0.8030242801360038,0.7890625
12.762127021170196,0.11002512140466511,0.007956858998327668,0.8023626309857974,0.78515625
12.802133688948159,0.11000703070075162,0.00792715220504902,0.8017012246385322,0.78515625
12.842140356726121,0.1099889348786926,0.007897458933913033,0.8010400610051075,0.82421875
12.882147024504084,0.1099708349936989,0.0078677733330218,0.8003791399964554,0.77734375
12.922153692282048,0.10995273118120712,0.007838095214136462,0.799718461523541,0.7890625
12.962160360060011,0.10993462347619604,0.007808424971106315,0.7990580254973616,0.8359375
13.002167027837974,0.109916511828136,0.007778763391284728,0.7983978318289476,0.77734375
13.042173695615936,0.109898396067865,0.007749111708691775,0.7977378804293619,0.80859375
13.0821803633939,0.10988027587070062,0.007719471655493585,0.7970781712097001,0.78515625
13.122187031171862,0.10986215071583597,0.007689845511797988,0.7964187040810903,0.78515625
13.162193698949826,0.10984402048105975,0.007660232861267859,0.795759478954693,0.78125
13.202200366727789,0.10982588620673056,0.007630627870353256,0.7951004957417016,0.76953125
13.242207034505752,0.10980774802623486,0.007601030359296046,0.7944417543533422,0.7890625
13.282213702283714,0.10978960597506583,0.0075714407225708335,0.7937832547008733,0.8203125
13.322220370061677,0.1097714600040299,0.007541859747968352,0.7931249966955859,0.80078125
13.36222703783964,0.10975330994627176,0.0075122886696809,0.7924669802488036,0.80859375
13.402233705617604,0.10973515548052806,0.007482729219838571,0.7918092052718824,0.75390625
13.442240373395567,0.10971699609067487,0.007453183678277055,0.7911516716762115,0.79296875
13.48224704117353,0.10969883165901345,0.007423651600741176,0.7904943793732118,0.75390625
13.522253708951492,0.10968066321108622,0.007394127172294394,0.7898373282743367,0.81640625
13.562260376729455,0.10966249087828948,0.007364610221512406,0.789180518291073,0.8203125
13.602267044507418,0.10964431469663283,0.007335101143504552,0.788523949334939,0.828125
13.642273712285382,0.10962613461826236,0.007305600726476336,0.7878676213174859,0.80078125
13.682280380063345,0.10960795047862909,0.007276110204798699,0.7872115341502978,0.78515625
13.722287047841307,0.10958976195988714,0.007246631310570271,0.7865556877449902,0.796875
13.76229371561927,0.10957156855059416,0.007217166323320215,0.7859000820132118,0.7734375
13.802300383397233,0.10955337013746405,0.007187714770813314,0.7852447168666434,0.82421875
13.842307051175196,0.10953516773126365,0.007158270856940069,0.7845895922169986,0.8046875
13.88231371895316,0.10951696146145548,0.007128834418501244,0.7839347079760228,0.7890625
13.922320386731123,0.10949875136456821,0.007099405851250393,0.7832800640554948,0.8046875
13.962327054509085,0.109480537394091,0.007069985943778535,0.7826256603672245,0.80078125
14.002333722287048,0.10946231938777971,0.007040575930661215,0.7819714968230544,0.81640625
14.04234039006501,0.10944409703120761,0.007011177543920246,0.7813175733348606,0.80078125
14.082347057842973,0.10942586981760918,0.0069817930627992485,0.7806638898145499,0.74609375
14.122353725620938,0.10940763763801362,0.0069524219869657455,0.7800104461740625,0.81640625
14.1623603933989,0.1093894014884512,0.006923058539400208,0.7793572423253708,0.76171875
14.202367061176863,0.10937116149650647,0.006893702565019207,0.7787042781804793,0.80078125
14.242373728954826,0.10935291769923261,0.006864354460181134,0.7780515536514244,0.77734375
14.282380396732789,0.10933467005146191,0.0068350150138894,0.7773990686502751,0.796875
14.322387064510753,0.10931641839325738,0.006805685460893239,0.7767468230891329,0.7734375
14.362393732288716,0.1092981624136095,0.00677636753314223,0.7760948168801314,0.79296875
14.402400400066679,0.10927990161042588,0.006747063509596925,0.7754430499354368,0.7578125
14.442407067844641,0.10926163587895316,0.006717772861716799,0.7747915221672468,0.83984375
14.482413735622604,0.1092433662005254,0.006688489831835381,0.7741402334877914,0.80859375
14.522420403400567,0.10922509270090641,0.006659214272838693,0.7734891838093335,0.7734375
14.562427071178531,0.10920681541767621,0.006629946581699436,0.7728383730441676,0.80078125
14.602433738956494,0.10918853430701142,0.006600687547841641,0.7721878011046208,0.796875
14.642440406734456,0.10917024921128404,0.006571438406163491,0.7715374679030519,0.77734375
14.68244707451242,0.10915195982289978,0.006542200888547664,0.7708873733518525,0.7734375
14.722453742290382,0.10913366564443802,0.00651297727364282,0.7702375173634455,0.78515625
14.762460410068345,0.10911536657526191,0.006483767004621617,0.7695878998502867,0.77734375
14.802467077846309,0.10909706358205147,0.006454564343432077,0.7689385207248636,0.8125
14.842473745624272,0.10907875678880616,0.006425369150783471,0.7682893798996957,0.765625
14.882480413402234,0.10906044623363517,0.006396181824272491,0.7676404772873351,0.76171875
14.922487081180197,0.1090421318740625,0.0063670031537214206,0.7669918128003657,0.79296875
14.96249374895816,0.10902381355476887,0.006337834374184066,0.7663433863514036,0.7890625
15.002500416736122,0.10900549097157367,0.00630867721748048,0.7656951978530968,0.7578125
15.042507084514087,0.10898716363172652,0.006279533961912901,0.7650472472181252,0.77734375
15.08251375229205,0.10896883143860488,0.006250404022307157,0.7643995343592015,0.73046875
15.122520420070012,0.10895049534428121,0.006221281680436924,0.7637520591890692,0.78125
15.162527087847975,0.10893215547104379,0.006192166804726722,0.7631048216205054,0.8125
15.202533755625938,0.10891381185753336,0.0061630597934067,0.7624578215663176,0.7578125
15.2425404234039,0.10889546446262481,0.006133961436668209,0.761811058939346,0.77734375
15.282547091181865,0.10887711313330628,0.006104872969746086,0.7611645336524632,0.7578125
15.322553758959828,0.10885875756881194,0.006075796124352495,0.7605182456185733,0.765625
15.36256042673779,0.10884039728105695,0.0060467331784642,0.7598721947506123,0.796875
15.402567094515753,0.10882203217733367,0.00601768351844589,0.7592263809615485,0.7890625
15.442573762293716,0.10880366319515192,0.005988641446156854,0.7585808041643818,0.7578125
15.48258043007168,0.10878529045514124,0.005959606837628237,0.7579354642721443,0.7265625
15.522587097849643,0.10876691399647934,0.005930580091683513,0.7572903611978997,0.79296875
15.562593765627605,0.10874853377939188,0.0059015619989101,0.756645494854744,0.75
15.602600433405568,0.10873014965317647,0.005872553794692934,0.7560008651558044,0.73828125
15.64260710118353,0.10871176132048031,0.005843557210641639,0.7553564720142409,0.74609375
15.682613768961494,0.10869336829788057,0.005814574524409789,0.7547123153432447,0.7890625
15.722620436739458,0.10867497049648392,0.0057856050937926465,0.7540683950560394,0.78125
15.76262710451742,0.10865656883928414,0.005756643240994324,0.7534247110658798,0.76171875
15.802633772295383,0.10863816344530589,0.005727688849506885,0.7527812632860527,0.81640625
15.842640440073346,0.10861975435426587,0.005698742318757426,0.7521380516298773,0.78125
15.882647107851309,0.10860134152774209,0.005669804439737337,0.7514950760107038,0.79296875
15.922653775629271,0.10858292481734304,0.005640876447957403,0.7508523363419147,0.72265625
15.962660443407236,0.10856450392912713,0.005611960074929222,0.7502098325369243,0.80078125
16.002667111185197,0.10854607838433197,0.005583057597948348,0.7495675645091784,0.765625
16.04267377896316,0.10852764809777897,0.005554168346104255,0.7489255321721544,0.75
16.082680446741126,0.10850921397799015,0.005525286662277244,0.7482837354393621,0.7734375
16.12268711451909,0.10849077614243827,0.005496412437268124,0.7476421742243426,0.78515625
16.16269378229705,0.10847233463138166,0.005467546071117307,0.747000848440669,0.7578125
16.202700450075014,0.10845388940775337,0.005438688355197537,0.7463597580019455,0.71875
16.242707117852976,0.10843544032547275,0.0054098405251520945,0.7457189028218089,0.79296875
16.28271378563094,0.10841698709400766,0.005381004312398727,0.7450782828139273,0.78125
16.322720453408902,0.10839852923925353,0.005352181993859603,0.7444378978919998,0.69921875
16.362727121186865,0.10838006667963727,0.005323372869955522,0.7437977479697582,0.7890625
16.402733788964827,0.10836160030926742,0.005294571304337293,0.7431578329609656,0.78515625
16.44274045674279,0.10834313024411474,0.005265777195007655,0.7425181527794165,0.734375
16.482747124520753,0.10832465652498181,0.005236990942623067,0.7418787073389371,0.75390625
16.522753792298715,0.10830617911615914,0.005208213338927313,0.7412394965533861,0.78515625
16.56276046007668,0.1082876978738766,0.005179445619702987,0.7406005203366519,0.73828125
16.602767127854644,0.108269212511012,0.005150689516234947,0.7399617786026563,0.7421875
16.642773795632607,0.10825072255811467,0.0051219473050805875,0.7393232712653519,0.78515625
16.68278046341057,0.10823222793711743,0.005093218257838511,0.7386849982387231,0.70703125
16.722787131188532,0.10821372952776298,0.005064496759247118,0.7380469594367859,0.76171875
16.762793798966495,0.10819522744457016,0.005035782714390108,0.7374091547735874,0.78515625
16.802800466744458,0.10817672172888973,0.0050070765245190975,0.7367715841632068,0.7265625
16.84280713452242,0.10815821234637138,0.004978378981744774,0.7361342475197543,0.73046875
16.882813802300383,0.10813969915555666,0.004949691321970227,0.7354971447573726,0.72265625
16.922820470078346,0.10812118187273037,0.00492101527637805,0.7348602757902346,0.75390625
16.96282713785631,0.10810266003309374,0.004892353121131822,0.7342236405325455,0.73828125
17.002833805634275,0.10808413356198068,0.004863704098939485,0.7335872388985418,0.79296875
17.042840473412237,0.10806560332482332,0.004835062615833476,0.7329510708024918,0.734375
17.0828471411902,0.10804706943473753,0.0048064285838525095,0.7323151361586944,0.7109375
17.122853808968163,0.10802853193362405,0.004777802404871245,0.7316794348814808,0.7734375
17.162860476746125,0.1080099907884937,0.004749184871357003,0.7310439668852133,0.76953125
17.202867144524088,0.10799144586019942,0.004720577219346385,0.7304087320842858,0.72265625
17.24287381230205,0.10797289686843409,0.004691981179861991,0.729773730393123,0.76953125
17.282880480080014,0.10795434335304725,0.004663399028676532,0.7291389617261816,0.73046875
17.322887147857976,0.10793578524266932,0.004634829979532275,0.7285044259979501,0.7578125
17.36289381563594,0.10791722338847556,0.004606268460012464,0.7278701231229472,0.75390625
17.4029004834139,0.10789865790222701,0.004577714388996346,0.7272360530157239,0.72265625
17.442907151191864,0.1078800888263795,0.004549168168929675,0.7266022155908625,0.70703125
17.48291381896983,0.10786151612930632,0.004520630592644875,0.7259686107629759,0.75390625
17.522920486747793,0.10784293967417169,0.004492102896317707,0.7253352384467093,0.734375
17.562927154525756,0.10782435918407485,0.004463586810816014,0.7247020985567385,0.69921875
17.60293382230372,0.10780577420350994,0.004435084611523754,0.724069191007771,0.734375
17.64294049008168,0.10778718466430143,0.004406595483082976,0.7234365157145454,0.7421875
17.682947157859644,0.10776859140342315,0.004378113874881628,0.7228040725918317,0.734375
17.722953825637607,0.1077499945313285,0.004349639712526009,0.722171861554431,0.75390625
17.76296049341557,0.10773139409103075,0.00432117339904264,0.7215398825171763,0.71484375
17.802967161193532,0.10771279005226708,0.004292715727636329,0.7209081353949311,0.7265625
17.842973828971495,0.10769418228051547,0.004264267934568633,0.72027662010259,0.6796875
17.882980496749457,0.10767557050227958,0.004235831750556321,0.7196453365550795,0.74609375
17.92298716452742,0.10765695426669487,0.004207409450597215,0.7190142846673575,0.7265625
17.962993832305386,0.10763833350867394,0.004179000190160272,0.718383464354412,0.78125
18.00300050008335,0.10761970905104623,0.004150598440691336,0.7177528755312632,0.765625
18.04300716786131,0.1076010810030063,0.004122204134349314,0.7171225181129621,0.7421875
18.083013835639274,0.10758244940812728,0.004093817674750935,0.7164923920145914,0.75390625
18.123020503417237,0.10756381423751167,0.004065439855481828,0.7158624971512637,0.734375
18.1630271711952,0.10754517535895085,0.004037071912894999,0.7152328334381237,0.76171875
18.203033838973163,0.1075265325023515,0.00400871557756121,0.7146034007903475,0.70703125
18.243040506751125,0.10750788522148924,0.003980373124033182,0.7139741991231412,0.79296875
18.283047174529088,0.10748923345425826,0.003952043678533714,0.7133452283517435,0.7578125
18.32305384230705,0.10747057800940231,0.003923721734820834,0.712716488391423,0.73046875
18.363060510085013,0.10745191899490247,0.0038954072314920374,0.7120879791574798,0.7578125
18.40306717786298,0.10743325645489435,0.0038671005727639943,0.711459700565245,0.69140625
18.443073845640942,0.10741459036184926,0.0038388025525493627,0.7108316525300812,0.7578125
18.483080513418905,0.10739592058587209,0.00381051440729948,0.7102038349673817,0.734375
18.523087181196868,0.10737724686027074,0.0037822378674434685,0.7095762477925707,0.74609375
18.56309384897483,0.10735856874345723,0.003753975207091545,0.7089488909211032,0.75390625
18.603100516752793,0.10733988617620094,0.003725725523148697,0.7083217642684666,0.7265625
18.643107184530756,0.10732119995322233,0.0036974833318632883,0.7076948677501775,0.70703125
18.68311385230872,0.10730251018133245,0.0036692485781952017,0.7070682012817848,0.6953125
18.72312052008668,0.10728381690523314,0.003641021666933149,0.7064417647788677,0.6953125
18.763127187864644,0.1072651200987655,0.0036128033923384234,0.7058155581570367,0.7265625
18.803133855642606,0.1072464196343478,0.0035845949909663957,0.7051895813319331,0.69921875
18.84314052342057,0.10722771524868997,0.0035563981930358465,0.7045638342192295,0.7109375
18.883147191198535,0.10720900650483582,0.003528215272253814,0.7039383167346288,0.765625
18.923153858976498,0.10719029334632384,0.0035000452960988505,0.7033130287938657,0.70703125
18.96316052675446,0.10717157655391124,0.0034718828035981003,0.7026879703127051,0.68359375
19.003167194532423,0.10715285623328552,0.003443727745887408,0.702063141206943,0.75390625
19.043173862310386,0.1071341324297173,0.0034155805283373544,0.7014385413924066,0.69921875
19.08318053008835,0.10711540511841824,0.003387441945577375,0.7008141707849536,0.7109375
19.12318719786631,0.1070966741741213,0.0033593132342370075,0.7001900293004724,0.75390625
19.163193865644274,0.1070779393369356,0.0033311961243658594,0.699566116854883,0.75
19.203200533422237,0.10705920017453545,0.0033030928891962866,0.6989424333641361,0.6796875
19.2432072012002,0.10704045663312071,0.0032750025667111493,0.6983189787442122,0.7109375
19.283213868978162,0.10702170947954831,0.0032469197189660603,0.697695752911124,0.703125
19.32322053675613,0.10700295881842517,0.0032188443031604466,0.6970727557809142,0.70703125
19.36322720453409,0.1069842046955932,0.0031907767252553343,0.6964499872696567,0.69921875
19.403233872312054,0.10696544708763821,0.003162717780195848,0.6958274472934557,0.71875
19.443240540090017,0.10694668587160745,0.0031346687046919335,0.6952051357684471,0.7578125
19.48324720786798,0.1069279207910076,0.0031066312286286233,0.6945830526107968,0.72265625
19.523253875645942,0.10690915141814002,0.003078607624766354,0.6939611977367017,0.734375
19.563260543423905,0.10689037770175777,0.0030505969015214157,0.6933395710623891,0.703125
19.603267211201867,0.10687160039488353,0.003022593644167057,0.6927181725041178,0.71875
19.64327387897983,0.10685281960108585,0.0029945978158529944,0.6920970019781766,0.69921875
19.683280546757793,0.10683403536678074,0.002966609823141394,0.6914760594008854,0.671875
19.723287214535755,0.10681524766992916,0.002938630461300225,0.690855344688595,0.70703125
19.763293882313718,0.10679645638989294,0.0029106609671263953,0.690234857757686,0.640625
19.803300550091684,0.10677766127357621,0.0028827030702842787,0.6896145985245707,0.6953125
19.843307217869647,0.10675886189790393,0.002854759043064185,0.6889945669056918,0.68359375
19.88331388564761,0.10674005821407365,0.002826827864246543,0.6883747628175225,0.72265625
19.923320553425572,0.10672125096133941,0.0027989041425712582,0.6877551861765664,0.69140625
19.963327221203535,0.10670244024227321,0.002770987847026042,0.6871358368993585,0.73046875
20.003333888981498,0.10668362610386906,0.002743079384722069,0.6865167149024636,0.72265625
20.04334055675946,0.10666480852546459,0.0027151795512585157,0.6858978201024775,0.6796875
20.083347224537423,0.10664598738873618,0.0026872895835255775,0.6852791524160268,0.734375
20.123353892315386,0.10662716244398379,0.002659411210970755,0.6846607117597684,0.67578125
20.16336056009335,0.10660833327275235,0.002631546705418042,0.6840424980503897,0.68359375
20.20336722787131,0.10658949982857635,0.0026036950158816845,0.6834245112046089,0.69921875
20.243373895649274,0.10657066283700833,0.002575850774816254,0.6828067511391751,0.73046875
20.28338056342724,0.10655182239966435,0.002548013956935373,0.6821892177708669,0.68359375
20.323387231205203,0.10653297856411917,0.002520184969907982,0.6815719110164947,0.6328125
20.363393898983166,0.10651413131108853,0.002492364609672691,0.6809548307928985,0.70703125
20.40340056676113,0.10649528052456461,0.0024645541131585666,0.6803379770169492,0.72265625
20.44340723453909,0.1064764259582417,0.002436755209601238,0.6797213496055482,0.6953125
20.483413902317054,0.10645756719828112,0.0024089701703599448,0.6791049484756275,0.69921875
20.523420570095016,0.10643870420044471,0.0023811979146148438,0.6784887735441492,0.73046875
20.56342723787298,0.10641983767665199,0.0023534330987823107,0.6778728247281056,0.69140625
20.60343390565094,0.10640096772760459,0.0023256757031284957,0.6772571019445207,0.69921875
20.643440573428904,0.1063820944014605,0.002297926135890676,0.676641605110448,0.71875
20.683447241206867,0.10636321768031495,0.0022701851933541253,0.6760263341429718,0.703125
20.723453908984833,0.106344337450476,0.0022424541124934846,0.6754112889592062,0.68359375
20.763460576762796,0.10632545346903045,0.0022147346223363312,0.6747964694762966,0.71484375
20.80346724454076,0.10630656532675399,0.0021870289937192967,0.6741818756114183,0.72265625
20.84347391231872,0.10628767298152564,0.0021593361159207465,0.6735675072817771,0.7421875
20.883480580096684,0.10626877713170194,0.0021316506695651175,0.6729533644046088,0.67578125
20.923487247874647,0.10624987787710924,0.0021039726403594555,0.6723394468971805,0.6796875
20.96349391565261,0.10623097526649129,0.0020763024371180036,0.6717257546767889,0.6875
21.003500583430572,0.10621206928332551,0.002048640856420457,0.6711122876607613,0.71484375
21.043507251208535,0.10619315981623592,0.002020989135292691,0.6704990457664547,0.67578125
21.083513918986498,0.10617424662570007,0.0019933490025598813,0.6698860289112578,0.63671875
21.12352058676446,0.10615532930710453,0.0019657227285379136,0.6692732370125887,0.703125
21.163527254542423,0.1061364078203349,0.0019381091725361177,0.6686606699878954,0.6796875
21.20353392232039,0.10611748285025734,0.001910503039572493,0.6680483277546574,0.62109375
21.243540590098352,0.10609855449586118,0.00188290432068252,0.6674362102303834,0.73828125
21.283547257876315,0.10607962280647878,0.0018553134252668607,0.6668243173326128,0.66796875
21.323553925654277,0.10606068776697107,0.0018277311502075608,0.6662126489789157,0.69140625
21.36356059343224,0.10604174926827786,0.001800158732588309,0.6656012050868916,0.67578125
21.403567261210203,0.10602280707426717,0.001772597900975354,0.6649899855741703,0.6796875
21.443573928988165,0.10600386078493278,0.0017450509251665594,0.6643789903584125,0.703125
21.483580596766128,0.10598491036205597,0.001717516634435659,0.663768219357309,0.74609375
21.52358726454409,0.10596595647708519,0.0016899897584381832,0.6631576724885803,0.64453125
21.563593932322053,0.10594699922821046,0.0016624702934277188,0.6625473496699774,0.7109375
21.603600600100016,0.10592803866535627,0.0016349586493396,0.6619372508192817,0.69140625
21.64360726787798,0.10590907477476855,0.0016074556233661025,0.6613273758543041,0.66015625
21.683613935655945,0.10589010744970298,0.0015799624526552786,0.6607177246928864,0.640625
21.723620603433908,0.1058711364574163,0.00155248086551827,0.6601082972529004,0.63671875
21.76362727121187,0.10585216140250607,0.0015250131312376063,0.6594990934522476,0.71484375
21.803633938989833,0.1058331822485388,0.001497558048913248,0.6588901132088595,0.703125
21.843640606767796,0.10581419965361885,0.0014701103731183524,0.6582813564406985,0.6796875
21.88364727454576,0.10579521371517446,0.0014426701051764579,0.6576728230657569,0.7421875
21.92365394232372,0.10577622448372466,0.0014152376555792087,0.657064513002057,0.6875
21.963660610101684,0.10575723194690165,0.0013878138218368346,0.6564564261676508,0.7109375
22.003667277879646,0.10573823600027822,0.0013603998410952022,0.6558485624806204,0.64453125
22.04367394565761,0.10571923641449761,0.0013329974414521759,0.6552409218590788,0.65625
22.083680613435572,0.10570023279875818,0.0013056088916404904,0.6546335042211685,0.6796875
22.123687281213538,0.10568122511829921,0.0012782329605574988,0.6540263094850616,0.6953125
22.1636939489915,0.10566221401795774,0.0012508644278640482,0.6534193375689608,0.6640625
22.203700616769463,0.10564319959443585,0.0012235032998427244,0.6528125883910986,0.7109375
22.243707284547426,0.10562418189884984,0.0011961499875625808,0.6522060618697378,0.6328125
22.28371395232539,0.10560516092022018,0.0011688052888236267,0.6515997579231709,0.62890625
22.32372062010335,0.10558613655643624,0.001141470440812118,0.6509936764697203,0.6953125
22.363727287881314,0.10556710858152699,0.001114147171344336,0.6503878174277385,0.65625
22.403733955659277,0.1055480766092881,0.0010868377486059552,0.6497821807156084,0.73828125
22.44374062343724,0.1055290406065193,0.0010595409112262241,0.6491767662517419,0.65234375
22.483747291215202,0.10551000120486687,0.0010322514641971023,0.6485715739545819,0.6484375
22.523753958993165,0.1054909585003426,0.0010049694186484992,0.6479666037426003,0.6484375
22.563760626771128,0.10547191254466312,0.0009776951861759971,0.6473618555342995,0.69140625
22.603767294549094,0.10545286332823868,0.0009504295648775155,0.6467573292482113,0.66796875
22.643773962327057,0.10543381075127511,0.0009231737919852545,0.6461530248028982,0.71875
22.68378063010502,0.10541475459118559,0.0008959295950385984,0.6455489421169518,0.66015625
22.723787297882982,0.10539569446635953,0.0008686992416785284,0.6449450811089937,0.703125
22.763793965660945,0.10537663034504494,0.0008414814401425247,0.644341441697676,0.65234375
22.803800633438907,0.10535756284577574,0.0008142710209940451,0.6437380238016804,0.6796875
22.84380730121687,0.10533849206390783,0.0007870680000998526,0.6431348273397178,0.6484375
22.883813968994833,0.10531941805176082,0.0007598727895911858,0.6425318522305293,0.6953125
22.923820636772795,0.10530034080113618,0.0007326861878709252,0.641929098392886,0.6640625
22.963827304550758,0.10528126021455686,0.0007055094321648074,0.6413265657455887,0.72265625
23.00383397232872,0.10526217607281856,0.0006783442497391781,0.6407242542074683,0.6953125
23.043840640106687,0.10524308799890103,0.0006511929076929504,0.6401221636973847,0.671875
23.08384730788465,0.10522399596238705,0.0006240540838076056,0.6395202941342282,0.625
23.123853975662612,0.10520490056877808,0.0005969226344588021,0.6389186454369191,0.734375
23.163860643440575,0.10518580191280823,0.0005697985800795155,0.6383172175244068,0.671875
23.203867311218538,0.10516670004740276,0.0005426823333458536,0.6377160103156709,0.640625
23.2438739789965,0.10514759496575601,0.0005155746929736693,0.63711502372972,0.69140625
23.283880646774463,0.10512848657270789,0.0004884768961877783,0.6365142576855933,0.6875
23.323887314552426,0.10510937465243499,0.0004613906699862765,0.6359137121023594,0.640625
23.36389398233039,0.10509025883250432,0.00043431828086781116,0.635313386899117,0.66015625
23.40390065010835,0.10507113908371979,0.00040725837609631443,0.6347132819949931,0.68359375
23.443907317886314,0.10505201599863129,0.00038020583809836306,0.6341133973091462,0.62109375
23.483913985664277,0.10503288967138427,0.0003531606917627876,0.6335137327607634,0.67578125
23.523920653442243,0.10501376015551234,0.00032612335031979595,0.6329142882690617,0.68359375
23.563927321220206,0.10499462744560435,0.0002990946127456387,0.6323150637532876,0.69921875
23.60393398899817,0.10497549144881728,0.0002720757162707893,0.6317160591327172,0.69140625
23.64394065677613,0.10495635195270707,0.0002450683876292492,0.6311172743266567,0.66015625
23.683947324554094,0.10493720858942446,0.00021807489272226976,0.6305187092544411,0.64453125
23.723953992332056,0.10491806133088025,0.00019109384823328378,0.629920363835436,0.7421875
23.76396066011002,0.1048989107567555,0.00016412016281875524,0.6293222379890361,0.6953125
23.80396732788798,0.10487975696063914,0.00013715386571320348,0.6287243316346651,0.69921875
23.843973995665944,0.10486059999667588,0.0001101953707094705,0.6281266446917774,0.66015625
23.883980663443907,0.10484143986085047,8.324547705302991e-05,0.627529177079856,0.64453125
23.92398733122187,0.10482227646263714,5.6305421985577975e-05,0.6269319287184139,0.66015625
23.963993998999833,0.10480310959296973,2.9376931921828997e-05,0.6263348995269937,0.64453125
24.0040006667778,0.10478393888857904,2.4622721681785698e-06,0.6257380894251675,0.609375
24.04400733455576,0.10476476432236828,-2.4439971234684055e-05,0.6251414983325361,0.65625
24.084014002333724,0.10474558646123343,-5.133486316242879e-05,0.6245451261687311,0.65234375
24.124020670111687,0.1047264053982384,-7.822237014488975e-05,0.6239489728534131,0.59375
24.16402733788965,0.10470722118814174,-0.00010510207787701314,0.6233530383062718,0.60546875
24.204034005667612,0.10468803382832563,-0.00013197318683678266,0.6227573224470266,0.65625
24.244040673445575,0.10466884323058166,-0.00015883445976500737,0.6221618251954267,0.66015625
24.284047341223538,0.10464964918921975,-0.00018568417056178755,0.6215665464712504,0.69140625
24.3240540090015,0.10463045134554749,-0.0002125200545139462,0.6209714861943055,0.68359375
24.364060676779463,0.10461124967334542,-0.00023934355634288446,0.6203766442844291,0.67578125
24.404067344557426,0.10459204472680944,-0.00026615971422029594,0.6197820206614877,0.6640625
24.444074012335392,0.10457283659850927,-0.0002929684905498761,0.6191876152453775,0.62109375
24.484080680113355,0.10455362534382,-0.00031976947050589826,0.618593427956024,0.6484375
24.524087347891317,0.10453441096152286,-0.00034656185428193903,0.6179994587133822,0.67578125
24.56409401566928,0.10451519336572654,-0.0003733444046665063,0.6174057074374361,0.671875
24.604100683447243,0.10449597235411562,-0.000400115395834566,0.6168121740481992,0.64453125
24.644107351225205,0.10447674757257096,-0.00042687256369906834,0.6162188584657144,0.65234375
24.684114019003168,0.10445751899563482,-0.0004536173837926989,0.6156257606100541,0.6484375
24.72412068678113,0.10443828716488959,-0.0004803548673470645,0.6150328804013199,0.69140625
24.764127354559093,0.1044190521724406,-0.0005070849728212937,0.6144402177596429,0.671875
24.804134022337056,0.10439981407428237,-0.0005338072848231137,0.613847772605183,0.6171875
24.84414069011502,0.10438057287059636,-0.0005605210032903207,0.6132555448581299,0.65625
24.88414735789298,0.10436132847780875,-0.0005872248910172885,0.6126635344387024,0.6640625
24.924154025670948,0.10434208069697691,-0.0006139172225205075,0.6120717412671483,0.6875
24.96416069344891,0.10432282917855135,-0.0006405957343373278,0.6114801652637449,0.71484375
25.004167361226873,0.10430357389772033,-0.0006672619328593407,0.6108888063487994,0.671875
25.044174029004836,0.10428431538354048,-0.0006939208021788865,0.6102976644426472,0.63671875
25.0841806967828,0.10426505372768193,-0.0007205722968838223,0.6097067394656537,0.66015625
25.12418736456076,0.10424578898676101,-0.0007472160010783269,0.6091160313382128,0.66796875
25.164194032338724,0.10422652116236106,-0.0007738511144364107,0.6085255399807483,0.62890625
25.204200700116687,0.10420725017322574,-0.0008004763997522465,0.6079352653137129,0.57421875
25.24420736789465,0.10418797582378364,-0.0008270901318800867,0.6073452072575884,0.640625
25.284214035672612,0.1041686977690515,-0.0008536900479781326,0.6067553657328859,0.6796875
25.324220703450575,0.10414941598474681,-0.0008802776854160352,0.606165740660146,0.625
25.364227371228537,0.1041301309874894,-0.0009068580009127802,0.6055763319599377,0.66015625
25.404234039006504,0.10411084286854295,-0.0009334309452939185,0.6049871395528595,0.64453125
25.444240706784466,0.10409155168514833,-0.0009599961021516305,0.6043981633595394,0.59765625
25.48424737456243,0.10407225744029218,-0.0009865526708882737,0.6038094033006345,0.68359375
25.52425404234039,0.10405296005503537,-0.0010130994143510222,0.6032208592968304,0.58203125
25.564260710118354,0.10403365933717604,-0.0010396346077271579,0.6026325312688421,0.65234375
25.604267377896317,0.10401435494629366,-0.0010661559887941326,0.602044419137414,0.6953125
25.64427404567428,0.1039950468585183,-0.0010926651259578358,0.601456522823319,0.65625
25.684280713452242,0.10397573557812356,-0.00111916694833087,0.6008688422473596,0.65625
25.724287381230205,0.10395642119599377,-0.0011456614031452109,0.600281377330367,0.62890625
25.764294049008168,0.1039371037699969,-0.0011721480734708523,0.599694127993202,0.5546875
25.80430071678613,0.1039177833045247,-0.001198626158431526,0.5991070941567538,0.60546875
25.844307384564097,0.10389845972295515,-0.0012250944209210093,0.5985202757419409,0.65234375
25.88431405234206,0.10387913283645442,-0.001251551136455975,0.5979336726697112,0.69140625
25.924320720120022,0.10385980230916078,-0.0012779940434895845,0.5973472848610408,0.64453125
25.964327387897985,0.10384046811749947,-0.0013044247415218702,0.5967611122369353,0.63671875
26.004334055675947,0.10382113075348978,-0.0013308481318269737,0.5961751547184291,0.6796875
26.04434072345391,0.1038017903076636,-0.0013572641581516692,0.5955894122265861,0.62890625
26.084347391231873,0.10378244683851891,-0.0013836724030354686,0.5950038846824985,0.6328125
26.124354059009836,0.1037631003518533,-0.0014100720653747456,0.5944185720072874,0.625
26.1643607267878,0.10374375077336204,-0.0014364619081043764,0.5938334741221039,0.6171875
26.20436739456576,0.10372439791757779,-0.0014628402070648375,0.5932485909481265,0.6796875
26.244374062343724,0.10370504145319402,-0.0014892047013833273,0.592663922406564,0.61328125
26.284380730121686,0.10368568135681375,-0.0015155570217113834,0.5920794684186532,0.59765625
26.324387397899653,0.10366631810829413,-0.0015419020413121806,0.5914952289056603,0.59765625
26.364394065677615,0.10364695179784092,-0.0015682397005562093,0.5909112037888803,0.63671875
26.404400733455578,0.10362758248458495,-0.0015945695814435358,0.5903273929896373,0.63671875
26.44440740123354,0.10360821017573114,-0.0016208908826355548,0.5897437964292834,0.6171875
26.484414069011503,0.1035888347992922,-0.0016472023671017938,0.5891604140292003,0.625
26.524420736789466,0.10356945617316482,-0.001673502311061996,0.5885772457107985,0.63671875
26.56442740456743,0.10355007397059414,-0.0016997884543145832,0.587994291395517,0.6015625
26.60443407234539,0.1035306881682431,-0.0017260624587194344,0.5874115510048245,0.6015625
26.644440740123354,0.10351129923390107,-0.0017523291692989953,0.586829024460217,0.6796875
26.684447407901317,0.10349190725747327,-0.001778588523154559,0.5862467116832206,0.6171875
26.72445407567928,0.10347251229872519,-0.0018048401017973642,0.58566461259539,0.609375
26.764460743457242,0.10345311436627061,-0.0018310831036461757,0.5850827271183086,0.58203125
26.80446741123521,0.1034337133904398,-0.0018573162916990776,0.5845010551735879,0.66015625
26.84447407901317,0.10341430919249191,-0.0018835379425512014,0.583919596682869,0.6328125
26.884480746791134,0.10339490145022048,-0.0019097457966697484,0.5833383515678215,0.6328125
26.924487414569096,0.10337549014022879,-0.001935941547237717,0.5827573197501437,0.63671875
26.96449408234706,0.10335607571833415,-0.0019621300108071706,0.5821765011515628,0.66015625
27.004500750125022,0.10333665827416601,-0.001988311121318906,0.5815958956938341,0.60546875
27.044507417902985,0.10331723786812738,-0.002014484459786095,0.5810155032987427,0.671875
27.084514085680947,0.10329781451024247,-0.002040649224377508,0.5804353238881015,0.69140625
27.12452075345891,0.10327838813315825,-0.0020668041781730442,0.5798553573837523,0.62109375
27.164527421236873,0.10325895856149461,-0.0020929475981377177,0.5792756037075657,0.6328125
27.204534089014835,0.10323952547759002,-0.0021190772254058715,0.578696062781441,0.66796875
27.2445407567928,0.10322008885786943,-0.0021451947845387773,0.578116734527306,0.62109375
27.284547424570764,0.10320064914627507,-0.0021713050633902775,0.5775376188671174,0.6171875
27.324554092348727,0.10318120643218331,-0.002197407992918586,0.5769587157228604,0.64453125
27.36456076012669,0.10316176077663806,-0.00222350315359484,0.5763800250165486,0.5859375
27.404567427904652,0.10314231219107503,-0.0022495897433654627,0.5758015466702247,0.65625
27.444574095682615,0.10312286061045806,-0.0022756665253741704,0.5752232806059597,0.6640625
27.484580763460578,0.10310340586276642,-0.002301731776952247,0.574645226745853,0.6171875
27.52458743123854,0.10308394763487845,-0.0023277832399688954,0.5740673850120331,0.61328125
27.564594099016503,0.10306448590292232,-0.0023538226703839617,0.5734897553266565,0.62890625
27.604600766794466,0.1030450210990628,-0.002379854827159522,0.5729123376119086,0.55078125
27.64460743457243,0.1030255533124472,-0.0024058796383441064,0.5723351317900034,0.6015625
27.68461410235039,0.10300608260476166,-0.0024318966839284722,0.5717581377831837,0.59375
27.724620770128357,0.10298660898885491,-0.002457905161628929,0.5711813555137203,0.6640625
27.76462743790632,0.10296713240200812,-0.0024839038346358535,0.5706047849039122,0.60546875
27.804634105684283,0.10294765267555754,-0.002509890980677394,0.5700284258760882,0.625
27.844640773462245,0.10292816950091888,-0.002535864342320192,0.5694522783526045,0.5703125
27.884647441240208,0.10290868285380214,-0.0025618257070468553,0.568876342255846,0.671875
27.92465410901817,0.10288919315469432,-0.0025877798047017307,0.5683006175082266,0.59375
27.964660776796133,0.10286970049253619,-0.002613726560530681,0.5677251040321881,0.60546875
28.004667444574096,0.10285020492965902,-0.002639665554035317,0.5671498017502009,0.6328125
28.04467411235206,0.1028307064803261,-0.0026655959826948974,0.5665747105847639,0.55078125
28.08468078013002,0.10281120508413465,-0.0026915166097979323,0.5659998304584045,0.59765625
28.124687447907984,0.10279170057577637,-0.0027174257134657473,0.5654251612936784,0.609375
28.164694115685947,0.10277219265120091,-0.002743321036960098,0.5648507030131698,0.5859375
28.204700783463913,0.10275268128558018,-0.0027692043993395934,0.5642764555394912,0.59375
28.244707451241876,0.1027331668878241,-0.0027950805011058982,0.5637024187952838,0.671875
28.28471411901984,0.10271364954668742,-0.0028209492648674506,0.5631285927032169,0.6015625
28.3247207867978,0.10269412932514925,-0.002846810269627893,0.5625549771859885,0.61328125
28.364727454575764,0.10267460623888912,-0.0028726627126218485,0.5619815721663242,0.625
28.404734122353727,0.10265508022982048,-0.0028985053572304215,0.5614083775669787,0.58984375
28.44474079013169,0.1026355511359889,-0.0029243364819636353,0.5608353933107351,0.671875
28.484747457909652,0.10261601865787287,-0.002950153830834565,0.5602626193204042,0.6015625
28.524754125687615,0.10259648276998591,-0.002975959254531337,0.5596900555188258,0.65234375
28.564760793465577,0.102576943869763,-0.003001757423986985,0.5591177018288678,0.640625
28.60476746124354,0.10255740204579392,-0.003027548259279901,0.558545558173426,0.59375
28.644774129021506,0.10253785736170862,-0.0030533313389068256,0.5579736244754249,0.6328125
28.68478079679947,0.10251830983460278,-0.003079105859909257,0.5574019006578174,0.625
28.72478746457743,0.10249875940870612,-0.0031048705857546796,0.5568303866435841,0.60546875
28.764794132355394,0.10247920592541673,-0.0031306237953376143,0.5562590823557343,0.59375
28.804800800133357,0.10245964908973842,-0.0031563632334200772,0.5556879877173058,0.6328125
28.84480746791132,0.10244008887540544,-0.0031820907823717284,0.5551171026513639,0.63671875
28.884814135689282,0.10242052566847977,-0.003207811083392253,0.554546427081003,0.62890625
28.924820803467245,0.10240095955740651,-0.0032335240541362205,0.5539759609293451,0.56640625
28.964827471245208,0.10238139060646914,-0.003259229272585422,0.5534057041195405,0.609375
29.00483413902317,0.1023618188341813,-0.003284925935579497,0.5528356565747682,0.59375
29.044840806801133,0.10234224418708918,-0.003310612806667085,0.5522658182182342,0.59375
29.084847474579096,0.10232266650993987,-0.003336288165181167,0.551696188973174,0.59765625
29.124854142357062,0.10230308551225911,-0.0033619497566301244,0.5511267687628506,0.58203125
29.164860810135025,0.10228350116688098,-0.0033875994951174937,0.5505575575105554,0.61328125
29.204867477912988,0.10226391384859872,-0.0034132419918865148,0.5499885551396078,0.546875
29.24487414569095,0.10224432364573263,-0.003438877162274194,0.5494197615733553,0.67578125
29.284880813468913,0.10222473062322088,-0.003464504583796619,0.5488511767351735,0.56640625
29.324887481246876,0.10220513480099655,-0.003490123453084845,0.5482828005484667,0.62890625
29.36489414902484,0.10218553612792243,-0.0035157325337624584,0.5477146329366666,0.5703125
29.4049008168028,0.10216593445209315,-0.003541330105596638,0.5471466738232331,0.62890625
29.444907484580764,0.102146329487553,-0.003566913914840493,0.5465789231316543,0.640625
29.484914152358726,0.10212672120611235,-0.0035924859074393228,0.546011380785447,0.61328125
29.52492082013669,0.10210710997140159,-0.0036180506644587426,0.5454440467081545,0.56640625
29.564927487914655,0.10208749587163524,-0.003643608099024004,0.5448769208233497,0.62890625
29.604934155692618,0.10206787897240899,-0.003669157788177453,0.544310003054633,0.62109375
29.64494082347058,0.10204825929507692,-0.003694698928333892,0.543743293325633,0.63671875
29.684947491248543,0.10202863679081675,-0.003720230283243975,0.5431767915600055,0.6015625
29.724954159026506,0.10200901131106907,-0.003745750133104943,0.5426104976814353,0.60546875
29.76496082680447,0.10198938257439338,-0.0037712562249120687,0.5420444116136347,0.5390625
29.80496749458243,0.10196975055145426,-0.003796750536503371,0.5414785332803445,0.609375
29.844974162360394,0.10195011559482645,-0.0038222376185457936,0.5409128626053328,0.5859375
29.884980830138357,0.10193047779263492,-0.0038477173821171973,0.540347399512396,0.61328125
29.92498749791632,0.10191083721113578,-0.00387318940377631,0.539782143925359,0.5859375
29.964994165694282,0.10189119387310577,-0.003898652879714977,0.5392170957680733,0.609375
30.005000833472245,0.10187154773203771,-0.003924106573805042,0.53865225496442,0.59375
30.04500750125021,0.10185189864271658,-0.003949548766669291,0.5380876214383069,0.59765625
30.085014169028174,0.10183224632821099,-0.003974977206113036,0.5375231951136701,0.625
30.125020836806137,0.10181259075791885,-0.00400039390188188,0.5369589759144736,0.6015625
30.1650275045841,0.10179293227346645,-0.004025803374058716,0.5363949637647095,0.5546875
30.205034172362062,0.10177327096290714,-0.004051205531767854,0.5358311585883976,0.59765625
30.245040840140025,0.10175360689316014,-0.004076599951076367,0.5352675603095856,0.578125
30.285047507917987,0.10173394008842408,-0.00410198582801502,0.5347041688523488,0.61328125
30.32505417569595,0.10171427050450826,-0.004127361926536274,0.5341409841407911,0.6015625
30.365060843473913,0.10169459799953931,-0.004152726527719572,0.5335780060990436,0.61328125
30.405067511251875,0.10167492230109275,-0.004178077380142031,0.5330152346512654,0.5859375
30.445074179029838,0.10165524337717463,-0.00420341652557598,0.5324526697216436,0.53515625
30.4850808468078,0.10163556155857222,-0.004228748453301574,0.5318903112343931,0.5859375
30.525087514585767,0.1016158769332845,-0.004254073070582731,0.5313281591137563,0.6015625
30.56509418236373,0.10159618956889557,-0.004279389953021739,0.5307662132840036,0.62109375
30.605100850141692,0.10157649949102884,-0.004304698296445912,0.5302044736694334,0.578125
30.645107517919655,0.10155680665780757,-0.004329996864951923,0.5296429401943713,0.58984375
30.685114185697618,0.10153711093069834,-0.004355283940071342,0.5290816127831712,0.546875
30.72512085347558,0.10151741204178041,-0.0043805572711514695,0.5285204913602148,0.5625
30.765127521253543,0.1014977099575447,-0.004405818932039528,0.5279595758499114,0.5703125
30.805134189031506,0.10147800499805032,-0.004431073380994965,0.527398866176698,0.56640625
30.84514085680947,0.10145829725125592,-0.004456320523584803,0.526838362265039,0.6015625
30.88514752458743,0.10143858678541304,-0.004481559934936697,0.5262780640394265,0.6015625
30.925154192365394,0.10141887362757171,-0.004506790810667918,0.5257179714243816,0.5859375
30.96516086014336,0.10139915773816922,-0.004532011915013012,0.5251580843444519,0.5703125
31.005167527921323,0.10137943898201073,-0.0045572215299522975,0.5245984027242125,0.546875
31.045174195699285,0.10135971709567326,-0.004582417405658376,0.524038926488267,0.58984375
31.085180863477248,0.10133999204400926,-0.0046076016481010895,0.5234796555612461,0.515625
31.12518753125521,0.10132026413646193,-0.004632778684302362,0.5229205898678082,0.63671875
31.165194199033174,0.10130053346096456,-0.004657948418236711,0.5223617293326398,0.56640625
31.205200866811136,0.10128080008643942,-0.004683110424549258,0.5218030738804549,0.59765625
31.2452075345891,0.10126106404136219,-0.004708263898697293,0.5212446234359943,0.5390625
31.28521420236706,0.10124132528848435,-0.004733407605048118,0.5206863779240279,0.5703125
31.325220870145024,0.1012215836959482,-0.00475853982602524,0.5201283372693516,0.60546875
31.365227537922987,0.10120183900482503,-0.004783658312624985,0.5195705013967901,0.54296875
31.40523420570095,0.10118209117820512,-0.00480876520298713,0.5190128702311952,0.55859375
31.445240873478916,0.10116234051502629,-0.004833864892737308,0.518455443697446,0.55078125
31.48524754125688,0.10114258710321135,-0.0048589572843626555,0.5178982217204501,0.58203125
31.52525420903484,0.10112283101235625,-0.004884041952016943,0.5173412042251414,0.53515625
31.565260876812804,0.10110307227236383,-0.0049091180909901985,0.5167843911364828,0.6171875
31.605267544590767,0.10108331084830008,-0.004934184465776318,0.5162277823794632,0.59765625
31.64527421236873,0.1010635466116403,-0.004959239359296173,0.5156713778791002,0.59375
31.685280880146692,0.10104377930794656,-0.0049842805233670864,0.5151151775604387,0.59375
31.725287547924655,0.10102400889842289,-0.005009310128345462,0.5145591813485504,0.578125
31.765294215702617,0.1010042356716162,-0.005034332538246217,0.5140033891685353,0.58203125
31.80530088348058,0.10098445971545293,-0.005059347654171948,0.5134478009455201,0.6015625
31.845307551258543,0.10096468110020279,-0.005084355049834937,0.5128924166046602,0.546875
31.885314219036506,0.1009448998571975,-0.005109353920350626,0.5123372360711373,0.58984375
31.925320886814472,0.10092511595381792,-0.005134343030333381,0.511782259270161,0.5703125
31.965327554592434,0.10090532926487064,-0.005159320663197905,0.5112274861269683,0.58984375
32.005334222370394,0.10088553954040558,-0.005184284571569164,0.510672916566824,0.578125
32.04534089014836,0.10086574673961234,-0.005209236958144806,0.5101185505150193,0.5546875
32.08534755792632,0.10084595114076299,-0.005234182155104898,0.5095643878968743,0.58203125
32.125354225704285,0.10082615283180107,-0.005259120062271007,0.5090104286377346,0.6015625
32.16536089348225,0.10080635188367293,-0.005284050252905473,0.5084566726629755,0.56640625
32.20536756126021,0.10078654832914094,-0.005308971921942633,0.5079031198979977,0.55859375
32.24537422903818,0.10076674213789799,-0.005333883834168447,0.5073497702682306,0.59375
32.285380896816136,0.10074693318808045,-0.005358784273487127,0.5067966236991299,0.61328125
32.3253875645941,0.100727121234222,-0.005383670993350173,0.5062436801161796,0.58984375
32.36539423237206,0.10070730623337479,-0.005408546228800333,0.5056909394448903,0.5625
32.40540090015003,0.10068748845365198,-0.005433414279988304,0.5051384016108005,0.59375
32.44540756792799,0.1006676679830238,-0.005458275045619326,0.5045860665394758,0.55859375
32.48541423570595,0.10064784489311625,-0.005483128098494959,0.5040339341565087,0.57421875
32.52542090348391,0.10062801921812405,-0.005507972633361238,0.5034820043875199,0.546875
32.56542757126188,0.10060819093005233,-0.005532807415170749,0.5029302771581564,0.5703125
32.605434239039845,0.10058835991036598,-0.005557630728311967,0.5023787523940939,0.5625
32.645440906817804,0.100568525918076,-0.00558244032710993,0.5018274300210336,0.59765625
32.68544757459577,0.10054868890797125,-0.005607238479014641,0.5012763099647048,0.53515625
32.72545424237373,0.10052884913812452,-0.005632029451929366,0.5007253921508643,0.51953125
32.765460910151695,0.10050900669654468,-0.005656813143541335,0.5001746765052962,0.58203125
32.805467577929655,0.10048916165554021,-0.005681589126187315,0.4996241629538113,0.546875
32.84547424570762,0.10046931405073642,-0.005706356594483361,0.4990738514222477,0.56640625
32.88548091348558,0.10044946385645259,-0.005731114313511219,0.4985237418364712,0.5625
32.925487581263546,0.1004296109574794,-0.005755860568161065,0.49797383412237406,0.53125
32.965494249041505,0.10040975511729998,-0.005780593113662172,0.4974241282058768,0.54296875
33.00550091681947,0.10038989628831753,-0.005805314249861273,0.4968746240129261,0.58984375
33.04550758459743,0.10037003471867914,-0.0058300282122807495,0.49632532146949654,0.51953125
33.0855142523754,0.10035017049644437,-0.005854734897683962,0.4957762205015891,0.546875
33.12552092015336,0.10033030369460595,-0.005879433877954188,0.49522732103523265,0.51171875
33.16552758793132,0.10031043435022312,-0.005904124347540521,0.49467862299648285,0.578125
33.20553425570929,0.10029056243992601,-0.005928805071711514,0.4941301263114224,0.58203125
33.24554092348725,0.1002706878518287,-0.005953474335870852,0.4935818309061618,0.56640625
33.285547591265214,0.10025081035388776,-0.0059781298960667265,0.4930337367068376,0.49609375
33.32555425904317,0.10023092989598686,-0.006002774084725472,0.4924858436396142,0.5390625
33.36556092682114,0.10021104671647006,-0.0060274111047416545,0.4919381516306828,0.60546875
33.4055675945991,0.10019116090345928,-0.006052040852037442,0.49139066060626185,0.53125
33.445574262377065,0.1001712725306326,-0.006076662898067235,0.4908433704925967,0.54296875
33.485580930155024,0.10015138163648356,-0.00610127643712749,0.49029628121596047,0.52734375
33.52558759793299,0.10013148819995397,-0.006125880234659041,0.489749392702652,0.55078125
33.565594265710956,0.1001115921124793,-0.006150472576583169,0.4892027048789979,0.5
33.605600933488915,0.10009169314648379,-0.006175051219858341,0.4886562176713523,0.52734375
33.64560760126688,0.10007179124920496,-0.006199618529386157,0.48810993100609557,0.57421875
33.68561426904484,0.10005188664930906,-0.006224178675314447,0.4875638448096357,0.55078125
33.72562093682281,0.10003197943498346,-0.006248731552892068,0.4870179590084072,0.52734375
33.765627604600766,0.10001206968059481,-0.006273276733129173,0.4864722735288719,0.578125
33.80563427237873,0.09999215742607526,-0.0062978134101252595,0.4859267882975181,0.546875
33.84564094015669,0.09997224265267617,-0.006322340349524287,0.4853815032408619,0.546875
33.88564760793466,0.09995232525515224,-0.0063468558377712085,0.4848364182854459,0.5546875
33.92565427571262,0.09993240501039657,-0.00637135763284501,0.4842915333578394,0.53125
33.96566094349058,0.09991248186285759,-0.006395848131871371,0.4837468483846391,0.53515625
34.00566761126855,0.09989255603166033,-0.006420331472381642,0.48320236329246846,0.546875
34.04567427904651,0.09987262760506316,-0.006444807548921377,0.48265807800797805,0.55078125
34.085680946824475,0.09985269665812566,-0.006469275932031813,0.482113992457845,0.55859375
34.125687614602434,0.09983276323221332,-0.006493735815715719,0.4815701065687734,0.54296875
34.1656942823804,0.09981282731088836,-0.006518185965798118,0.48102642026749476,0.55078125
34.20570095015836,0.09979288879222531,-0.0065426246692138965,0.48048293348076676,0.48828125
34.245707617936326,0.09977294745758522,-0.006567049685102556,0.479939646135374,0.59765625
34.285714285714285,0.0997530032484861,-0.006591463442535202,0.479396558158129,0.54296875
34.32572095349225,0.09973305637464852,-0.006615870046563746,0.4788536694758698,0.6015625
34.36572762127021,0.09971310692440535,-0.006640269391031198,0.4783109800154622,0.51953125
34.405734289048176,0.09969315497350978,-0.006664661046038252,0.4777684897037982,0.56640625
34.445740956826135,0.09967320056476474,-0.006689044205447192,0.47722619846779707,0.53125
34.4857476246041,0.0996532436840441,-0.006713417635249599,0.47668410623440455,0.53515625
34.52575429238207,0.09963328423273275,-0.006737779622987857,0.4761422129305939,0.57421875
34.56576096016003,0.09961332199666519,-0.006762127928995804,0.4756005184833644,0.5
34.60576762793799,0.09959335691428821,-0.00678646501402673,0.4750590228197421,0.51953125
34.64577429571595,0.0995733891860537,-0.006810794950795868,0.4745177258667806,0.54296875
34.68578096349392,0.09955341890037253,-0.006835117632442683,0.473976627551559,0.51171875
34.72578763127188,0.09953344613369335,-0.006859432628632745,0.473435727801185,0.53125
34.765794299049844,0.09951347093025782,-0.006883739133089595,0.4728950265427915,0.5546875
34.8058009668278,0.09949349327824936,-0.006908035912002286,0.4723545237035384,0.49609375
34.84580763460577,0.09947351308236707,-0.006932321253436055,0.4718142192106129,0.57421875
34.88581430238373,0.09945353013291043,-0.006956592919150892,0.47127411299122823,0.54296875
34.925820970161695,0.09943354436511857,-0.006980853401281555,0.47073420497262486,0.55859375
34.96582763793966,0.09941355597031294,-0.007005106740296543,0.47019449508206984,0.53125
35.00583430571762,0.0993935650369838,-0.00702935282866083,0.4696549832468568,0.55078125
35.04584097349559,0.0993735716422779,-0.007053591235602924,0.46911566939430605,0.5625
35.085847641273546,0.09935357583187626,-0.007077821154717013,0.468576553451765,0.5546875
35.12585430905151,0.09933357759627164,-0.007102041352390152,0.468037635346607,0.55078125
35.16586097682947,0.09931357684347342,-0.007126250117244694,0.4674989150062325,0.515625
35.20586764460744,0.09929357336824743,-0.007150445212537861,0.4669603923580682,0.52734375
35.245874312385396,0.09927356710249069,-0.007174629161485462,0.4664220673295681,0.55078125
35.28588098016336,0.0992535582285219,-0.007198805972537012,0.46588393984821236,0.5390625
35.32588764794132,0.09923354683491561,-0.0072229755374609884,0.46534600984150765,0.51953125
35.36589431571929,0.09921353299952211,-0.007247137425009376,0.46480827723698753,0.58203125
35.405900983497254,0.0991935167694612,-0.0072712908286706665,0.4642707419622121,0.515625
35.44590765127521,0.0991734981375342,-0.0072954345150399655,0.463733403944768,0.51953125
35.48591431905318,0.09915347701505876,-0.007319566773299034,0.46319626311226825,0.60546875
35.52592098683114,0.09913345320126443,-0.007343685368326296,0.4626593193923531,0.58203125
35.565927654609105,0.09911342662457051,-0.007367792854156299,0.4621225727126884,0.55078125
35.605934322387064,0.09909339745842895,-0.007391893207317278,0.4615860230009671,0.55859375
35.64594099016503,0.09907336579150362,-0.007415986318857612,0.4610496701849087,0.5234375
35.68594765794299,0.09905333170234386,-0.007440071757148581,0.46051351419225894,0.53125
35.725954325720956,0.09903329523951093,-0.007464148715553343,0.4599775549507904,0.50390625
35.765960993498915,0.09901325639811774,-0.00748821596083446,0.45944179238830235,0.5546875
35.80596766127688,0.09899321509278583,-0.00751227178276527,0.45890622643261986,0.5390625
35.84597432905484,0.09897317112720577,-0.007536313947961835,0.4583708570115948,0.5390625
35.88598099683281,0.0989531244261861,-0.007560345041000192,0.45783568405310565,0.54296875
35.92598766461077,0.09893307515444459,-0.00758436900662255,0.4573007074850573,0.56640625
35.96599433238873,0.09891302340073571,-0.007608385735186365,0.45676592723538123,0.54296875
36.0060010001667,0.09889296924431355,-0.007632394794635053,0.4562313432320351,0.55078125
36.04600766794466,0.09887291273518342,-0.007656395378192663,0.4556969554030033,0.57421875
36.08601433572262,0.09885285387076234,-0.0076803862528817685,0.45516276367629604,0.5078125
36.12602100350058,0.0988327925689754,-0.007704365709054528,0.4546287679799509,0.52734375
36.16602767127855,0.09881272863797375,-0.007728331515135502,0.4540949682420305,0.5703125
36.20603433905651,0.09879266199882236,-0.007752286285987866,0.45356136439062567,0.51171875
36.246041006834474,0.09877259280763598,-0.007776233934705194,0.4530279563538521,0.53515625
36.28604767461243,0.09875252115326315,-0.007800174350954706,0.4524947440598527,0.50390625
36.3260543423904,0.09873244711566481,-0.007824107102257637,0.45196172743679636,0.51171875
36.366061010168366,0.09871237074628952,-0.00784803138172254,0.45142890641287836,0.52734375
36.406067677946325,0.09869229204486123,-0.007871945956596973,0.45089628091632034,0.48828125
36.44607434572429,0.09867221093260808,-0.007895849117791722,0.45036385087537034,0.578125
36.48608101350225,0.09865212722213024,-0.007919738635752807,0.44983161621830303,0.46875
36.52608768128022,0.09863204083062174,-0.007943617155323969,0.44929957687341876,0.51171875
36.566094349058176,0.0986119519057281,-0.007967488558048276,0.44876773276904497,0.56640625
36.60610101683614,0.09859186053639336,-0.007991352732924086,0.44823608383353464,0.4765625
36.6461076846141,0.09857176680328744,-0.008015209247056005,0.44770462999526756,0.52734375
36.68611435239207,0.09855167075930316,-0.008039057293440108,0.4471733711826492,0.515625
36.72612102017003,0.09853157240647076,-0.008062895639553348,0.4466423073241122,0.5234375
36.76612768794799,0.09851147166931733,-0.00808672257689732,0.4461114383481149,0.53125
36.80613435572596,0.09849136836489047,-0.00811053587800918,0.4455807641831418,0.48046875
36.84614102350392,0.09847126240638733,-0.008134338217416425,0.4450502847577041,0.515625
36.886147691281884,0.0984511539331066,-0.008158133445335003,0.4445200000003385,0.515625
36.926154359059844,0.0984310430340926,-0.008181921450078997,0.44398990983960873,0.44140625
36.96616102683781,0.09841092979073027,-0.008205701798289718,0.4434600142041042,0.51171875
37.00616769461577,0.09839081425735555,-0.008229473682881789,0.4429303130224409,0.5234375
37.046174362393735,0.09837069643830455,-0.008253235871564103,0.4424008062232606,0.4921875
37.086181030171694,0.09835057626140076,-0.008276986656438654,0.44187149373523193,0.515625
37.12618769794966,0.09833045354813352,-0.008300723812249944,0.44134237548704863,0.57421875
37.16619436572762,0.09831032820757529,-0.00832445004295199,0.44081345140743156,0.51171875
37.206201033505586,0.09829020037081006,-0.008348169167529897,0.4402847214251275,0.515625
37.24620770128355,0.09827007012698769,-0.008371881073590139,0.4397561854689092,0.515625
37.28621436906151,0.0982499375582006,-0.00839558532743001,0.4392278434675754,0.546875
37.32622103683948,0.09822980272023656,-0.008419281121792549,0.4386996953499512,0.5
37.36622770461744,0.0982096656197348,-0.008442967224651515,0.43817174104488815,0.5546875
37.4062343723954,0.0981895261878131,-0.008466641928711549,0.43764398048126346,0.515625
37.44624104017336,0.09816938425039581,-0.00849030301104585,0.43711641358798037,0.50390625
37.48624770795133,0.09814923971230655,-0.00851395320475376,0.43658904029396844,0.4765625
37.52625437572929,0.09812909269654202,-0.00853759629773073,0.43606186052818335,0.55859375
37.566261043507254,0.09810894329235892,-0.008561232176898834,0.4355348742196067,0.51953125
37.60626771128521,0.09808879158256711,-0.008584860408123805,0.43500808129724644,0.5390625
37.64627437906318,0.09806863762439744,-0.008608480184095546,0.43448148169013595,0.55859375
37.68628104684114,0.09804848142679344,-0.008632090273033362,0.4339550753273354,0.53125
37.726287714619104,0.0980283229241686,-0.008655688968209722,0.4334288621379302,0.52734375
37.76629438239707,0.09800816194687341,-0.00867927404916239,0.4329028420510328,0.53125
37.80630105017503,0.0979879983953596,-0.008702848277862597,0.43237701499578085,0.5390625
37.846307717952996,0.09796783238466372,-0.008726415411249897,0.4318513809013381,0.5390625
37.886314385730955,0.09794766400415217,-0.008749975335568365,0.43132593969689464,0.4609375
37.92632105350892,0.09792749333735265,-0.008773527616274528,0.43080069131166593,0.5
37.96632772128688,0.09790732044294347,-0.008797071445967187,0.43027563567489424,0.45703125
38.00633438906485,0.09788714533217419,-0.00882060559309221,0.42975077271584705,0.48046875
38.046341056842806,0.09786696794274348,-0.008844128351588591,0.42922610236381875,0.4453125
38.08634772462077,0.09784678810942204,-0.008867637503551462,0.4287016245481283,0.50390625
38.12635439239873,0.09782660572817299,-0.008891135839500769,0.42817733919812195,0.46875
38.1663610601767,0.09780642090619618,-0.008914627085583614,0.4276532462431706,0.44921875
38.206367727954664,0.09778623373297121,-0.008938111127365134,0.42712934561267274,0.484375
38.24637439573262,0.09776604429274535,-0.008961587529900034,0.4266056372360509,0.48828125
38.28638106351059,0.09774585264564555,-0.008985055485695358,0.42608212104275467,0.48828125
38.32638773128855,0.09772565880522448,-0.009008513763456343,0.42555879696225934,0.5625
38.366394399066515,0.09770546271246791,-0.009031960657746203,0.42503566492406597,0.546875
38.406401066844474,0.09768526420655978,-0.009055393953315474,0.4245127248577012,0.54296875
38.44640773462244,0.09766506317884746,-0.009078816469041698,0.42398997669271826,0.50390625
38.4864144024004,0.09764485972882088,-0.00910223190039839,0.4234674203586958,0.515625
38.526421070178365,0.09762465394608012,-0.009125640132228243,0.4229450557852378,0.46484375
38.566427737956325,0.09760444591559216,-0.00914904072920823,0.4224228829019752,0.53125
38.60643440573429,0.09758423569893336,-0.009172432883760361,0.4219009016385636,0.4921875
38.64644107351226,0.09756402331195874,-0.00919581536485177,0.4213791119246856,0.515625
38.686447741290216,0.09754380869893854,-0.009219186467681342,0.42085751369004865,0.5
38.72645440906818,0.09752359170345928,-0.009242543979787951,0.42033610686438616,0.46484375
38.76646107684614,0.09750337221213837,-0.009265890748090479,0.41981489137745787,0.5078125
38.80646774462411,0.0974831503168823,-0.009289230437500524,0.4192938671590485,0.46875
38.84647441240207,0.09746292610740616,-0.009312562932233565,0.4187730341389693,0.5
38.88648108018003,0.09744269966940103,-0.00933588779656657,0.41825239224705674,0.5
38.92648774795799,0.09742247106589742,-0.009359204222799003,0.41773194141317344,0.5
38.96649441573596,0.09740224031505015,-0.009382510980186356,0.4172116815672071,0.484375
39.00650108351392,0.0973820073644115,-0.009405806364569107,0.41669161263907234,0.51171875
39.046507751291884,0.09736177206196038,-0.009429088166392263,0.41617173455870765,0.58203125
39.08651441906984,0.09734153428946847,-0.009452359260337155,0.41565204725607935,0.51953125
39.12652108684781,0.0973212941313797,-0.009475623280916924,0.4151325506611778,0.44921875
39.166527754625776,0.09730105167753163,-0.00949888011167439,0.4146132447040199,0.49609375
39.206534422403735,0.09728080701434327,-0.009522129316471915,0.4140941293146482,0.515625
39.2465410901817,0.09726056020629213,-0.009545370087574327,0.4135752044231303,0.578125
39.28654775795966,0.09724031127383367,-0.009568601194513204,0.4130564699595604,0.5078125
39.326554425737626,0.09722006016780438,-0.009591820933730455,0.4125379258540576,0.49609375
39.366561093515585,0.09719980674056275,-0.00961502709871669,0.4120195720367671,0.52734375
39.40656776129355,0.09717955086892036,-0.009638222591637213,0.4115014084378594,0.49609375
39.44657442907151,0.09715929262998063,-0.009661411016747883,0.4109834349875307,0.54296875
39.48658109684948,0.0971390321137068,-0.009684592256919887,0.41046565161600296,0.515625
39.526587764627436,0.09711876940724588,-0.009707765875624915,0.40994805825352365,0.4765625
39.5665944324054,0.0970985045765271,-0.00973093106505564,0.4094306548303657,0.46875
39.60660110018337,0.09707823764430841,-0.00975408659500017,0.40891344127682794,0.48828125
39.64660776796133,0.09705796856469887,-0.009777230762601716,0.40839641752323474,0.515625
39.686614435739294,0.097037697194428,-0.009800361364483912,0.4078795834999356,0.484375
39.72662110351725,0.0970174234052384,-0.009823481329981142,0.407362939137306,0.4921875
39.76662777129522,0.09699714726701258,-0.009846594233248004,0.40684648436574733,0.4765625
39.80663443907318,0.09697686886984208,-0.009869699956490403,0.4063302191156856,0.51953125
39.846641106851145,0.09695658830160435,-0.009892798062789483,0.4058141433175726,0.515625
39.886647774629104,0.09693630562968075,-0.00991588774427237,0.4052982569018865,0.44921875
39.92665444240707,0.09691602087912903,-0.009938967771010276,0.40478255979912986,0.4765625
39.96666111018503,0.09689573400733273,-0.009962036440809334,0.4042670519398314,0.45703125
40.006667777962996,0.09687544487538247,-0.009985091553520821,0.4037517332545447,0.3984375
40.04667444574096,0.09685515334983,-0.010008136065480233,0.40323660367384967,0.47265625
40.08668111351892,0.0968348594934657,-0.010031173520795628,0.40272166312835167,0.5
40.12668778129689,0.09681456339651086,-0.010054203801026954,0.40220691154868055,0.53515625
40.166694449074846,0.09679426514757483,-0.010077226468872894,0.40169234886549243,0.48828125
40.20670111685281,0.09677396481549252,-0.010100240716394392,0.4011779750094686,0.4921875
40.24670778463077,0.09675366242762,-0.010123245313955503,0.400663789911316,0.4921875
40.28671445240874,0.09673335794461325,-0.010146238560029467,0.40014979350176677,0.44140625
40.3267211201867,0.09671305123190901,-0.010169218257833415,0.3996359857115785,0.4921875
40.36672778796466,0.09669274215076762,-0.010192187390339662,0.3991223664715344,0.46484375
40.40673445574262,0.09667243075699583,-0.010215149471857567,0.3986089357124428,0.453125
40.44674112352059,0.09665211714094966,-0.010238104383283573,0.3980956933651371,0.5078125
40.48674779129855,0.09663180139197722,-0.010261051686890484,0.39758263936047733,0.45703125
40.526754459076514,0.09661148358036506,-0.01028399057470187,0.39706977362934764,0.4296875
40.56676112685448,0.09659116373576732,-0.010306919817377247,0.39655709610265805,0.484375
40.60676779463244,0.09657084182210916,-0.010329837714068077,0.3960446067113439,0.48046875
40.646774462410406,0.09655051770916102,-0.010352742071466147,0.3955323053863658,0.484375
40.686781130188365,0.09653019125278109,-0.010375635898932272,0.39502019205870975,0.515625
40.72678779796633,0.09650986250191594,-0.010398522681068736,0.3945082666593871,0.484375
40.76679446574429,0.09648953154706155,-0.010421402298091152,0.39399652911943467,0.4453125
40.80680113352226,0.09646919847829769,-0.010444274311935155,0.3934849793699141,0.51171875
40.846807801300216,0.09644886336736533,-0.010467137914571519,0.39297361734191283,0.44921875
40.88681446907818,0.09642852624622071,-0.010489991876915614,0.3924624429665432,0.4375
40.92682113685614,0.09640818708205359,-0.010512834498825209,0.39195145617494315,0.47265625
40.96682780463411,0.09638784574895373,-0.010535663590582008,0.3914406568982758,0.53515625
41.00683447241207,0.09636750209727124,-0.010558482187658189,0.3909300450677297,0.49609375
41.04684114019003,0.09634715616920993,-0.010581293745092004,0.3904196206145181,0.46875
41.086847807968,0.0963268080554068,-0.010604098142437545,0.38990938346987936,0.51171875
41.12685447574596,0.09630645784667963,-0.010626894941257271,0.3893993335650784,0.5078125
41.166861143523924,0.09628610561622729,-0.010649683333446638,0.38888947083140407,0.5078125
41.20686781130188,0.09626575139829739,-0.010672462090274552,0.3883797952001712,0.4453125
41.24687447907985,0.09624539516334425,-0.010695229512286963,0.3878703066027191,0.50390625
41.28688114685781,0.09622503678976727,-0.010717983413426928,0.3873610049704131,0.47265625
41.326887814635775,0.09620467612230137,-0.010740726855024967,0.3868518902346429,0.44140625
41.366894482413734,0.09618431319652455,-0.010763463262692792,0.38634296232682397,0.51171875
41.4069011501917,0.09616394810321774,-0.010786192515327548,0.3858342211783964,0.5078125
41.44690781796967,0.09614358093393884,-0.010808914174118611,0.3853256667208263,0.48828125
41.486914485747626,0.09612321176334268,-0.010831627430916636,0.38481729888560445,0.47265625
41.52692115352559,0.09610284062797259,-0.010854331057300833,0.38430911760424635,0.49609375
41.56692782130355,0.09608246750154674,-0.010877023354495474,0.38380112280829315,0.515625
41.60693448908152,0.09606209226674992,-0.01089970214029997,0.3832933144293112,0.46484375
41.64694115685948,0.0960417147626006,-0.01092237050161205,0.38278569239889143,0.50390625
41.68694782463744,0.09602133501817245,-0.010945031834709008,0.38227825664865034,0.48828125
41.7269544924154,0.0960009531243903,-0.010967686017857421,0.3817710071102292,0.484375
41.76696116019337,0.09598056917355449,-0.010990332611875535,0.3812639437152947,0.5
41.80696782797133,0.09596018324177653,-0.011012970808572223,0.38075706639553875,0.41015625
41.84697449574929,0.09593979536789426,-0.011035599379845044,0.3802503750826775,0.5
41.88698116352725,0.09591940552888521,-0.011058216627622994,0.3797438697084532,0.4453125
41.92698783130522,0.09589901361170824,-0.011080820373632498,0.37923755020463223,0.49609375
41.966994499083185,0.09587861944956676,-0.011103413730040854,0.3787314165030067,0.515625
42.007001166861144,0.09585822306513454,-0.011126000064021044,0.3782254685353934,0.5
42.04700783463911,0.0958378245494867,-0.011148579253184653,0.37771970623363393,0.4453125
42.08701450241707,0.09581742399567232,-0.01117115085794252,0.3772141295295955,0.52734375
42.127021170195036,0.09579702148125806,-0.0111937140700848,0.3767087383551698,0.4921875
42.167027837972995,0.09577661704737525,-0.01121626766183529,0.37620353264227396,0.53125
42.20703450575096,0.09575621067425816,-0.011238809935832515,0.37569851232284945,0.44140625
42.24704117352892,0.09573580225312331,-0.011261338717843716,0.37519367732886344,0.45703125
42.28704784130689,0.09571539161125665,-0.011283857145053929,0.3746890275923079,0.50390625
42.327054509084846,0.09569497876505159,-0.011306368555625633,0.3741845630451991,0.4921875
42.36706117686281,0.09567456380573852,-0.01132887282649822,0.373680283619579,0.46875
42.40706784464078,0.09565414682710759,-0.011351369517762527,0.3731761892475142,0.4296875
42.44707451241874,0.09563372790818324,-0.011373857821176527,0.37267227986109663,0.4765625
42.487081180196704,0.09561330709239507,-0.011396336509247582,0.3721685553924422,0.47265625
42.52708784797466,0.09559288436322849,-0.011418803885357216,0.37166501577369265,0.5234375
42.56709451575263,0.09557245961614098,-0.01144125777941999,0.3711616609370143,0.4609375
42.60710118353059,0.09555203267240228,-0.011463701353370636,0.3706584908145985,0.4765625
42.647107851308554,0.09553160354223908,-0.01148613791649691,0.37015550533866093,0.51171875
42.687114519086514,0.09551117231703735,-0.011508567345092327,0.36965270444144305,0.453125
42.72712118686448,0.09549073909133535,-0.011530989198886073,0.3691500880552102,0.46484375
42.76712785464244,0.09547030394561873,-0.011553402669585315,0.3686476561122534,0.5
42.807134522420405,0.09544986692560385,-0.011575806530075885,0.36814540854488764,0.4453125
42.84714119019837,0.0954294280180274,-0.01159819908446463,0.3676433452854541,0.4765625
42.88714785797633,0.09540898712257503,-0.011620578166884915,0.36714146626631766,0.4609375
42.9271545257543,0.09538854405440143,-0.011642946963766457,0.3666397714198681,0.46484375
42.967161193532256,0.09536809881767838,-0.011665308755665642,0.36613826067852034,0.484375
43.00716786131022,0.09534765150395104,-0.011687663418227561,0.36563693397471436,0.44921875
43.04717452908818,0.09532720220850711,-0.011710010510827006,0.3651357912409144,0.42578125
43.08718119686615,0.09530675101329195,-0.011732349225143525,0.3646348324096096,0.4921875
43.12718786464411,0.09528629796631263,-0.01175467833440575,0.364134057413314,0.44140625
43.16719453242207,0.09526584305755718,-0.011776996143429938,0.363633466184566,0.48046875
43.20720120020003,0.0952453861909109,-0.011799300490764393,0.36313305865592965,0.52734375
43.247207867978,0.09522492717532031,-0.011821594587043092,0.3626328347599926,0.44921875
43.28721453575596,0.09520446600901977,-0.011843881684183995,0.3621327944293684,0.42578125
43.327221203533924,0.09518400278371345,-0.011866161657210054,0.3616329375966945,0.46875
43.36722787131189,0.09516353759544094,-0.011888434065141862,0.3611332641946335,0.4453125
43.40723453908985,0.09514307052760713,-0.01191069809963962,0.3606337741558722,0.421875
43.447241206867815,0.09512260163050956,-0.011932952534275655,0.36013446741312277,0.46484375
43.487247874645774,0.09510213089738187,-0.011955195674608517,0.3596353438991218,0.4609375
43.52725454242374,0.09508165823629558,-0.011977425363665022,0.35913640354663,0.47265625
43.5672612102017,0.095061183449898,-0.011999644835993407,0.35863764628843403,0.484375
43.607267877979666,0.09504070653058348,-0.012021857315117585,0.35813907205734397,0.44921875
43.647274545757625,0.09502022757022874,-0.012044062675356418,0.35764068078619504,0.4453125
43.68728121353559,0.0949997466656245,-0.012066260475399847,0.35714247240784736,0.41015625
43.72728788131355,0.09497926390163607,-0.012088449906891865,0.35664444685518537,0.5
43.76729454909152,0.09495877933085016,-0.012110629743756287,0.35614660406111776,0.4453125
43.80730121686948,0.09493829294974358,-0.012132798292298092,0.35564894395857866,0.43359375
43.84730788464744,0.09491780467055408,-0.012154953400136372,0.35515146648052687,0.48046875
43.88731455242541,0.09489731428953557,-0.012177098325480057,0.3546541715599446,0.484375
43.92732122020337,0.09487682179336258,-0.012199236263515809,0.35415705912983986,0.46484375
43.967327887981334,0.09485632727407425,-0.012221367087963925,0.35366012912324424,0.484375
44.00733455575929,0.09483583082921643,-0.012243490357169439,0.3531633814732151,0.4765625
44.04734122353726,0.09481533254512137,-0.012265605262718214,0.3526668161128333,0.4921875
44.08734789131522,0.09479483247666089,-0.012287710578915104,0.35217043297520495,0.48046875
44.127354559093185,0.09477433062355245,-0.01230980461281723,0.3516742319934604,0.51171875
44.167361226871144,0.09475382690218004,-0.012331885216744007,0.35117821310075475,0.46875
44.20736789464911,0.09473332110231322,-0.012353955672297572,0.35068237623026693,0.44140625
44.247374562427076,0.0947128132050134,-0.012376019146484347,0.35018672131520134,0.46875
44.287381230205035,0.09469230330249011,-0.01239807551238924,0.34969124828878656,0.44921875
44.327387897983,0.09467179149304954,-0.012420124327989255,0.34919595708427514,0.50390625
44.36739456576096,0.09465127786447966,-0.012442164784907415,0.34870084763494485,0.4453125
44.40740123353893,0.09463076247393983,-0.012464195657808812,0.3482059198740976,0.5
44.447407901316886,0.0946102453243905,-0.01248621525447071,0.34771117373505994,0.46484375
44.48741456909485,0.09458972633633869,-0.012508221432040327,0.3472166091511829,0.453125
44.52742123687281,0.09456920529298043,-0.012530217495245742,0.3467222260558415,0.4453125
44.56742790465078,0.09454868216987224,-0.0125522065830505,0.3462280243824357,0.453125
44.60743457242874,0.09452815705939696,-0.012574188567905188,0.3457340040643899,0.453125
44.6474412402067,0.0945076300606201,-0.012596163007445815,0.34524016503515254,0.47265625
44.68744790798466,0.09448710126279174,-0.012618129093291356,0.34474650722819716,0.4453125
44.72745457576263,0.09446657072536017,-0.012640085600453436,0.344253030577021,0.46484375
44.767461243540595,0.0944460384545153,-0.012662030837519662,0.3437597350151458,0.42578125
44.807467911318554,0.09442550437486795,-0.012683962666556046,0.34326662047611806,0.4453125
44.84747457909652,0.0944049682629596,-0.012705884415099893,0.3427736868935088,0.41015625
44.88748124687448,0.09438443008894579,-0.012727799194235872,0.342280934200913,0.44140625
44.927487914652446,0.09436388994538586,-0.012749706875779431,0.34178836233194965,0.45703125
44.967494582430405,0.09434334793210619,-0.01277160701703118,0.34129597122026306,0.48046875
45.00750125020837,0.09432280413981978,-0.012793498809607902,0.34080376079952124,0.39453125
45.04750791798633,0.09430225863025986,-0.012815381028897288,0.34031173100341666,0.4453125
45.087514585764296,0.09428171141284863,-0.012837251984259872,0.33981988176566613,0.4453125
45.127521253542255,0.09426116241628196,-0.012859109542765954,0.33932821302001087,0.38671875
45.16752792132022,0.09424061141034906,-0.012880957054581633,0.3388367247002165,0.4375
45.20753458909819,0.09422005835991401,-0.012902797603026608,0.3383454167400725,0.4921875
45.24754125687615,0.09419950335772112,-0.012924631059244802,0.3378542890733936,0.421875
45.28754792465411,0.0941789465043568,-0.012946456980221236,0.33736334163401727,0.48046875
45.32755459243207,0.09415838789199708,-0.012968274557579516,0.33687257435580664,0.42578125
45.36756126021004,0.0941378275846596,-0.012990082567083963,0.33638198717264844,0.44921875
45.407567927988,0.09411726559499568,-0.013011879318879364,0.33589158001845437,0.484375
45.447574595765964,0.0940967018557609,-0.013033662685166404,0.33540135282715944,0.4609375
45.48758126354392,0.09407613612991338,-0.01305543603843122,0.3349113055327237,0.45703125
45.52758793132189,0.09405556837713454,-0.013077202434344305,0.3344214380691306,0.39453125
45.56759459909985,0.09403499869034485,-0.013098961743464761,0.3339317503703887,0.42578125
45.607601266877815,0.09401442717089536,-0.01312071352244612,0.3334422423705297,0.44140625
45.64760793465578,0.09399385391243179,-0.013142456962877289,0.33295291400361066,0.40234375
45.68761460243374,0.09397327898125167,-0.013164190840930436,0.3324637652037122,0.421875
45.727621270211706,0.09395270239323311,-0.013185913467536586,0.33197479590493956,0.45703125
45.767627937989666,0.09393212408516782,-0.013207622720138854,0.3314860060414217,0.453125
45.80763460576763,0.09391154381310057,-0.013229321993271051,0.3309973955473117,0.44921875
45.84764127354559,0.09389096153163135,-0.013251014315118173,0.3305089643567874,0.4609375
45.88764794132356,0.09387037733386584,-0.013272699555611014,0.3300207124040502,0.48046875
45.927654609101516,0.09384979132192418,-0.013294377271055802,0.3295326396233259,0.47265625
45.96766127687948,0.09382920359090757,-0.01331604665311667,0.3290447459488642,0.40625
46.00766794465744,0.0938086142094045,-0.013337706478292445,0.32855703131493946,0.40234375
46.04767461243541,0.09378802319651379,-0.0133593550583311,0.32806949565584975,0.40234375
46.087681280213374,0.09376743049303972,-0.013380990276022063,0.32758213890591753,0.44921875
46.12768794799133,0.093746835848032,-0.013402615547683659,0.32709496099948876,0.44140625
46.1676946157693,0.0937262392111136,-0.013424233874148893,0.3266079618709344,0.3984375
46.20770128354726,0.09370564067557771,-0.013445845124727206,0.3261211414546484,0.45703125
46.247707951325225,0.09368504034431299,-0.013467448855397413,0.3256344996850497,0.4375
46.287714619103184,0.09366443831388796,-0.013489044257821829,0.3251480364965811,0.45703125
46.32772128688115,0.09364383465516636,-0.01351063010893511,0.3246617518237091,0.47265625
46.36772795465911,0.09362322939046755,-0.013532204721290082,0.3241756456009248,0.48046875
46.407734622437076,0.09360262246459031,-0.013553765983085247,0.32368971776274275,0.41015625
46.447741290215035,0.09358201361950638,-0.013575317332176737,0.3232039682437019,0.52734375
46.487747957993,0.0935614027999646,-0.013596861742186127,0.322718396978365,0.46875
46.52775462577096,0.09354079009944878,-0.01361839908180134,0.32223300390131926,0.4453125
46.56776129354893,0.09352017562161756,-0.013639928906679269,0.3217477889471753,0.4921875
46.60776796132689,0.09349955946450464,-0.01366145040850308,0.32126275205056815,0.4296875
46.64777462910485,0.09347894170125344,-0.013682962364610328,0.3207778931461567,0.390625
46.68778129688282,0.09345832235740463,-0.013704463088339502,0.32029321216862355,0.48046875
46.72778796466078,0.09343770138171362,-0.013725950473493488,0.319808709052676,0.44921875
46.76779463243874,0.0934170785089997,-0.013747427979175726,0.3193243837330444,0.3984375
46.8078013002167,0.09339645367924541,-0.013768898551894209,0.3188402361444838,0.453125
46.84780796799467,0.09337582698612516,-0.01379036205973662,0.3183562662217727,0.4296875
46.88781463577263,0.09335519853406905,-0.013811818058043362,0.31787247389971407,0.4453125
46.927821303550594,0.09333456842257656,-0.013833265738521575,0.317388859113134,0.42578125
46.96782797132855,0.09331393672706983,-0.013854703878915887,0.3169054217968833,0.44140625
47.00783463910652,0.0932933034763046,-0.013876130793381125,0.3164221618858359,0.44921875
47.047841306884486,0.09327266862297387,-0.01389754438138466,0.3159390793148907,0.44140625
47.087847974662445,0.09325203189467024,-0.0139189481229943,0.31545617401896925,0.4140625
47.12785464244041,0.0932313932266995,-0.013940344937822813,0.3149734459330178,0.40625
47.16786131021837,0.09321075271293197,-0.013961734693343171,0.31449089499200644,0.40234375
47.20786797799634,0.09319011045857789,-0.01398311694453559,0.31400852113092886,0.43359375
47.247874645774296,0.09316946656459922,-0.014004490883160584,0.31352632428480254,0.42578125
47.28788131355226,0.09314882110869606,-0.014025855287372498,0.31304430438866915,0.44921875
47.32788798133022,0.09312817412283601,-0.01404720847215165,0.3125624613775939,0.390625
47.36789464910819,0.09310752556362362,-0.014068548342733987,0.31208079518666587,0.4375
47.40790131688615,0.09308687515134668,-0.014089878399906353,0.3115993057509983,0.3984375
47.44790798466411,0.09306622281674062,-0.014111201536484123,0.3111179930057277,0.4375
47.48791465244208,0.09304556865387802,-0.01413251761930389,0.3106368568860145,0.42578125
47.52792132022004,0.09302491276873774,-0.014153826203077535,0.31015589732704374,0.41015625
47.567927987998004,0.0930042552637484,-0.014175126479597403,0.3096751142640229,0.46875
47.60793465577596,0.09298359621889281,-0.014196417227395335,0.309194507632184,0.43359375
47.64794132355393,0.09296293566934491,-0.014217696762300438,0.3087140773667831,0.421875
47.68794799133189,0.09294227357559336,-0.014238962995426228,0.3082338234030991,0.4296875
47.727954659109855,0.09292160965054791,-0.014260219448010897,0.30775374567643576,0.484375
47.767961326887814,0.09290094382047293,-0.014281468986212537,0.3072738441221199,0.40234375
47.80796799466578,0.09288027617964303,-0.014302711476253584,0.306794118675502,0.4140625
47.84797466244374,0.09285960683481391,-0.014323946472537399,0.3063145692719569,0.48828125
47.887981330221706,0.09283893588988425,-0.014345173166873552,0.30583519584688207,0.4140625
47.927987997999665,0.09281826342710564,-0.01436639033825906,0.30535599833569993,0.4375
47.96799466577763,0.09279758948485853,-0.014387596303359926,0.30487697667385566,0.4765625
48.0080013335556,0.09277691402749519,-0.014408788979226426,0.3043981307968187,0.4375
48.04800800133356,0.09275623676047123,-0.01442997190730894,0.30391946064008196,0.41015625
48.08801466911152,0.09273555760567945,-0.014451147927241434,0.3034409661391621,0.4140625
48.12802133688948,0.09271487665759864,-0.014472316904638592,0.30296264722959887,0.48828125
48.16802800466745,0.09269419402376351,-0.01449347839359548,0.3024845038469563,0.48828125
48.20803467244541,0.09267350980953955,-0.014514631585966609,0.30200653592682236,0.42578125
48.248041340223374,0.09265282409945294,-0.014535775261175027,0.30152874340480784,0.43359375
48.28804800800133,0.0926321369350904,-0.014556907736711734,0.3010511262165476,0.40625
48.3280546757793,0.09261144828462702,-0.014578026935751047,0.30057368429770004,0.46484375
48.36806134355726,0.09259075784599706,-0.014599136419669286,0.30009641758394734,0.40625
48.408068011335224,0.09257006553682583,-0.014620239001674324,0.2996193260109949,0.35546875
48.44807467911319,0.09254937145179634,-0.014641334546793533,0.2991424095145722,0.3828125
48.48808134689115,0.0925286756992233,-0.01466242260882085,0.29866566803043226,0.4765625
48.528088014669116,0.09250797838594005,-0.014683502379655343,0.2981891014943509,0.40234375
48.568094682447075,0.09248727959874556,-0.014704572639156326,0.2977127098421284,0.39453125
48.60810135022504,0.09246657938242724,-0.014725631705662962,0.297236493009588,0.3671875
48.648108018003,0.09244587770896043,-0.014746677508539016,0.29676045093257747,0.375
48.68811468578097,0.09242517426869251,-0.014767713628799653,0.2962845835469665,0.44140625
48.728121353558926,0.092404468975065,-0.01478874285345072,0.2958088907886498,0.40234375
48.76812802133689,0.09238376192297112,-0.014809765046912308,0.2953333725935448,0.40625
48.80813468911485,0.09236305322151427,-0.014830779762637315,0.29485802889759294,0.3828125
48.84814135689282,0.09234234297899228,-0.01485178619259693,0.2943828596367588,0.4140625
48.888148024670784,0.09232163128447604,-0.01487278311708911,0.29390786474703057,0.4375
48.92815469244874,0.09230091818595013,-0.014893768855312146,0.2934330441644196,0.4296875
48.96816136022671,0.09228020365916166,-0.014914741342917944,0.2929583978249614,0.40625
49.00816802800467,0.09225948738679964,-0.014935704180323188,0.29248392566471454,0.4140625
49.048174695782635,0.09223876927822508,-0.014956660128422575,0.29200962761976135,0.41796875
49.088181363560594,0.09221804942854711,-0.014977609051014307,0.29153550362620706,0.43359375
49.12818803133856,0.09219732794764296,-0.014998550501315575,0.2910615536201807,0.40625
49.16819469911652,0.09217660494528854,-0.015019483671292237,0.2905877775378348,0.40625
49.208201366894485,0.09215588051282214,-0.015040407341706245,0.2901141753153452,0.4140625
49.248208034672444,0.09213515470142282,-0.015061319832620601,0.2896407468889112,0.40234375
49.28821470245041,0.09211442749057938,-0.015082219086080317,0.28916749219475557,0.39453125
49.32822137022837,0.09209369855525643,-0.01510310872163908,0.2886944111691247,0.421875
49.368228038006336,0.09207296780082977,-0.015123991474220225,0.2882215037482873,0.44140625
49.4082347057843,0.09205223532262405,-0.01514486720702046,0.2877487698685369,0.37890625
49.44824137356226,0.09203150123130499,-0.015165735472944579,0.28727620946618965,0.4375
49.48824804134023,0.09201076563811063,-0.015186595464057588,0.2868038224775849,0.37890625
49.52825470911819,0.09199002863664826,-0.01520744596157385,0.28633160883908576,0.3671875
49.56826137689615,0.09196929028129565,-0.01522828528638325,0.28585956848707894,0.421875
49.60826804467411,0.09194855055524916,-0.015249111387049461,0.2853877013579737,0.41796875
49.64827471245208,0.09192780912568463,-0.015269927901998971,0.2849160073882032,0.41796875
49.68828138023004,0.09190706589408683,-0.015290737540323542,0.284444486514224,0.40234375
49.728288048008004,0.09188632095599904,-0.01531154016461951,0.28397313867251556,0.40625
49.76829471578596,0.0918655744228737,-0.015332335327502226,0.2835019637995809,0.453125
49.80830138356393,0.09184482640741778,-0.015353122221100572,0.2830309618319466,0.43359375
49.848308051341895,0.09182407700551021,-0.015373899627062898,0.28256013270616176,0.4140625
49.888314719119855,0.09180332627471005,-0.015394665867200456,0.2820894763587995,0.41796875
49.92832138689782,0.09178257420189448,-0.015415418896671952,0.28161899272645624,0.4453125
49.96832805467578,0.09176182044639368,-0.01543616237247835,0.2811486817457511,0.4453125
50.008334722453746,0.09174106490589234,-0.015456898978033248,0.28067854335332654,0.40625
50.048341390231705,0.09172030767615431,-0.015477628575339075,0.28020857748584893,0.34375
50.08834805800967,0.09169954886942094,-0.01549835071672205,0.27973878408000696,0.41796875
50.12835472578763,0.09167878859986801,-0.015519064594381356,0.27926916307251337,0.3671875
50.1683613935656,0.09165802696564158,-0.015539768990424661,0.2787997144001034,0.39453125
50.208368061343556,0.09163726402748605,-0.015560462227548297,0.2783304379995361,0.39453125
50.24837472912152,0.0916164997759313,-0.015581142267589013,0.27786133380759365,0.4140625
50.28838139689949,0.09159573386238622,-0.015601812785942021,0.277392401761081,0.39453125
50.32838806467745,0.09157496618083127,-0.015622476440463143,0.2769236417968268,0.40625
50.368394732455414,0.09155419682726146,-0.015643133092516956,0.2764550538516828,0.4140625
50.40840140023337,0.0915334259147044,-0.01566378229416917,0.2759866378625235,0.38671875
50.44840806801134,0.09151265355880567,-0.015684423237689003,0.27551839376624704,0.46875
50.4884147357893,0.09149187985997656,-0.015705054705652664,0.27505032149977443,0.4765625
50.528421403567265,0.09147110488214417,-0.015725675021645603,0.2745824210000499,0.37109375
50.568428071345224,0.09145032861945507,-0.01574628215430679,0.2741146922040407,0.45703125
50.60843473912319,0.09142955071534398,-0.015766879797122643,0.27364713504873756,0.37109375
50.64844140690115,0.09140877106018296,-0.01578747058250638,0.27317974947115425,0.375
50.688448074679116,0.09138798975018617,-0.015808054371272594,0.27271253540832713,0.3828125
50.728454742457075,0.09136720689917298,-0.01582863071520657,0.2722454927973167,0.33203125
50.76846141023504,0.09134642262426583,-0.015849198806612445,0.2717786215752051,0.3984375
50.80846807801301,0.0913256370281369,-0.015869757428558458,0.2713119216790989,0.35546875
50.848474745790966,0.09130485017789217,-0.015890304905529812,0.2708453930461272,0.40234375
50.88848141356893,0.09128406207126329,-0.015910839213063792,0.27037903561344195,0.40234375
50.92848808134689,0.09126327234365109,-0.015931364062482314,0.26991284931821885,0.3828125
50.96849474912486,0.09124248088190748,-0.015951882060910978,0.26944683409765585,0.4375
51.00850141690282,0.09122168778247522,-0.015972393068577395,0.26898098988897456,0.37109375
51.04850808468078,0.0912008931599709,-0.015992896636966635,0.268515316629419,0.36328125
51.08851475245874,0.09118009713297945,-0.016013391958507324,0.26804981425625685,0.390625
51.12852142023671,0.09115929980643628,-0.016033877816743116,0.26758448270677837,0.421875
51.16852808801467,0.09113850125063072,-0.016054352537023225,0.2671193219182976,0.3984375
51.208534755792634,0.09111770146684223,-0.0160748141019064,0.26665433182815046,0.44140625
51.2485414235706,0.09109690008238087,-0.01609526624028812,0.2661895123736966,0.39453125
51.28854809134856,0.0910760969806682,-0.016115711534147252,0.26572486349231855,0.421875
51.328554759126526,0.09105529225837894,-0.01613614984312217,0.26526038512142186,0.390625
51.368561426904485,0.09103448603092425,-0.016156580718426267,0.26479607719843473,0.44140625
51.40856809468245,0.09101367841835964,-0.016177003352570815,0.2643319396608083,0.3984375
51.44857476246041,0.09099286952788549,-0.016197416529563628,0.2638679724460172,0.41796875
51.488581430238376,0.09097205943295361,-0.016217818575725303,0.2634041754915583,0.48046875
51.528588098016336,0.09095124813837187,-0.016238207480655364,0.26294054873495226,0.3515625
51.5685947657943,0.09093043526330005,-0.016258586990583752,0.2624770921137418,0.41796875
51.60860143357226,0.09090962068781912,-0.016278959662478276,0.26201380556549336,0.4375
51.64860810135023,0.09088880450883816,-0.016299325355392764,0.26155068902779555,0.39453125
51.68861476912819,0.09086798684256482,-0.01631968362026922,0.26108774243826044,0.43359375
51.72862143690615,0.09084716781052482,-0.016340033649709842,0.26062496573452276,0.375
51.76862810468412,0.09082634752217923,-0.016360374228208095,0.2601623588542402,0.3828125
51.80863477246208,0.09080552605415307,-0.016380703682984426,0.25969992173509304,0.39453125
51.848641440240044,0.0907847034147309,-0.01640102001087745,0.2592376543147848,0.43359375
51.888648108018,0.09076387921487056,-0.016421326975176686,0.258775556531042,0.43359375
51.92865477579597,0.0907430533314093,-0.016441627107931553,0.25831362832161336,0.40625
51.96866144357393,0.09072222586148898,-0.016461920267636522,0.2578518696242707,0.40625
52.008668111351895,0.09070139692211554,-0.01648220600496433,0.257390280376809,0.34765625
52.048674779129854,0.09068056663628522,-0.01650248351261113,0.2569288605170461,0.32421875
52.08868144690782,0.09065973511571818,-0.01652275157556371,0.256467609982822,0.41796875
52.12868811468578,0.09063890244020618,-0.01654300852196755,0.2560065287120007,0.40625
52.168694782463746,0.09061806862148254,-0.016563252355960123,0.25554561664246705,0.3984375
52.20870145024171,0.09059723326225448,-0.016583486857609655,0.2550848737121308,0.37109375
52.24870811801967,0.09057639623618788,-0.016603714534270272,0.25462429985892343,0.39453125
52.28871478579764,0.09055555764066439,-0.01662393524385419,0.25416389502079895,0.35546875
52.3287214535756,0.09053471759349666,-0.016644148536730956,0.2537036591357349,0.40234375
52.36872812135356,0.09051387621914844,-0.01666435360571259,0.253243592141731,0.390625
52.40873478913152,0.09049303363159708,-0.016684549236286907,0.2527836939768099,0.41015625
52.44874145690949,0.09047218991379848,-0.016704733757528772,0.2523239645790172,0.36328125
52.48874812468745,0.09045134508089894,-0.016724905180975285,0.251864403886421,0.38671875
52.52875479246541,0.0904304987272998,-0.016745067303235953,0.25140501183711206,0.375
52.56876146024337,0.0904096507235904,-0.0167652226070637,0.250945788369204,0.41015625
52.60876812802134,0.09038880116739838,-0.01678537094977256,0.25048673342083333,0.4375
52.648774795799305,0.0903679501773299,-0.0168055118815116,0.25002784693015867,0.3984375
52.688781463577264,0.09034709787931944,-0.016825644595196306,0.2495691288353622,0.4375
52.72878813135523,0.09032624438960865,-0.01684576787677519,0.2491105790746478,0.41796875
52.76879479913319,0.09030538979430969,-0.016865880056284307,0.2486521975862428,0.37890625
52.808801466911156,0.09028453411194684,-0.01688597915275396,0.24819398430839684,0.40625
52.848808134689115,0.09026367692856459,-0.016906068979082527,0.24773593917938264,0.40234375
52.88881480246708,0.09024281811176268,-0.016926151993555183,0.24727806213749476,0.4609375
52.92882147024504,0.09022195775941297,-0.016946228052913057,0.24682035312105133,0.37890625
52.96882813802301,0.09020109599092459,-0.01696629670704567,0.2463628120683925,0.39453125
53.008834805800966,0.09018023293370694,-0.016986357148954526,0.24590543891788114,0.36328125
53.04884147357893,0.09015936870624883,-0.017006408165138598,0.24544823360790285,0.3671875
53.0888481413569,0.09013850339781976,-0.01702644808657848,0.24499119607686565,0.37109375
53.12885480913486,0.09011763703029269,-0.017046474939858183,0.24453432626320099,0.3671875
53.168861476912824,0.0900967691813033,-0.017066492553925047,0.24407762410536155,0.38671875
53.20886814469078,0.0900758997155465,-0.017086503362737405,0.24362108954182338,0.41015625
53.24887481246875,0.09005502873114188,-0.01710650722246134,0.24316472251108506,0.33984375
53.28888148024671,0.09003415634830211,-0.0171265036827339,0.24270852295166784,0.41796875
53.328888148024674,0.0900132826959085,-0.017146491936664558,0.24225249080211542,0.37109375
53.36889481580263,0.08999240789470285,-0.017166470771269402,0.24179662600099422,0.390625
53.4089014835806,0.08997153203711293,-0.01718643851845847,0.24134092848689254,0.38671875
53.44890815135856,0.08995065514830809,-0.017206393212547584,0.24088539819842175,0.40234375
53.488914819136525,0.08992977679747119,-0.017226338698259624,0.24043003507421568,0.3359375
53.528921486914484,0.08990889684648541,-0.017246277385318975,0.239974839052931,0.3828125
53.56892815469245,0.0898880153937162,-0.0172662091293417,0.23951981007324602,0.421875
53.60893482247042,0.0898671325601819,-0.017286133479712848,0.2390649480738628,0.34765625
53.648941490248376,0.08984624847623496,-0.017306049629658038,0.23861025299350486,0.4296875
53.68894815802634,0.08982536326486976,-0.0173259563667112,0.2381557247709183,0.40625
53.7289548258043,0.08980447702166441,-0.017345852023743044,0.23770136334487219,0.32421875
53.76896149358227,0.08978358977505553,-0.017365734642854104,0.23724716865415796,0.36328125
53.80896816136023,0.08976270108573056,-0.0173856080842699,0.23679314063758905,0.4296875
53.84897482913819,0.0897418108128297,-0.017405474733696455,0.23633927923400166,0.3359375
53.88898149691615,0.08972091905497034,-0.01742533444618398,0.23588558438225465,0.375
53.92898816469412,0.0897000259339861,-0.01744518677082683,0.23543205602122919,0.3984375
53.96899483247208,0.0896791315816969,-0.01746503090099023,0.23497869408982885,0.40234375
54.009001500250044,0.08965823612334778,-0.017484865624733534,0.23452549852697913,0.41015625
54.04900816802801,0.0896373396576646,-0.017504689275891973,0.2340724692716284,0.36328125
54.08901483580597,0.08961644221631232,-0.017524499904451,0.23361960626274803,0.34375
54.129021503583935,0.0895955433514355,-0.017544301385900678,0.23316690943933055,0.39453125
54.169028171361894,0.08957464291952148,-0.017564096082028177,0.23271437874039197,0.39453125
54.20903483913986,0.08955374101944696,-0.017583883847295402,0.23226201410496977,0.3828125
54.24904150691782,0.0895328377738455,-0.017603664230594715,0.23180981547212443,0.3984375
54.289048174695786,0.08951193331600932,-0.0176234364254119,0.2313577827809386,0.36328125
54.329054842473745,0.08949102777344017,-0.017643199220298646,0.2309059159705173,0.4296875
54.36906151025171,0.08947012124800456,-0.01766295095008049,0.2304542149799877,0.390625
54.40906817802967,0.08944921377455756,-0.01768268967272266,0.23000267974849964,0.3984375
54.44907484580764,0.0894283048966571,-0.0177024192787284,0.22955131021522512,0.42578125
54.4890815135856,0.08940739446822052,-0.017722142106099043,0.22910010631935845,0.359375
54.52908818136356,0.08938648258838176,-0.01774185800873484,0.22864906800011614,0.3984375
54.56909484914153,0.08936556938058467,-0.017761566535284143,0.2281981951967379,0.36328125
54.60910151691949,0.08934465497959686,-0.017781266879341662,0.22774748784848436,0.41015625
54.649108184697454,0.08932373951515613,-0.017800957830054046,0.2272969458946389,0.4609375
54.68911485247541,0.08930282309228188,-0.017820637723166326,0.22684656927450775,0.33203125
54.72912152025338,0.08928190574897654,-0.017840304624736354,0.22639635792741863,0.421875
54.76912818803134,0.0892609870201692,-0.01785996244002996,0.22594631179272212,0.375
54.809134855809305,0.08924006675728911,-0.017879613483397113,0.22549643080979065,0.41796875
54.849141523587264,0.08921914505973,-0.017899257608177677,0.22504671491801947,0.34375
54.88914819136523,0.08919822205174702,-0.017918894362781504,0.22459716405682534,0.375
54.92915485914319,0.08917729786957984,-0.017938522940934537,0.22414777816564785,0.37109375
54.969161526921155,0.08915637264521648,-0.017958142132304563,0.2236985571839482,0.39453125
55.00916819469912,0.08913544648680607,-0.01797775027366155,0.22324950105121055,0.40234375
55.04917486247708,0.08911451943546222,-0.01799734543923453,0.22280060970694082,0.39453125
55.08918153025505,0.08909359101745383,-0.018016931548754573,0.22235188309066695,0.43359375
55.129188198033006,0.08907266108179789,-0.01803651089307996,0.2219033211419395,0.3828125
55.16919486581097,0.08905172972815109,-0.01805608332498983,0.22145492380033105,0.36328125
55.20920153358893,0.08903079708158082,-0.018075648392660924,0.22100669100543646,0.33203125
55.2492082013669,0.08900986327979923,-0.01809520528995239,0.22055862269687243,0.40234375
55.28921486914486,0.0889889284570386,-0.018114752807081004,0.22011071881427813,0.328125
55.32922153692282,0.08896799272458292,-0.018134289281806583,0.21966297929731476,0.37109375
55.36922820470078,0.08894705612662113,-0.01815381279660246,0.21921540408566553,0.33203125
55.40923487247875,0.08892611818070607,-0.01817332728549652,0.21876799311903594,0.328125
55.449241540256715,0.08890517873352709,-0.01819283501596765,0.21832074633715381,0.390625
55.489248208034674,0.08888423788501383,-0.018212335840200076,0.21787366367976857,0.34765625
55.52925487581264,0.08886329576104407,-0.018231829306156477,0.21742674508665222,0.32421875
55.5692615435906,0.0888423525008016,-0.018251314607837833,0.21697999049759892,0.42578125
55.609268211368565,0.08882140824076235,-0.018270790536010793,0.21653339985242426,0.33984375
55.649274879146525,0.08880046309534115,-0.018290255429435465,0.2160869730909667,0.3515625
55.68928154692449,0.08877951711175797,-0.01830970737894111,0.21564071015308617,0.37109375
55.72928821470245,0.08875856979881973,-0.018329150332562914,0.2151946109786655,0.37109375
55.769294882480416,0.08873762100097167,-0.018348586534514363,0.2147486755076084,0.33203125
55.809301550258375,0.08871667081840258,-0.01836801583646696,0.2143029036798415,0.37890625
55.84930821803634,0.08869571937780572,-0.018387437786154426,0.21385729543531307,0.375
55.88931488581431,0.0886747668198455,-0.018406851577680752,0.2134118507139937,0.359375
55.92932155359227,0.0886538132832349,-0.018426256002391745,0.2129665694558761,0.33984375
55.96932822137023,0.08863285888551714,-0.018445649400049918,0.21252145160097435,0.4140625
56.00933488914819,0.08861190367690136,-0.018465029869938532,0.21207649708932552,0.390625
56.04934155692616,0.08859094715741292,-0.01848440137384519,0.21163170586098784,0.3046875
56.08934822470412,0.08856998916932672,-0.01850376613287709,0.21118707785604157,0.40625
56.129354892482084,0.08854902981310182,-0.018523123998152216,0.21074261301458946,0.37109375
56.16936156026004,0.08852806921625214,-0.018542474517160786,0.21029831127675624,0.32421875
56.20936822803801,0.08850710752090615,-0.018561816884193408,0.2098541725826878,0.36328125
56.24937489581597,0.08848614486801692,-0.018581149891159086,0.20941019687255313,0.3828125
56.289381563593935,0.08846518137826054,-0.0186004718787913,0.20896638408654244,0.40234375
56.329388231371894,0.08844421710478984,-0.018619780954938363,0.20852273416486805,0.37109375
56.36939489914986,0.08842325153881346,-0.01863908109489252,0.20807924704776415,0.3828125
56.409401566927826,0.08840228452051388,-0.018658374496786978,0.2076359226754872,0.3671875
56.449408234705786,0.08838131615062227,-0.018677661011192438,0.20719276098831518,0.37109375
56.48941490248375,0.08836034655747119,-0.018696940185374517,0.20674976192654793,0.39453125
56.52942157026171,0.08833937588466093,-0.018716211213778262,0.20630692543050783,0.3359375
56.56942823803968,0.08831840427538776,-0.018735472888858302,0.20586425144053838,0.3671875
56.609434905817636,0.08829743185344008,-0.018754723552408314,0.2054217398970054,0.375
56.6494415735956,0.08827645867487677,-0.01877396132091199,0.20497939074029653,0.390625
56.68944824137356,0.08825548422206417,-0.018793190182879036,0.2045372039108213,0.3515625
56.72945490915153,0.08823450833316532,-0.018812412313622403,0.20409517934901128,0.36328125
56.76946157692949,0.08821353110918607,-0.018831627563166836,0.2036533169953197,0.375
56.80946824470745,0.08819255267927861,-0.01885083547855882,0.20321161679022126,0.34375
56.84947491248542,0.08817157318851546,-0.018870035254399224,0.20277007867421304,0.34375
56.88948158026338,0.08815059278232965,-0.018889225683717554,0.202328702587814,0.3828125
56.929488248041345,0.08812961158762785,-0.018908405109329594,0.20188748847156457,0.3671875
56.969494915819304,0.08810862966333559,-0.018927571656431122,0.20144643626602726,0.38671875
57.00950158359727,0.0880876464829287,-0.01894672932657641,0.20100554591178604,0.30859375
57.04950825137523,0.08806666188263022,-0.018965880272376577,0.20056481734944742,0.3515625
57.089514919153196,0.08804567596373236,-0.01898502434327007,0.20012425051963878,0.39453125
57.129521586931155,0.08802468885620335,-0.01900416108610965,0.19968384536300998,0.33203125
57.16952825470912,0.08800370070658832,-0.019023289695655095,0.1992436018202322,0.33203125
57.20953492248708,0.0879827116625556,-0.01904240896551501,0.19880351983199912,0.34375
57.249541590265046,0.08796172185412625,-0.01906151723953598,0.19836359933902487,0.328125
57.28954825804301,0.08794073134304568,-0.019080612651735003,0.1979238402820468,0.3515625
57.32955492582097,0.08791973959387601,-0.019099699216426538,0.197484242601823,0.328125
57.36956159359894,0.08789874644098082,-0.019118779063630062,0.19704480623913367,0.33984375
57.4095682613769,0.08787775198591855,-0.019137852042304535,0.19660553113478096,0.3828125
57.44957492915486,0.08785675635949318,-0.01915691769902792,0.19616641722958805,0.37890625
57.48958159693282,0.0878357597097172,-0.019175975228746915,0.1957274644644006,0.33203125
57.52958826471079,0.08781476218649321,-0.01919502342565165,0.19528867278008566,0.38671875
57.56959493248875,0.08779376392295285,-0.01921406063462825,0.19485004211753176,0.3359375
57.609601600266714,0.08777276498361783,-0.019233084998605238,0.19441157241764961,0.33984375
57.64960826804467,0.08775176482410738,-0.019252100544408703,0.1939732636213714,0.36328125
57.68961493582264,0.08773076327699529,-0.019271109379623015,0.19353511566965031,0.3671875
57.729621603600606,0.08770976044412668,-0.019290111352647438,0.1930971285034624,0.37109375
57.769628271378565,0.08768875645711986,-0.01930910600989203,0.1926593020638046,0.33984375
57.80963493915653,0.08766775146546005,-0.019328092546470263,0.19222163629169575,0.4140625
57.84964160693449,0.08764674562129024,-0.019347069757123556,0.19178413112817633,0.328125
57.88964827471246,0.08762573906084585,-0.01936603598779966,0.19134678651430825,0.34375
57.929654942490416,0.08760473185137987,-0.019384989390433274,0.19090960239117538,0.33984375
57.96966161026838,0.08758372343954104,-0.01940393400411259,0.19047257869988266,0.32421875
58.00966827804634,0.08756271365618662,-0.019422871914123292,0.19003571538155745,0.38671875
58.04967494582431,0.08754170260344664,-0.019441802968326205,0.189599012377348,0.33203125
58.08968161360227,0.08752069041376408,-0.019460726712925768,0.1891624696284246,0.3828125
58.12968828138023,0.08749967723810073,-0.019479642343188573,0.18872608707597882,0.32421875
58.16969494915819,0.08747866323082126,-0.019498548654490237,0.18828986466122416,0.3984375
58.20970161693616,0.08745764853126538,-0.019517443993828768,0.18785380232539506,0.36328125
58.249708284714124,0.08743663320938203,-0.019536326522192986,0.18741790000974812,0.359375
58.28971495249208,0.08741561670281733,-0.019555200290710714,0.1869821576555618,0.3203125
58.32972162027005,0.0873945988407861,-0.01957406736249872,0.18654657520413503,0.34765625
58.36972828804801,0.0873735797257047,-0.019592927584885532,0.1861111525967893,0.35546875
58.409734955825975,0.0873525594908428,-0.019611780503870548,0.18567588977486715,0.41796875
58.449741623603934,0.08733153828863358,-0.019630625314899786,0.18524078667973254,0.4375
58.4897482913819,0.08731051627567132,-0.01964946081394616,0.18480584325277116,0.328125
58.52975495915986,0.08728949359440026,-0.019668285349046848,0.18437105943539012,0.34765625
58.569761626937826,0.08726847031740279,-0.019687097090413223,0.18393643516901798,0.40625
58.609768294715785,0.08724744587330152,-0.019705900100946146,0.18350197039510552,0.3046875
58.64977496249375,0.08722642008974939,-0.01972469642168976,0.18306766505512373,0.3984375
58.68978163027172,0.08720539306944772,-0.019743485899460088,0.18263351909056602,0.3671875
58.72978829804968,0.08718436494649315,-0.019762268080058307,0.1821995324429465,0.390625
58.76979496582764,0.08716333587479136,-0.019781042159109766,0.18176570505380168,0.41015625
58.8098016336056,0.08714230601316345,-0.019799806933194355,0.18133203686468918,0.36328125
58.84980830138357,0.08712127550715126,-0.019818560751410263,0.18089852781718802,0.34375
58.88981496916153,0.08710024443193305,-0.019837301793245075,0.18046517785289817,0.3828125
58.929821636939494,0.08707921220708881,-0.019856034133105237,0.18003198691344185,0.35546875
58.96982830471745,0.08705817865876267,-0.019874759790177603,0.1795989549404619,0.34375
59.00983497249542,0.08703714388994797,-0.019893478610747008,0.17916608187562316,0.3671875
59.04984164027338,0.08701610803557885,-0.01991219014037911,0.17873336766061182,0.30078125
59.089848308051344,0.08699507125102837,-0.019930893574904712,0.17830081223713495,0.3828125
59.12985497582931,0.08697403369734327,-0.019949587711513065,0.1778684155469219,0.359375
59.16986164360727,0.08695299552315895,-0.019968270900373775,0.1774361775317228,0.41015625
59.209868311385236,0.08693195680620405,-0.019986941330335357,0.17700409813330897,0.34765625
59.249874979163195,0.08691091695698785,-0.020005603087089655,0.1765721772934737,0.30859375
59.28988164694116,0.08688987580022622,-0.020024258168055788,0.17614041495403132,0.37109375
59.32988831471912,0.08686883343921042,-0.020042906418973952,0.1757088110568174,0.37890625
59.36989498249709,0.08684779000969607,-0.02006154738525403,0.1752773655436891,0.37890625
59.409901650275046,0.08682674566852737,-0.02008018026291864,0.17484607835652477,0.33203125
59.44990831805301,0.08680570057898448,-0.020098803849731228,0.1744149494372237,0.33203125
59.48991498583097,0.08678465489278847,-0.0201174164969578,0.17398397872770743,0.30859375
59.52992165360894,0.0867636086901713,-0.02013601640289854,0.17355316616991817,0.37109375
59.5699283213869,0.08674256137255036,-0.020154607664284924,0.17312251170581966,0.31640625
59.60993498916486,0.08672151276328269,-0.02017319225690401,0.1726920152773967,0.3515625
59.64994165694283,0.08670046296595606,-0.02019177002597075,0.17226167682665544,0.39453125
59.68994832472079,0.08667941211715677,-0.02021034051670676,0.17183149629562378,0.33984375
59.729954992498755,0.08665836037520579,-0.020228902925306658,0.1714014736263501,0.29296875
59.769961660276714,0.08663730790559589,-0.020247456050196004,0.17097160876090461,0.34375
59.80996832805468,0.08661625486313536,-0.020265998243721148,0.1705419016413784,0.3359375
59.84997499583264,0.08659520133052087,-0.02028452771368478,0.17011235220988424,0.3203125
59.889981663610605,0.08657414670005394,-0.020303048567632716,0.16968296040855596,0.37890625
59.929988331388564,0.08655309079380129,-0.020321562759855177,0.16925372617954865,0.33984375
59.96999499916653,0.0865320337156498,-0.020340070135043485,0.16882464946503845,0.31640625
60.01000166694449,0.08651097560301788,-0.02035857023823292,0.16839573020722348,0.36328125
60.050008334722456,0.08648991661569806,-0.02037706226581626,0.1679669683483211,0.3125
60.09001500250042,0.08646885692140371,-0.020395545016844135,0.16753836383057225,0.34765625
60.13002167027838,0.08644779667803065,-0.02041401684473389,0.16710991659623786,0.33203125
60.17002833805635,0.08642673597067078,-0.020432475966972553,0.16668162658760005,0.359375
60.21003500583431,0.08640567418250802,-0.020450926501603392,0.16625349374696236,0.375
60.25004167361227,0.0863846111343837,-0.020469370381568375,0.1658255180166493,0.32421875
60.29004834139023,0.08636354693048504,-0.020487807451041222,0.1653976993390069,0.3046875
60.3300550091682,0.08634248170906458,-0.02050623725487168,0.1649700376564019,0.34765625
60.37006167694616,0.08632141563138572,-0.02052465898965687,0.1645425329112225,0.38671875
60.410068344724124,0.08630034886738103,-0.02054307145507664,0.16411518504587802,0.33203125
60.45007501250208,0.08627928157802592,-0.020561473005644294,0.16368799400279888,0.31640625
60.49008168028005,0.08625821385077727,-0.020579861868541872,0.16326095972443666,0.34765625
60.530088348058015,0.08623714505966133,-0.020598242172164084,0.16283408215326378,0.36328125
60.570095015835975,0.08621607502436535,-0.020616615828221573,0.16240736123177402,0.36328125
60.61010168361394,0.08619500384938975,-0.020634982680329483,0.16198079690248202,0.3828125
60.6501083513919,0.08617393167381653,-0.020653342273179026,0.1615543891079243,0.3203125
60.690115019169866,0.0861528586603808,-0.02067169380357158,0.16112813779065743,0.33984375
60.730121686947825,0.08613178498123174,-0.02069003607182522,0.16070204289325957,0.42578125
60.77012835472579,0.08611071080042138,-0.020708367433552942,0.1602761043583299,0.31640625
60.81013502250375,0.08608963620771796,-0.020726686125740308,0.15985032212848888,0.3125
60.85014169028172,0.08606856056798329,-0.020744996286851988,0.15942469614637766,0.34765625
60.890148358059676,0.08604748369982233,-0.02076329980747949,0.15899922635465852,0.328125
60.93015502583764,0.08602640570803172,-0.020781596530762406,0.1585739126960149,0.30859375
60.9701616936156,0.08600532673252932,-0.02079988600121488,0.1581487551131514,0.33984375
61.01016836139357,0.08598424693753078,-0.02081816741580971,0.1577237535487933,0.34375
61.050175029171534,0.0859631664973959,-0.020836439575525265,0.15729890794568696,0.375
61.09018169694949,0.085942085579249,-0.020854700837084295,0.15687421824659997,0.3671875
61.13018836472746,0.08592100427512159,-0.020872949447357923,0.15644968439432094,0.359375
61.17019503250542,0.08589992194069511,-0.02089118955464425,0.156025306331659,0.359375
61.210201700283385,0.08587883839355427,-0.020909423028565036,0.15560108400144496,0.359375
61.250208368061344,0.08585775373880306,-0.02092764971174973,0.1551770173465301,0.37109375
61.29021503583931,0.0858366681172017,-0.02094586914851699,0.15475310630978684,0.3828125
61.33022170361727,0.08581558169442673,-0.02096408053609566,0.15432935083410854,0.3515625
61.370228371395235,0.08579449464705183,-0.020982282676108754,0.15390575086240954,0.3671875
61.410235039173195,0.08577340714527976,-0.021000473926355165,0.15348230633762516,0.35546875
61.45024170695116,0.08575231928335045,-0.021018652543698977,0.15305901720271164,0.2734375
61.49024837472913,0.08573123040775193,-0.021036822686029365,0.15263588340064593,0.33203125
61.530255042507086,0.08571014033511327,-0.021054986202134442,0.15221290487442646,0.38671875
61.57026171028505,0.08568904917084894,-0.02107314293413174,0.15179008156707213,0.328125
61.61026837806301,0.085667957056557,-0.021091292426171575,0.15136741342162263,0.29296875
61.65027504584098,0.08564686415938512,-0.021109433875699437,0.15094490038113884,0.33203125
61.69028171361894,0.08562577065812298,-0.021127566084972578,0.15052254238870244,0.375
61.7302883813969,0.08560467672602971,-0.021145687412947707,0.1501003393874164,0.33984375
61.77029504917486,0.08558358245950795,-0.02116379612654976,0.14967829132040394,0.3515625
61.81030171695283,0.08556248719584977,-0.021181896392979994,0.14925639813080932,0.28515625
61.85030838473079,0.08554139075078848,-0.021199990040343508,0.14883465976179772,0.36328125
61.890315052508754,0.08552029323005106,-0.021218076910250447,0.14841307615655547,0.359375
61.93032172028672,0.0854991947760749,-0.02123615654668339,0.14799164725828906,0.32421875
61.97032838806468,0.08547809555747785,-0.021254228147312357,0.14757037301022646,0.3203125
62.010335055842646,0.08545699575526003,-0.021272290515049246,0.1471492533556164,0.33984375
62.050341723620605,0.08543589554574196,-0.021290342009980173,0.1467282882377281,0.35546875
62.09034839139857,0.08541479502744423,-0.021308380909152123,0.14630747759985196,0.37890625
62.13035505917653,0.08539369352843172,-0.021326411388921638,0.1458868213852989,0.26171875
62.170361726954496,0.08537259086361132,-0.02134443525682063,0.14546631953740052,0.3203125
62.210368394732455,0.08535148713903376,-0.021362452353917722,0.1450459719995098,0.35546875
62.25037506251042,0.08533038249797253,-0.02138046222404928,0.14462577871499993,0.3203125
62.29038173028838,0.08530927711051559,-0.021398464065112976,0.14420573962726557,0.3515625
62.33038839806635,0.08528817115987117,-0.021416456680682608,0.14378585467972138,0.3203125
62.370395065844306,0.08526706482541799,-0.02143443843197789,0.14336612381580305,0.3359375
62.41040173362227,0.0852459582077385,-0.02145240760627383,0.14294654697896692,0.3203125
62.45040840140024,0.08522485062567065,-0.02147036838880301,0.14252712411269042,0.2734375
62.4904150691782,0.08520374189336205,-0.02148832256664041,0.14210785516047192,0.32421875
62.530421736956164,0.08518263211717106,-0.02150626998038894,0.1416887400658297,0.36328125
62.57042840473412,0.08516152144121235,-0.021524210173726264,0.14126977877230368,0.37890625
62.61043507251209,0.08514041003705407,-0.02154214234474047,0.14085097122345325,0.3125
62.65044174029005,0.08511929809010535,-0.02156006529769387,0.1404323173628601,0.3515625
62.690448408068015,0.08509818578280004,-0.02157797739494402,0.14001381713412514,0.3046875
62.730455075845974,0.08507707321773048,-0.021595876934079935,0.13959547048087118,0.328125
62.77046174362394,0.08505595970449936,-0.021613768108972253,0.1391772773467409,0.328125
62.8104684114019,0.08503484505655284,-0.02163165268638889,0.138759237675398,0.3125
62.850475079179866,0.08501372938056832,-0.02164953050643294,0.13834135141052678,0.3515625
62.89048174695783,0.08499261282150819,-0.02166740111260466,0.13792361849583235,0.31640625
62.93048841473579,0.08497149555240019,-0.021685263703267805,0.1375060388750402,0.3203125
62.97049508251376,0.0849503777608585,-0.02170311708335475,0.13708861249189674,0.2890625
63.010501750291716,0.08492925963237706,-0.021720959616332726,0.13667133929016922,0.30078125
63.05050841806968,0.08490814127150256,-0.02173878961020332,0.13625421921364472,0.32421875
63.09051508584764,0.08488702197859403,-0.021756611267242553,0.1358372522061319,0.32421875
63.13052175362561,0.08486590156645842,-0.021774426334040226,0.13542043821145905,0.296875
63.17052842140357,0.08484478014209396,-0.02179223465020413,0.13500377717347628,0.26171875
63.21053508918153,0.0848236578513072,-0.021810035759078646,0.134587269036053,0.328125
63.25054175695949,0.08480253486859532,-0.021827828859267595,0.13417091374308027,0.328125
63.29054842473746,0.08478141138377994,-0.021845612756361307,0.13375471123846905,0.2890625
63.330555092515425,0.08476028758538764,-0.02186338581503701,0.13333866146615136,0.31640625
63.370561760293384,0.08473916357988581,-0.021881146353718232,0.13292276437007966,0.32421875
63.41056842807135,0.08471803865837998,-0.021898898582865936,0.13250701989422653,0.33203125
63.45057509584931,0.08469691263309778,-0.02191664422902715,0.132091427982586,0.33984375
63.490581763627276,0.08467578561136137,-0.021934383131312643,0.13167598857917184,0.34765625
63.530588431405235,0.0846546577398217,-0.021952114832917972,0.13126070162801873,0.36328125
63.5705950991832,0.08463352919444561,-0.021969838532688395,0.1308455670731819,0.30859375
63.61060176696116,0.08461240016725509,-0.021987553036898887,0.13043058485873704,0.3046875
63.65060843473913,0.08459127084982558,-0.0220052567113646,0.1300157549287801,0.27734375
63.690615102517086,0.08457014135046799,-0.022022947885108876,0.12960107722742814,0.29296875
63.73062177029505,0.0845490109510338,-0.02204063077652546,0.129186551698818,0.296875
63.77062843807301,0.08452787946324197,-0.02205830709220921,0.12877217828710785,0.28515625
63.81063510585098,0.08450674699473536,-0.022075976670797675,0.12835795693647567,0.34375
63.850641773628944,0.08448561369301097,-0.022093639055338128,0.12794388759112024,0.33203125
63.8906484414069,0.08446447973550433,-0.022111293444925163,0.12752997019526074,0.3359375
63.93065510918487,0.08444334531643664,-0.022128938646519162,0.12711620469313661,0.30859375
63.97066177696283,0.08442221063042281,-0.02214657302710258,0.12670259102900822,0.34375
64.01066844474079,0.08440107578758918,-0.02216419492628391,0.1262891291471563,0.30859375
64.05067511251876,0.08437994006055916,-0.022181808570042944,0.125875818991882,0.3359375
64.09068178029672,0.08435880326054311,-0.02219941564538058,0.1254626605075067,0.32421875
64.13068844807468,0.08433766549551165,-0.02221701599044437,0.1250496536383724,0.31640625
64.17069511585264,0.08431652691381908,-0.022234609148098213,0.12463679832884056,0.34765625
64.21070178363061,0.0842953876943648,-0.022252194317706163,0.12422409452329453,0.3203125
64.25070845140857,0.08427424803356624,-0.0222697703069245,0.12381154216613721,0.34375
64.29071511918653,0.084253108129075,-0.02228733548390483,0.12339914120179213,0.296875
64.3307217869645,0.08423196809275454,-0.022304888199016753,0.12298689157470344,0.29296875
64.37072845474246,0.08421082718793303,-0.02232243268583888,0.12257479322933545,0.3203125
64.41073512252042,0.08418968522546531,-0.022339970611548705,0.12216284611017292,0.34375
64.45074179029838,0.08416854231365672,-0.022357501813788292,0.12175105016172072,0.3046875
64.49074845807635,0.08414739860169987,-0.022375025835317523,0.12133940532850418,0.27734375
64.53075512585431,0.08412625426996152,-0.02239254187575959,0.12092791155506971,0.359375
64.57076179363227,0.08410510951706532,-0.022410048743427155,0.12051656878598282,0.2890625
64.61076846141023,0.08408396454368974,-0.02242754480766957,0.1201053769658304,0.30859375
64.6507751291882,0.08406281946339116,-0.022445028429661788,0.11969433603921897,0.28515625
64.69078179696616,0.08404167353023635,-0.022462503850214595,0.11928344595077572,0.36328125
64.73078846474412,0.08402052655473774,-0.02247997271698378,0.11887270664514848,0.31640625
64.7707951325221,0.08399937864553315,-0.02249743486712546,0.11846211806700457,0.3203125
64.81080180030006,0.08397822995266342,-0.02251488984326467,0.11805168016103251,0.296875
64.85080846807801,0.08395708065796922,-0.0225323368452624,0.11764139287194036,0.26953125
64.89081513585597,0.08393593096225685,-0.022549774682173493,0.11723125614445701,0.34765625
64.93082180363395,0.08391478106923383,-0.02256720172453009,0.1168212699233313,0.3359375
64.9708284714119,0.08389363109410408,-0.022584616344357926,0.1164114341533326,0.30078125
65.01083513918987,0.08387248028166899,-0.022602022789483846,0.11600174877925018,0.27734375
65.05084180696782,0.08385132844215548,-0.022619422688173248,0.11559221374589396,0.2890625
65.0908484747458,0.08383017568453567,-0.02263681587709987,0.11518282899809412,0.296875
65.13085514252376,0.08380902215970043,-0.022654201898753997,0.11477359448070074,0.328125
65.17086181030172,0.08378786805095823,-0.02267157995326076,0.11436451013858417,0.34375
65.21086847807969,0.08376671356130669,-0.02268894885038196,0.11395557591663519,0.328125
65.25087514585765,0.0837455588974827,-0.022706306961823887,0.11354679175976518,0.359375
65.29088181363561,0.08372440417626399,-0.02272365267061323,0.11313815761290491,0.25390625
65.33088848141357,0.08370324863319174,-0.022740990231346455,0.11272967342100582,0.3125
65.37089514919154,0.08368209207827487,-0.02275832125298854,0.11232133912903935,0.2890625
65.4109018169695,0.08366093462081596,-0.02277564557175549,0.1119131546819977,0.359375
65.45090848474746,0.08363977641255774,-0.022792962730002954,0.11150512002489266,0.32421875
65.49091515252542,0.08361861763827574,-0.02281027192812538,0.11109723510275621,0.3125
65.53092182030339,0.08359745850315682,-0.022827571976597672,0.11068949986064064,0.328125
65.57092848808135,0.08357629921695905,-0.02284486124832236,0.11028191424361872,0.34765625
65.61093515585931,0.08355513989798809,-0.022862138137371618,0.10987447819678292,0.32421875
65.65094182363728,0.08353397977253321,-0.022879406904859866,0.10946719166524582,0.31640625
65.69094849141524,0.08351281865041411,-0.02289666914068072,0.10906005459414064,0.328125
65.7309551591932,0.08349165664128828,-0.022913924680512728,0.10865306692862037,0.2734375
65.77096182697116,0.0834704938977452,-0.022931173066603264,0.10824622861385796,0.3125
65.81096849474913,0.08344933060602745,-0.02294841349961816,0.10783953959504694,0.28515625
65.85097516252709,0.08342816697351367,-0.02296564479073466,0.10743299981740084,0.3125
65.89098183030505,0.08340700321296968,-0.022982865314092483,0.10702660922615309,0.3515625
65.93098849808301,0.08338583944416779,-0.023000073474908442,0.10662036776655714,0.30078125
65.97099516586098,0.08336467488416446,-0.02301727354052913,0.10621427538388684,0.31640625
66.01100183363894,0.08334350934265655,-0.02303446708186525,0.10580833202343587,0.26953125
66.0510085014169,0.0833223429296317,-0.023051653934158433,0.10540253763051838,0.2734375
66.09101516919486,0.08330117579853771,-0.023068833639512128,0.10499689215046804,0.296875
66.13102183697283,0.08328000813708365,-0.023086005398868632,0.10459139552863889,0.3359375
66.1710285047508,0.08325884015482829,-0.023103168024147296,0.10418604771040502,0.28515625
66.21103517252875,0.08323767206756148,-0.023120319890658627,0.10378084864116066,0.3125
66.25104184030673,0.0832165039964769,-0.0231374594148026,0.10337579826631954,0.296875
66.29104850808469,0.08319533514936066,-0.023154590870083612,0.10297089653131636,0.31640625
66.33105517586264,0.08317416533585754,-0.023171715808498874,0.10256614338160491,0.30078125
66.3710618436406,0.08315299466629761,-0.023188834064818697,0.10216153876265965,0.2734375
66.41106851141858,0.08313182329498295,-0.02320594518102374,0.10175708261997435,0.26171875
66.45107517919654,0.083110651411088,-0.02322304835833999,0.1013527748990638,0.33203125
66.4910818469745,0.08308947922635572,-0.023240142409412013,0.10094861554546175,0.29296875
66.53108851475245,0.08306830695958548,-0.023257225710766126,0.10054460450472291,0.30078125
66.57109518253043,0.08304713473333016,-0.02327429669008356,0.10014074172242077,0.2734375
66.61110185030839,0.08302596174613328,-0.02329135962671909,0.09973702714414995,0.28125
66.65110851808635,0.08300478780763,-0.02330841605392662,0.09933346071552451,0.36328125
66.69111518586432,0.08298361302848489,-0.023325465806043402,0.09893004238217834,0.265625
66.73112185364228,0.0829624375638754,-0.023342508424859226,0.0985267720897659,0.30078125
66.77112852142024,0.08294126160443191,-0.023359543111919377,0.09812364978396082,0.2890625
66.8111351891982,0.08292008536407848,-0.023376568680602762,0.0977206754104572,0.33203125
66.85114185697617,0.08289890906462072,-0.02339358350865563,0.09731784891496825,0.2890625
66.89114852475413,0.08287773282991279,-0.023410586035121295,0.09691517024322849,0.27734375
66.93115519253209,0.08285655584926385,-0.023427580544973854,0.09651263934099136,0.2890625
66.97116186031005,0.08283537793235213,-0.02344456855285411,0.09611025615403024,0.22265625
67.01116852808802,0.08281419919019961,-0.02346154989259421,0.09570802062813849,0.30859375
67.05117519586598,0.0827930197788185,-0.023478524105944202,0.09530593270912968,0.30078125
67.09118186364394,0.08277183989031511,-0.023495490394700377,0.09490399234283736,0.27734375
67.13118853142191,0.08275065974079313,-0.023512447572978996,0.09450219947511401,0.30078125
67.17119519919987,0.0827294795550594,-0.02352939401975649,0.09410055405183315,0.30078125
67.21120186697783,0.08270829945821363,-0.023546328185509165,0.0936990560188874,0.29296875
67.25120853475579,0.082687118630338,-0.023563254360607612,0.09329770532218984,0.28125
67.29121520253376,0.08266593688120655,-0.02358017404120604,0.09289650190767262,0.3359375
67.33122187031172,0.0826447543221894,-0.023597087060675086,0.09249544572128832,0.28515625
67.37122853808968,0.08262357111015647,-0.023613992960649647,0.09209453670900913,0.30078125
67.41123520586764,0.0826023874386786,-0.023630890943219858,0.09169377481682683,0.30078125
67.45124187364561,0.08258120352603686,-0.023647779823245372,0.09129315999075366,0.2734375
67.49124854142357,0.08256001960002557,-0.023664657980973464,0.09089269217682144,0.265625
67.53125520920153,0.08253883578695276,-0.023681523878318036,0.09049237132108151,0.3203125
67.5712618769795,0.08251765125767307,-0.023698381810855235,0.090092197369605,0.2890625
67.61126854475746,0.0824964658221069,-0.023715233256385602,0.08969217026848308,0.29296875
67.65127521253542,0.0824752795919761,-0.02373207804781438,0.0892922899638266,0.29296875
67.69128188031338,0.08245409272500814,-0.02374891572666877,0.08889255640176624,0.3125
67.73128854809136,0.08243290541623867,-0.023765745495334764,0.08849296952845231,0.2734375
67.77129521586932,0.082411717886123,-0.023782566169423553,0.08809352929005532,0.29296875
67.81130188364727,0.0823905303654616,-0.023799376130381175,0.0876942356327649,0.27734375
67.85130855142523,0.08236934298166912,-0.02381617385178652,0.08729508850279083,0.29296875
67.89131521920321,0.08234815489640478,-0.023832963634121677,0.08689608784636238,0.3125
67.93132188698117,0.08232696591978698,-0.02384974693695859,0.08649723360972922,0.3359375
67.97132855475913,0.08230577616389068,-0.023866523592742852,0.08609852573915933,0.3125
68.0113352225371,0.08228458578730219,-0.023883293142895175,0.08569996418094183,0.32421875
68.05134189031506,0.08226339498652037,-0.02390005479010563,0.08530154888138519,0.3203125
68.09134855809302,0.08224220398417452,-0.023916807350735717,0.084903279786817,0.296875
68.13135522587098,0.08222101301405549,-0.023933549207477985,0.08450515684358528,0.2890625
68.17136189364895,0.08219982220464768,-0.02395027884557482,0.08410717999805734,0.33984375
68.21136856142691,0.08217863070841565,-0.02396700057023005,0.0837093491966201,0.30078125
68.25137522920487,0.0821574383357267,-0.023983715822912127,0.08331166438568033,0.328125
68.29138189698283,0.08213624519899952,-0.02400042443564786,0.08291412551166466,0.26171875
68.3313885647608,0.08211505145770201,-0.024017125949681,0.08251673252101882,0.296875
68.37139523253876,0.0820938573097855,-0.024033819568044054,0.0821194853602088,0.30859375
68.41140190031672,0.08207266298005043,-0.024050504107856974,0.08172238397571979,0.296875
68.45140856809469,0.0820514687052746,-0.024067177953062832,0.08132542831405676,0.2578125
68.49141523587265,0.0820302746149522,-0.024083839600646837,0.08092861832174447,0.28515625
68.53142190365061,0.0820090798523678,-0.02410049336030425,0.0805319539453273,0.33984375
68.57142857142857,0.08198788422818593,-0.024117140655531992,0.08013543513136911,0.234375
68.61143523920654,0.08196668785519355,-0.02413378131786388,0.07973906182645302,0.29296875
68.6514419069845,0.08194549089369631,-0.024150414888522535,0.07934283397718217,0.25
68.69144857476246,0.08192429354312031,-0.024167040570809015,0.0789467515301796,0.265625
68.73145524254042,0.08190309603043489,-0.02418365718260786,0.07855081443208739,0.26953125
68.7714619103184,0.0818818985954005,-0.024200263109119765,0.07815502262956753,0.26953125
68.81146857809635,0.08186070136846232,-0.024216856859144313,0.07775937606930122,0.27734375
68.85147524587431,0.08183950348373852,-0.024233442746647932,0.07736387469798944,0.26953125
68.89148191365227,0.08181830475224,-0.02425002217728267,0.07696851846235309,0.296875
68.93148858143024,0.0817971052871128,-0.024266594982130293,0.07657330730913164,0.23828125
68.9714952492082,0.08177590524952383,-0.024283160702317622,0.07617824118508515,0.30078125
69.01150191698616,0.08175470484036176,-0.024299718541458976,0.07578332003699273,0.29296875
69.05150858476414,0.08173350428875202,-0.024316267318243413,0.07538854381165316,0.3125
69.0915152525421,0.0817123038374552,-0.024332805419064095,0.07499391245588444,0.2890625
69.13152192032005,0.0816911036177974,-0.024349331364643317,0.07459942591652469,0.29296875
69.17152858809801,0.08166990275474563,-0.024365849472997025,0.07420508414043081,0.28515625
69.21153525587599,0.08164870105970548,-0.0243823611320588,0.07381088707447969,0.265625
69.25154192365395,0.08162749864618306,-0.02439886617246398,0.0734168346655677,0.29296875
69.2915485914319,0.08160629567620842,-0.02441536413524378,0.07302292686061057,0.265625
69.33155525920986,0.08158509235213186,-0.024431854224330838,0.07262916360654365,0.26953125
69.37156192698784,0.08156388890525482,-0.02444833525915046,0.07223554485032119,0.27734375
69.4115685947658,0.08154268558129063,-0.024464805627439926,0.07184207053891772,0.2890625
69.45157526254376,0.08152148251240718,-0.02448126386184661,0.07144874061932699,0.25390625
69.49158193032173,0.08150027881443768,-0.024497714284212078,0.07105555503856154,0.26171875
69.53158859809969,0.08147907429922852,-0.02451415826488274,0.07066251374365451,0.2890625
69.57159526587765,0.08145786908064967,-0.024530595634043924,0.07026961668165715,0.32421875
69.6116019336556,0.08143666332159401,-0.02454702593263863,0.06987686379964136,0.28515625
69.65160860143358,0.08141545722587358,-0.024563448364919676,0.06948425504469746,0.23828125
69.69161526921154,0.08139425102695166,-0.024579861751093904,0.06909179036393626,0.28125
69.7316219369895,0.08137304497351341,-0.024596264480171378,0.06869946970448693,0.36328125
69.77162860476746,0.08135183919849644,-0.024612655096835898,0.06830729301349886,0.34375
69.81163527254543,0.08133063280861764,-0.024629037926534612,0.06791526023814032,0.30859375
69.85164194032339,0.0813094256162007,-0.024645414322187562,0.06752337132559916,0.3203125
69.89164860810135,0.08128821773550292,-0.024661784113461708,0.06713162622308216,0.2421875
69.93165527587932,0.08126700933027005,-0.02467814684125005,0.06674002487781638,0.29296875
69.97166194365728,0.08124580060577431,-0.02469450171013379,0.06634856723704774,0.265625
70.01166861143524,0.08122459179764042,-0.02471084754110014,0.06595725324804153,0.2578125
70.0516752792132,0.08120338315752024,-0.024727182724441986,0.06556608285808224,0.29296875
70.09168194699117,0.08118217481906051,-0.024743505816950246,0.06517505601447371,0.26171875
70.13168861476913,0.08116096587988,-0.02475982114746031,0.06478417266453962,0.31640625
70.17169528254709,0.08113975615284891,-0.024776130051515625,0.06439343275562243,0.2734375
70.21170195032505,0.08111854575256869,-0.024792432358416265,0.06400283623508429,0.30859375
70.25170861810302,0.08109733484366105,-0.024808727608935537,0.06361238305030636,0.2578125
70.29171528588098,0.08107612363285853,-0.024825015007983987,0.0632220731486891,0.29296875
70.33172195365894,0.08105491235794435,-0.024841293377337176,0.06283190647765258,0.27734375
70.37172862143692,0.08103370127353371,-0.024857561108574833,0.06244188298463593,0.3203125
70.41173528921487,0.08101249051391979,-0.024873816770671298,0.06205200261709781,0.26171875
70.45174195699283,0.08099127916764509,-0.024890064695624447,0.06166226532251606,0.3203125
70.49174862477079,0.08097006704815926,-0.024906306201768712,0.06127267104838752,0.31640625
70.53175529254877,0.08094885427043286,-0.02492254111796381,0.06088321974222849,0.24609375
70.57176196032673,0.08092764099995223,-0.02493876898490663,0.060493911351574725,0.2265625
70.61176862810468,0.08090642744491068,-0.02495498900783806,0.06010474582398079,0.2890625
70.65177529588264,0.080885213845236,-0.02497120000936479,0.05971572310702106,0.296875
70.69178196366062,0.08086400045852514,-0.02498740038228687,0.059326843148288455,0.32421875
70.73178863143858,0.08084278741964539,-0.025003588707867373,0.05893810589539594,0.296875
70.77179529921654,0.08082157380808339,-0.025019769321050926,0.05854951129597513,0.296875
70.81180196699451,0.08080035943791342,-0.02503594352308719,0.05816105929767662,0.265625
70.85180863477247,0.08077914442447595,-0.025052111142402182,0.0577727498481711,0.35546875
70.89181530255043,0.08075792893412442,-0.02506827171961341,0.057384582895147696,0.30078125
70.93182197032839,0.08073671317651115,-0.025084424460300334,0.056996558386314955,0.2421875
70.97182863810636,0.08071549739372967,-0.02510056818783003,0.05660867626940086,0.3046875
71.01183530588432,0.08069428184630842,-0.025116701296379027,0.05622093649215254,0.3125
71.05184197366228,0.08067306666965009,-0.025132822379493856,0.05583333900233606,0.26953125
71.09184864144024,0.08065185093420754,-0.025148935774848776,0.05544588374773651,0.2734375
71.13185530921821,0.08063063445472336,-0.025165042766735583,0.055058570676158214,0.25390625
71.17186197699617,0.0806094173469106,-0.025181143183146147,0.054671399735425064,0.24609375
71.21186864477413,0.0805881997779899,-0.025197236564625,0.054284370873379784,0.265625
71.2518753125521,0.08056698195907247,-0.02521332211709205,0.05389748403788447,0.32421875
71.29188198033006,0.08054576413440291,-0.025229398664720626,0.053510739176819866,0.30078125
71.33188864810802,0.08052454656746161,-0.02524546460299004,0.05312413623808637,0.3203125
71.37189531588598,0.08050332939411134,-0.02526151853784176,0.05273767516960298,0.30859375
71.41190198366395,0.08048211167578403,-0.025277564809497,0.052351355919308284,0.2421875
71.45190865144191,0.08046089322795569,-0.025293604685345278,0.05196517843515991,0.26953125
71.49191531921987,0.08043967416670347,-0.025309637992980458,0.05157914266513414,0.2421875
71.53192198699783,0.08041845466011553,-0.025325664272878343,0.051193248557226956,0.23046875
71.5719286547758,0.08039723492076113,-0.025341682731304348,0.050807496059452784,0.265625
71.61193532255376,0.08037601519503465,-0.025357692193239908,0.050421885119845966,0.30078125
71.65194199033172,0.0803547957493635,-0.025373691055476162,0.05003641568645928,0.29296875
71.69194865810968,0.08033357672000788,-0.02538967793641863,0.04965108770736465,0.25390625
71.73195532588765,0.08031235715942582,-0.025405657178546783,0.0492659011306526,0.265625
71.77196199366561,0.08029113688382455,-0.02542163003261682,0.048880855904434084,0.20703125
71.81196866144357,0.0802699160096692,-0.025437596325756977,0.04849595197683765,0.234375
71.85197532922155,0.08024869470591675,-0.025453555598375484,0.048111189296011714,0.2890625
71.8919819969995,0.08022747318659317,-0.02546950705709035,0.04772656781012341,0.2578125
71.93198866477746,0.08020625170024105,-0.025485449527692997,0.04734208746735902,0.2421875
71.97199533255542,0.08018503051623065,-0.025501381408293368,0.0469577482159238,0.32421875
72.0120020003334,0.08016380977115634,-0.02551730132982975,0.046573550004041786,0.27734375
72.05200866811136,0.08014258850851579,-0.02553321363686368,0.046189492779956376,0.28515625
72.09201533588931,0.0801213665453132,-0.025549119563567122,0.04580557649192968,0.2265625
72.13202200366727,0.08010014399839167,-0.025565018936642772,0.045421801088243285,0.24609375
72.17202867144525,0.0800789210375776,-0.025580911296435638,0.045038166517196776,0.265625
72.2120353392232,0.08005769787834209,-0.025596795849953675,0.04465467272710971,0.27734375
72.25204200700117,0.08003647477139646,-0.025612671423733482,0.04427131966632036,0.19921875
72.29204867477914,0.08001525198903839,-0.025628536417244073,0.04388810728318526,0.2578125
72.3320553425571,0.07999402966813159,-0.02564438947402972,0.04350503552608115,0.32421875
72.37206201033506,0.07997280684324198,-0.025660234940513064,0.04312210434340241,0.2890625
72.41206867811302,0.07995158333221071,-0.025676074034410752,0.04273931368356326,0.2890625
72.45207534589099,0.07993035925226144,-0.02569190658200063,0.04235666349499634,0.28125
72.49208201366895,0.07990913477408969,-0.02570773212357068,0.04197415372615354,0.265625
72.53208868144691,0.07988791011463535,-0.025723549866446996,0.04159178432550581,0.28125
72.57209534922487,0.07986668552672917,-0.0257393586380629,0.04120955524154257,0.296875
72.61210201700284,0.07984546128561548,-0.0257551568391806,0.040827466422772074,0.2734375
72.6521086847808,0.07982423752836378,-0.025770943126016008,0.0404455178177221,0.2734375
72.69211535255876,0.07980301328063547,-0.02578672184664168,0.04006370937493908,0.29296875
72.73212202033673,0.0797817883611498,-0.02580249420244176,0.039682041042987504,0.33984375
72.77212868811469,0.07976056288751154,-0.025818260019275785,0.03930051277045199,0.30078125
72.81213535589265,0.07973933703128804,-0.025834018837371936,0.038919124505935265,0.29296875
72.85214202367061,0.07971811101087432,-0.0258497698644189,0.03853787619805904,0.25
72.89214869144858,0.07969688508124233,-0.025865511928676754,0.038156767795464064,0.2734375
72.93215535922654,0.07967565952056614,-0.02588124343224621,0.03777579924680963,0.328125
72.9721620270045,0.07965443446605784,-0.02589696304408006,0.037394970500774505,0.2421875
73.01216869478246,0.07963320893449094,-0.025912675113724477,0.037014281506055347,0.234375
73.05217536256043,0.07961198274552607,-0.025928380826284302,0.036633732211368286,0.27734375
73.09218203033839,0.07959075601714015,-0.02594408000723645,0.036253322565448054,0.22265625
73.13218869811635,0.07956952892177202,-0.025959772196755604,0.03587305251704853,0.23046875
73.17219536589432,0.07954830167927196,-0.025975456602895075,0.03549292201494164,0.27734375
73.21220203367228,0.07952707454674945,-0.025991132054750517,0.03511293100791951,0.2578125
73.25220870145024,0.07950584780530624,-0.026006796955761084,0.03473307944479115,0.27734375
73.2922153692282,0.07948462159223064,-0.026022449987688125,0.034353367274385926,0.30859375
73.33222203700618,0.07946339491546286,-0.0260380955012644,0.033973794445550876,0.265625
73.37222870478413,0.07944216759559584,-0.026053734665587455,0.03359436090715279,0.28125
73.4122353725621,0.07942093975100516,-0.026069367305678843,0.03321506660807666,0.23828125
73.45224204034005,0.07939971155500142,-0.026084992961663937,0.03283591149722637,0.3125
73.49224870811803,0.07937848322888917,-0.026100610841965632,0.03245689552352443,0.22265625
73.53225537589599,0.07935725503191422,-0.026116219776517145,0.032078018635912475,0.3046875
73.57226204367394,0.07933602724810085,-0.0261318181701049,0.03169928078335055,0.265625
73.61226871145192,0.07931480001474903,-0.026147404717363935,0.03132068191481696,0.22265625
73.65227537922988,0.0792935723309837,-0.02616298377004199,0.03094222197930968,0.2734375
73.69228204700784,0.07927234401839442,-0.026178556481274966,0.03056390092584499,0.2578125
73.7322887147858,0.07925111519574396,-0.026194122675671762,0.030185718703457765,0.24609375
73.77229538256377,0.07922988603721622,-0.026209681893309713,0.029807675261201594,0.24609375
73.81230205034173,0.07920865676555632,-0.026225233343024304,0.029429770548149103,0.25390625
73.85230871811969,0.07918742764216884,-0.02624077585551609,0.029052004513391128,0.2421875
73.89231538589765,0.07916619895398437,-0.026256307836961736,0.02867437710603754,0.2734375
73.93232205367562,0.07914497083824848,-0.026271827994937633,0.028296888275216314,0.24609375
73.97232872145358,0.0791237422853042,-0.026287340681992434,0.027919537970075348,0.24609375
74.01233538923154,0.07910251311777465,-0.02630284703542706,0.02754232613977997,0.23828125
74.05234205700951,0.07908128345481225,-0.02631834687943843,0.027165252733514222,0.24609375
74.09234872478747,0.07906005347147343,-0.02633383975406303,0.02678831770048168,0.25
74.13235539256543,0.07903882339196919,-0.026349324868474903,0.026411520989903958,0.26171875
74.17236206034339,0.07901759347981155,-0.026364801054294975,0.026034862551021054,0.2421875
74.21236872812136,0.07899636402485773,-0.026380266719021918,0.025658342333091944,0.29296875
74.25237539589932,0.07897513516423198,-0.026395720583242518,0.025281960285394645,0.27734375
74.29238206367728,0.07895390587952975,-0.02641116700009319,0.024905716357224883,0.26171875
74.33238873145524,0.07893267599444453,-0.026426607091164334,0.024529610497897703,0.2421875
74.37239539923321,0.07891144562852001,-0.02644204068024442,0.024153642656746244,0.2734375
74.41240206701117,0.07889021495768693,-0.02645746730732942,0.023777812783122687,0.2421875
74.45240873478913,0.07886898420760832,-0.026472886181974964,0.023402120826397532,0.22265625
74.4924154025671,0.07884775364392588,-0.02648829613665301,0.023026566735959764,0.26171875
74.53242207034506,0.0788265235594061,-0.026503695580230115,0.022651150461217684,0.23828125
74.57242873812302,0.07880529409097543,-0.02651908324639911,0.02227587195159708,0.234375
74.61243540590098,0.07878406421153913,-0.02653446348860692,0.02190073115654284,0.24609375
74.65244207367896,0.0787628337458863,-0.0265498374128905,0.021525728025518442,0.21484375
74.69244874145691,0.07874160281395261,-0.026565204842635488,0.021150862508005686,0.2578125
74.73245540923487,0.07872037159254468,-0.0265805653177975,0.020776134553505354,0.26171875
74.77246207701283,0.07869914030877656,-0.02659591804831874,0.020401544111536274,0.2421875
74.8124687447908,0.07867790923041708,-0.026611261867528168,0.02002709113163581,0.26171875
74.85247541256877,0.07865667865313869,-0.026626595185662974,0.019652775563360314,0.2890625
74.89248208034672,0.07863544871362665,-0.026641916749518442,0.0192785973562839,0.2265625
74.93248874812468,0.07861421837608351,-0.02665723091278579,0.018904556460000332,0.2421875
74.97249541590266,0.07859298746645375,-0.02667253876600078,0.018530652824120364,0.25
75.01250208368062,0.0785717561050678,-0.026687840132145788,0.018156886398274785,0.27734375
75.05250875145857,0.07855052446960775,-0.026703134551142323,0.017783257132111985,0.24609375
75.09251541923655,0.07852929278863871,-0.026718421233321164,0.017409764975298614,0.2734375
75.13252208701451,0.07850806133205315,-0.02673369901287599,0.017036409877520475,0.2265625
75.17252875479247,0.07848683039842658,-0.026748966301417623,0.016663191788481302,0.25390625
75.21253542257043,0.07846560012412335,-0.026764221858945173,0.0162901106579037,0.2421875
75.2525420903484,0.07844436946470443,-0.026779470039113563,0.015917166435528374,0.3046875
75.29254875812636,0.07842313824729194,-0.02679471191711891,0.0155443590711149,0.21875
75.33255542590432,0.07840190659261385,-0.02680994731553996,0.015171688514440562,0.2734375
75.37256209368228,0.07838067467921589,-0.026825175774303996,0.014799154715301965,0.25390625
75.41256876146025,0.07835944273713742,-0.026840396504064015,0.014426757623513253,0.3125
75.45257542923821,0.0783382110383811,-0.02685560833991597,0.014054497188908277,0.26171875
75.49258209701617,0.0783169798844201,-0.026870809694852994,0.013682373361337707,0.265625
75.53258876479414,0.07829574941123141,-0.026885999342140237,0.013310386090671367,0.2109375
75.5725954325721,0.07827451856577065,-0.02690118163519324,0.012938535326797784,0.26953125
75.61260210035006,0.07825328717637423,-0.02691635763398494,0.012566821019623253,0.26953125
75.65260876812802,0.07823205536416804,-0.026931527160696987,0.012195243119073218,0.234375
75.69261543590599,0.07821082330858711,-0.026946689755192425,0.011823801575090664,0.234375
75.73262210368395,0.07818959124109463,-0.026961844628595976,0.011452496337637452,0.29296875
75.77262877146191,0.07816835943582634,-0.026976990616836376,0.011081327356693815,0.23828125
75.81263543923987,0.07814712819714864,-0.02699212613429594,0.010710294582257862,0.26953125
75.85264210701784,0.07812589766058309,-0.027007249967570427,0.010339397964346353,0.265625
75.8926487747958,0.07810466676451955,-0.027022366469626736,0.009968637452995033,0.23046875
75.93265544257376,0.07808343533854178,-0.027037476685339776,0.009598012998257077,0.23046875
75.97266211035173,0.07806220350417606,-0.027052580436494698,0.009227524550204202,0.25
76.0126687781297,0.07804097144173378,-0.027067677262933097,0.00885717205892661,0.234375
76.05267544590765,0.07801973938412754,-0.02708276637617822,0.008486955474532654,0.23828125
76.09268211368561,0.07799850760761026,-0.02709784661303607,0.008116874747149005,0.21875
76.13268878146359,0.07797727641943811,-0.027112916389281858,0.007746929826921045,0.2734375
76.17269544924154,0.07795604595459561,-0.027127974504943426,0.007377120664011916,0.21484375
76.2127021170195,0.07793481514297251,-0.02714302531225976,0.00700744720860319,0.24609375
76.25270878479746,0.07791358381542055,-0.027158069841166067,0.006637909410894927,0.25390625
76.29271545257544,0.07789235209386769,-0.02717310791305458,0.006268507221105002,0.26953125
76.3327221203534,0.07787112015950337,-0.027188139067745747,0.005899240589470334,0.2265625
76.37272878813135,0.07784988824668766,-0.027203162517168245,0.00553010946624527,0.25
76.41273545590933,0.07782865663378923,-0.027218177099008107,0.005161113801703032,0.21484375
76.45274212368729,0.0778074256309482,-0.027233181230443163,0.004792253546134884,0.23828125
76.49274879146525,0.07778619537257057,-0.02724817372491915,0.004423528649850295,0.2578125
76.5327554592432,0.0777649647800358,-0.027263158933888313,0.004054939063176999,0.22265625
76.57276212702118,0.07774373368552184,-0.0272781378723948,0.003686484736460549,0.26171875
76.61276879479914,0.07772250221135905,-0.027293110361443478,0.003318165620065594,0.25
76.6527754625771,0.07770127053961642,-0.027308075940833943,0.0029499816643741017,0.25
76.69278213035506,0.07768003890610055,-0.02732303382290527,0.002581932819787136,0.234375
76.73278879813303,0.0776588075912928,-0.027337982846229274,0.002214019036722914,0.25
76.77279546591099,0.07763757690821425,-0.02735292142938924,0.0018462402656188592,0.25
76.81280213368895,0.07761634699061021,-0.027367848399349262,0.0014785964569296595,0.22265625
76.85280880146692,0.07759511675141711,-0.027382768106498104,0.0011110875611288762,0.24609375
76.89281546924488,0.07757388602415737,-0.027397681551149557,0.0007437135287080565,0.26953125
76.93282213702284,0.0775526549315676,-0.027412588553917924,0.00037647431017706623,0.2578125
76.9728288048008,0.07753142365658305,-0.02742748865462434,9.36985606370122e-06,0.2265625
77.01283547257877,0.07751019243648154,-0.02744238106594964,-0.00035759988308636803,0.24609375
77.05284214035673,0.07748896155384144,-0.027457264627394534,-0.0007244349567085973,0.2421875
77.09284880813469,0.07746773132456147,-0.027472137758950486,-0.0010911354142210672,0.25
77.13285547591265,0.07744650188165682,-0.027486999301162485,-0.0014577013050230403,0.28515625
77.17286214369062,0.07742527212966334,-0.027501853603153836,-0.0018241326784963485,0.22265625
77.21286881146858,0.07740404190348049,-0.027516701650626085,-0.002190429584003728,0.23828125
77.25287547924654,0.07738281132625172,-0.027531543263808477,-0.0025565920708908174,0.265625
77.29288214702451,0.07736158058180477,-0.02754637798247442,-0.002922620188484659,0.26171875
77.33288881480247,0.0773403499088367,-0.027561205019795518,-0.0032885139860943102,0.24609375
77.37289548258043,0.07731911959204726,-0.027576023216129623,-0.0036542735130106196,0.2421875
77.41290215035839,0.07729788995020728,-0.02759083099288609,-0.00401989881850634,0.22265625
77.45290881813636,0.07727666111553312,-0.027605627204249875,-0.004385389951836238,0.25390625
77.49291548591432,0.0772554319842029,-0.027620416197879534,-0.004750746962236985,0.2734375
77.53292215369228,0.0772342023925249,-0.027635198944982304,-0.0051159698989273195,0.2734375
77.57292882147024,0.07721297246405084,-0.02764997526540587,-0.005481058811107498,0.25390625
77.61293548924822,0.07719174238348861,-0.02766474469891545,-0.005846013747960288,0.2265625
77.65294215702617,0.07717051239097959,-0.027679506459103838,-0.006210834758649808,0.23828125
77.69294882480413,0.07714928277332918,-0.02769425938722903,-0.006575521892322411,0.2265625
77.7329554925821,0.07712805385217626,-0.02770900190612303,-0.00694007519810691,0.22265625
77.77296216036007,0.07710682575885568,-0.027723732883707282,-0.0073044947251132974,0.22265625
77.81296882813803,0.07708559738125895,-0.027738456665901193,-0.007668780522433971,0.26953125
77.85297549591598,0.07706436855711978,-0.02775317420957615,-0.008032932639143064,0.28515625
77.89298216369396,0.07704313941040043,-0.027767885334198966,-0.00839695112429728,0.20703125
77.93298883147192,0.07702191012668853,-0.027782589579532745,-0.008760836026934504,0.296875
77.97299549924988,0.07700068094757,-0.027797286159592562,-0.009124587396075079,0.29296875
78.01300216702784,0.07697945216195289,-0.027811973916542294,-0.009488205280721418,0.26171875
78.05300883480581,0.07695822409434039,-0.02782665127464127,-0.009851689729857671,0.2265625
78.09301550258377,0.07693699687513986,-0.027841317115540214,-0.010215040792449948,0.23046875
78.13302217036173,0.0769157693839528,-0.027855975783356305,-0.010578258517447092,0.2421875
78.17302883813969,0.07689454145999268,-0.027870628220676034,-0.010941342953779576,0.26953125
78.21303550591766,0.07687331322763374,-0.027885274246588956,-0.01130429415035944,0.23046875
78.25304217369562,0.07685208487334481,-0.027899913400856406,-0.01166711215608146,0.2265625
78.29304884147358,0.07683085664015442,-0.027914544897922524,-0.012029797019821875,0.23828125
78.33305550925155,0.0768096288190716,-0.027929167580859896,-0.012392348790439822,0.203125
78.37306217702951,0.07678840173745805,-0.02794377987536467,-0.0127547675167754,0.24609375
78.41306884480747,0.07676717552471295,-0.027958380676905738,-0.013117053247651556,0.265625
78.45307551258543,0.07674594905221827,-0.02797297432753193,-0.013479206031873248,0.18359375
78.4930821803634,0.07672472216068439,-0.02798756175569799,-0.013841225918227784,0.2734375
78.53308884814136,0.07670349497488535,-0.02800214278015661,-0.014203112955483876,0.22265625
78.57309551591932,0.07668226768219821,-0.028016716940597833,-0.014564867192392361,0.21484375
78.61310218369728,0.07666104052708023,-0.02803128345193472,-0.014926488677686645,0.28515625
78.65310885147525,0.07663981380263855,-0.028045841158154255,-0.015287977460082536,0.265625
78.69311551925321,0.07661858783909015,-0.028060388486392217,-0.01564933358827697,0.23828125
78.73312218703117,0.07659736276475423,-0.028074924345997437,-0.016010557110949786,0.234375
78.77312885480914,0.07657613744284186,-0.028089453076749718,-0.016371648076763,0.26171875
78.8131355225871,0.07655491171558731,-0.028103975593095486,-0.016732606534359984,0.26953125
78.85314219036506,0.07653368570819354,-0.028118491713377596,-0.017093432532366837,0.19921875
78.89314885814302,0.07651245960889401,-0.028133000977361527,-0.017454126119392344,0.24609375
78.933155525921,0.07649123366359997,-0.028147502600361404,-0.017814687344026414,0.21875
78.97316219369895,0.07647000816751326,-0.028161995427286226,-0.018175116254841694,0.265625
79.01316886147691,0.07644878345370275,-0.028176477886714194,-0.018535412900393122,0.21484375
79.05317552925487,0.07642755964933638,-0.02819094890193351,-0.018895577329217095,0.22265625
79.09318219703285,0.07640633560950282,-0.028205412810257832,-0.01925560958983319,0.27734375
79.1331888648108,0.07638511117798889,-0.02821987051224176,-0.019615509730742442,0.24609375
79.17319553258876,0.07636388648041438,-0.02823432182585868,-0.019975277800428237,0.24609375
79.21320220036674,0.07634266170589592,-0.02824876629088103,-0.02033491384735664,0.2265625
79.2532088681447,0.07632143710178359,-0.02826320312306667,-0.02069441791997506,0.2265625
79.29321553592266,0.07630021296537347,-0.02827763116824555,-0.02105379006671393,0.23828125
79.33322220370061,0.0762789896325679,-0.028292048856482493,-0.02141303033598524,0.23828125
79.37322887147859,0.07625776722933852,-0.028306455124991674,-0.02177213877618428,0.17578125
79.41323553925655,0.07623654460268767,-0.028320854308461003,-0.022131115435687188,0.21484375
79.4532422070345,0.07621532159798282,-0.028335247293669402,-0.02248996036285328,0.2421875
79.49324887481247,0.07619409834126191,-0.02834963389822442,-0.02284867360602405,0.265625
79.53325554259044,0.07617287502252473,-0.02836401366190961,-0.02320725521352296,0.25
79.5732622103684,0.07615165189056046,-0.028378385800927566,-0.023565705233655865,0.2265625
79.61326887814636,0.07613042924475583,-0.028392749162036823,-0.02392402371471075,0.2109375
79.65327554592433,0.07610920742386865,-0.02840710217672313,-0.024282210704958396,0.22265625
79.69328221370229,0.0760879865525499,-0.028421443796326686,-0.02464026625265109,0.1953125
79.73328888148025,0.07606676546979416,-0.02843577835263809,-0.024998190406023912,0.25
79.77329554925821,0.07604554402257477,-0.02845010671878331,-0.02535598321329441,0.2265625
79.81330221703618,0.07602432233734993,-0.028464428712004632,-0.025713644722662077,0.2265625
79.85330888481414,0.07600310060500216,-0.028478743872102804,-0.026071174982308543,0.3203125
79.8933155525921,0.07598187907575979,-0.028493051415726313,-0.026428574040398334,0.2421875
79.93332222037006,0.07596065805109736,-0.028507350190567833,-0.02678584194507777,0.25
79.97332888814803,0.07593943787261057,-0.028521638629575345,-0.027142978744476076,0.23828125
80.01333555592599,0.07591821866358466,-0.028535915698199726,-0.02749998448670382,0.2109375
80.05334222370395,0.0758969992550443,-0.02855018572517634,-0.027856859219855035,0.23046875
80.09334889148192,0.07587577949558219,-0.02856444957012915,-0.02821360299200598,0.25390625
80.13335555925988,0.07585455951210317,-0.028578707049872757,-0.028570215851214498,0.21484375
80.17336222703784,0.07583333949636177,-0.028592957704256995,-0.028926697845521154,0.21875
80.2133688948158,0.07581211970002334,-0.02860720075038395,-0.029283049022949148,0.3125
80.25337556259377,0.0757909004266483,-0.028621435036883316,-0.029639269431504023,0.19140625
80.29338223037173,0.07576968202066495,-0.028635658998173698,-0.029995359119173226,0.21484375
80.33338889814969,0.07574846460392143,-0.02864987161387019,-0.03035131813392683,0.2578125
80.37339556592765,0.07572724699952511,-0.02866407720945916,-0.030707146523717754,0.26953125
80.41340223370563,0.07570602905773886,-0.02867827663111275,-0.031062844336480655,0.1796875
80.45340890148358,0.07568481090586479,-0.02869246969535559,-0.03141841162013326,0.2890625
80.49341556926154,0.07566359273655501,-0.028706655942023766,-0.03177384842257497,0.30078125
80.5334222370395,0.07564237480291106,-0.02872083458867584,-0.03212915479168821,0.265625
80.57342890481748,0.07562115741057647,-0.02873500448488415,-0.03248433077533758,0.23828125
80.61343557259544,0.07559994090680874,-0.02874916406654067,-0.032839376421369804,0.2265625
80.6534422403734,0.07557872541194541,-0.028763312327483425,-0.03319429177761479,0.21484375
80.69344890815137,0.07555750974123092,-0.028777453589754094,-0.03354907689188469,0.2578125
80.73345557592933,0.07553629374660895,-0.028791588686228158,-0.033903731811973314,0.22265625
80.77346224370729,0.07551507755580748,-0.028805717433071074,-0.03425825658565801,0.25
80.81346891148524,0.07549386136236325,-0.028819839370143843,-0.0346126512606979,0.25
80.85347557926322,0.07547264542081344,-0.028833953715464454,-0.03496691588483514,0.26171875
80.89348224704118,0.075451430038868,-0.028848059319589725,-0.035321050505793705,0.203125
80.93348891481914,0.07543021556663647,-0.028862154619819093,-0.035675055171280334,0.234375
80.9734955825971,0.0754090021228595,-0.028876238624304156,-0.03602892992898454,0.21875
81.01350225037507,0.075387788514973,-0.028890315651449755,-0.03638267482657809,0.1953125
81.05350891815303,0.07536657459662659,-0.02890438652094963,-0.03673628991171507,0.1640625
81.09351558593099,0.07534536049597448,-0.02891845104861538,-0.037089775232032385,0.21875
81.13352225370896,0.07532414640743927,-0.02893250877433431,-0.03744313083514944,0.21484375
81.17352892148692,0.07530293258699144,-0.028946558916591487,-0.037796356768667605,0.22265625
81.21353558926488,0.07528171934443295,-0.028960600326858533,-0.038149453080172036,0.23046875
81.25354225704284,0.07526050703266732,-0.02897463144398903,-0.038502419817228906,0.19140625
81.29354892482081,0.07523929576879207,-0.028988651290432408,-0.03885525702738807,0.19921875
81.33355559259877,0.07521808435248914,-0.029002664180767388,-0.039207964758181446,0.24609375
81.37356226037673,0.07519687263913853,-0.02901667092162031,-0.03956054305712359,0.21484375
81.41356892815469,0.07517566075732213,-0.02903067132845262,-0.039912991971711886,0.21484375
81.45357559593266,0.07515444890234817,-0.02904466494118201,-0.0402653115494257,0.2109375
81.49358226371062,0.07513323733162064,-0.029058650978761726,-0.04061750183772733,0.2578125
81.53358893148858,0.0751120263570168,-0.029072628293620003,-0.04096956288406184,0.265625
81.57359559926655,0.07509081633425653,-0.0290865953260995,-0.0413214947358565,0.234375
81.61360226704451,0.07506960737870627,-0.029100551113039937,-0.041673297440521284,0.21484375
81.65360893482247,0.07504839828235291,-0.029114499964996966,-0.042024971045449167,0.1796875
81.69361560260043,0.07502718890231495,-0.0291284426756844,-0.042376515598015196,0.22265625
81.7336222703784,0.07500597936763059,-0.029142379060146033,-0.0427279311455771,0.203125
81.77362893815636,0.07498476987447995,-0.02915630865837008,-0.043079217735475406,0.2109375
81.81363560593432,0.07496356068170043,-0.02917023068977899,-0.04343037541503342,0.19921875
81.85364227371228,0.07494235210324171,-0.029184144007763223,-0.0437814042315568,0.234375
81.89364894149026,0.07492114449763528,-0.029198047054161024,-0.04413230423233405,0.25390625
81.93365560926821,0.07489993797844388,-0.029211938880253377,-0.04448307546463598,0.2265625
81.97366227704617,0.07487873133001582,-0.029225823792385166,-0.04483371797571628,0.16796875
82.01366894482415,0.07485752441125756,-0.02923970257140436,-0.045184231812811615,0.21875
82.0536756126021,0.07483631735161068,-0.029253575032079884,-0.045534617023140544,0.2421875
82.09368228038007,0.07481511034815615,-0.029267440714399802,-0.0458848736539052,0.20703125
82.13368894815802,0.07479390366116247,-0.029281298838263414,-0.04623500175228967,0.2109375
82.173695615936,0.07477269760664988,-0.029295148258026198,-0.04658500136546112,0.2578125
82.21370228371396,0.07475149254595587,-0.02930898741703031,-0.04693487254056944,0.265625
82.25370895149192,0.07473028859076661,-0.02932281538104838,-0.04728461532474654,0.2734375
82.29371561926988,0.07470908451784994,-0.029336636452025923,-0.04763422976510828,0.18359375
82.33372228704785,0.07468788018790833,-0.029350451398096444,-0.047983715908752,0.234375
82.37372895482581,0.07466667573081583,-0.029364260033685606,-0.04833307380275825,0.1953125
82.41373562260377,0.07464547134454039,-0.029378061898821504,-0.048682303494190726,0.234375
82.45374229038174,0.07462426729076789,-0.02939185621391621,-0.049031405030095176,0.26171875
82.4937489581597,0.07460306388761166,-0.029405641834230646,-0.04938037845750026,0.25
82.53375562593766,0.07458186149919968,-0.029419417204644728,-0.04972922382341788,0.21484375
82.57376229371562,0.07456066023526582,-0.029433181405479243,-0.05007794117484193,0.2265625
82.61376896149359,0.07453945886505764,-0.029446938734089753,-0.05042653055874968,0.2578125
82.65377562927155,0.0745182572510936,-0.029460689946014158,-0.05077499202210073,0.25
82.69378229704951,0.07449705552368287,-0.029474434855334703,-0.05112332561183747,0.19921875
82.73378896482747,0.07447585388168021,-0.029488173002123606,-0.05147153137488525,0.21484375
82.77379563260544,0.07445465258821428,-0.029501903607242665,-0.05181960935815255,0.23046875
82.8138023003834,0.07443345196343662,-0.029515625526995822,-0.05216755960852976,0.25
82.85380896816136,0.07441225237428675,-0.02952933720774121,-0.0525153821728907,0.2109375
82.89381563593933,0.07439105392847248,-0.02954303774439808,-0.05286307709809196,0.21875
82.93382230371729,0.07436985538777996,-0.02955673142954781,-0.053210644430972676,0.28125
82.97382897149525,0.07434865661656627,-0.02957041900624299,-0.05355808421835523,0.203125
83.01383563927321,0.0743274577455757,-0.029584100288228735,-0.05390539650704407,0.25390625
83.05384230705118,0.07430625897455102,-0.029597774815622785,-0.054252581343827155,0.2109375
83.09384897482914,0.07428506056804815,-0.029611441809777216,-0.05459963877547508,0.2109375
83.1338556426071,0.0742638628482818,-0.029625100127972908,-0.05494656884874127,0.203125
83.17386231038506,0.0742426661849852,-0.029638748218086555,-0.05529337161036174,0.21875
83.21386897816303,0.0742214706837646,-0.029652385189688553,-0.05564004710705578,0.23046875
83.253875645941,0.07420027509899386,-0.02966601533043007,-0.05598659538552503,0.1875
83.29388231371895,0.07417907929691432,-0.029679639370928983,-0.05633301649245476,0.2109375
83.33388898149693,0.07415788340869409,-0.029693257124627927,-0.056679310474512246,0.2109375
83.37389564927489,0.07413668763496285,-0.029706868131697053,-0.05702547737834829,0.2265625
83.41390231705284,0.07411549224170486,-0.029720471613976947,-0.05737151725059597,0.20703125
83.4539089848308,0.07409429755319427,-0.029734066429733867,-0.057717430137871784,0.22265625
83.49391565260878,0.0740731039419537,-0.029747651028366524,-0.05806321608677506,0.25390625
83.53392232038674,0.07405191151141198,-0.02976122453415047,-0.05840887514388793,0.16015625
83.5739289881647,0.07403071900862085,-0.02977479122955021,-0.05875440735577531,0.2109375
83.61393565594265,0.074009526301671,-0.02978835183300014,-0.05909981276898518,0.26953125
83.65394232372063,0.0739883335221824,-0.02980190615757631,-0.059445091430048336,0.203125
83.69394899149859,0.07396714087167298,-0.029815453743501696,-0.05979024338547839,0.23828125
83.73395565927655,0.0739459486175533,-0.029828993813112093,-0.06013526868177255,0.23828125
83.7739623270545,0.07392475708615434,-0.029842525225662744,-0.06048016736540984,0.28515625
83.81396899483248,0.07390356665278376,-0.029856046432080847,-0.06082493948285306,0.18359375
83.85397566261044,0.07388237741861836,-0.029869556571394895,-0.061169585080547595,0.22265625
83.8939823303884,0.07386118812343638,-0.02988305992073398,-0.06151410420492215,0.203125
83.93398899816637,0.07383999863722418,-0.029896557186394446,-0.061858496902388316,0.25
83.97399566594433,0.07381880909204053,-0.02991004818112504,-0.06220276321933993,0.2109375
84.01400233372229,0.07379761969029307,-0.029923532445201934,-0.06254690320215495,0.2421875
84.05400900150025,0.07377643070080347,-0.02993700920149445,-0.06289091689719334,0.19140625
84.09401566927822,0.0737552424519847,-0.029950477310183295,-0.06323480435079887,0.1796875
84.13402233705618,0.07373405532190987,-0.029963935223766003,-0.06357856560929753,0.18359375
84.17402900483414,0.07371286940942946,-0.029977382096071314,-0.06392220071899868,0.2109375
84.2140356726121,0.07369168344711191,-0.029990822198709438,-0.06426570972619505,0.2265625
84.25404234039007,0.07367049730685693,-0.03000425622595415,-0.06460909267716186,0.265625
84.29404900816803,0.07364931112116471,-0.03001768399022669,-0.06495234961815732,0.28515625
84.33405567594599,0.07362812509333176,-0.03003110503186242,-0.065295480595423,0.203125
84.37406234372396,0.07360693949361778,-0.030044518574199076,-0.06563848565518315,0.2421875
84.41406901150192,0.07358575465245895,-0.030057923478485363,-0.06598136484364542,0.203125
84.45407567927988,0.07356457095071901,-0.030071318198721823,-0.0663241182070003,0.19921875
84.49408234705784,0.07354338848484451,-0.030084701903590843,-0.06666674579142129,0.21875
84.53408901483581,0.07352220598025988,-0.030098078858998276,-0.06700924764306532,0.1875
84.57409568261377,0.07350102331079456,-0.030111449747312287,-0.06735162380807175,0.1796875
84.61410235039173,0.07347984060939268,-0.0301248143806265,-0.06769387433256319,0.19140625
84.65410901816969,0.0734586580802395,-0.030138172299339593,-0.06803599926264603,0.17578125
84.69411568594766,0.07343747599501771,-0.030151522727296022,-0.06837799864440913,0.22265625
84.73412235372562,0.07341629468621247,-0.030164864526747187,-0.06871987252392386,0.20703125
84.77412902150358,0.07339511453745877,-0.03017819615323833,-0.069061620947246,0.19921875
84.81413568928156,0.07337393564272386,-0.030191516790352764,-0.06940324396041336,0.18359375
84.85414235705952,0.07335275672033872,-0.030204830698146314,-0.06974474160944732,0.23046875
84.89414902483747,0.07333157764610927,-0.03021813854712322,-0.07008611394035219,0.20703125
84.93415569261543,0.07331039855340969,-0.030231440149089146,-0.07042736099911584,0.2265625
84.97416236039341,0.07328921964731511,-0.03024473504450747,-0.07076848283170867,0.2578125
85.01416902817137,0.07326804120092902,-0.030258022457735897,-0.0711094794840843,0.1875
85.05417569594933,0.07324686354878375,-0.030271301252030303,-0.07145035100217989,0.19921875
85.09418236372728,0.07322568707728075,-0.030284569884487043,-0.07179109743191536,0.203125
85.13418903150526,0.07320451187783115,-0.030297827553639703,-0.07213171881919433,0.2109375
85.17419569928322,0.07318333666176782,-0.03031107851344288,-0.07247221520990271,0.19140625
85.21420236706118,0.07316216130683346,-0.030324323422786577,-0.0728125866499102,0.2265625
85.25420903483915,0.07314098594686202,-0.030337562093122696,-0.07315283318506954,0.1953125
85.29421570261711,0.07311981078781715,-0.030350794064986072,-0.0734929548612161,0.21484375
85.33422237039507,0.07309863610422428,-0.030364018563246043,-0.0738329517241696,0.21875
85.37422903817303,0.07307746223265879,-0.030377234452171147,-0.07417282381973195,0.19140625
85.414235705951,0.07305628956228472,-0.030390440190412354,-0.07451257119368904,0.16015625
85.45424237372896,0.07303511818187927,-0.030403634991504377,-0.07485219389180875,0.21484375
85.49424904150692,0.07301394679583226,-0.03041682310315019,-0.07519169195984365,0.23828125
85.53425570928488,0.07299277528386604,-0.030430005172673146,-0.07553106544352817,0.21484375
85.57426237706285,0.07297160378026157,-0.030443181011208166,-0.07587031438858094,0.24609375
85.61426904484081,0.07295043249187248,-0.030456350159362034,-0.07620943884070314,0.21484375
85.65427571261877,0.07292926169463,-0.030469511842555422,-0.07654843884557966,0.23828125
85.69428238039674,0.07290809172717827,-0.0304826649260059,-0.0768873144488787,0.234375
85.7342890481747,0.07288692298142405,-0.030495807869961297,-0.07722606569625101,0.22265625
85.77429571595266,0.07286575554343579,-0.03050893990299941,-0.07756469263333116,0.24609375
85.81430238373062,0.07284458811072736,-0.030522065266395136,-0.07790319530573697,0.22265625
85.8543090515086,0.07282342056501671,-0.030535184596016375,-0.0782415737590692,0.20703125
85.89431571928655,0.07280225304103216,-0.030548297702686376,-0.07857982803891239,0.203125
85.93432238706451,0.07278108574651869,-0.03056140412708437,-0.07891795819083364,0.25
85.97432905484247,0.07275991895883939,-0.030574503095120737,-0.0792559642603839,0.234375
86.01433572262044,0.07273875301864881,-0.030587593473100284,-0.07959384629309724,0.16796875
86.0543423903984,0.07271758832062052,-0.03060067372280379,-0.07993160433449076,0.19921875
86.09434905817636,0.07269642494803602,-0.030613743087902,-0.08026923843006561,0.21875
86.13435572595434,0.07267526159160327,-0.03062680580306073,-0.08060674862530515,0.21875
86.1743623937323,0.07265409813504912,-0.03063986249280858,-0.08094413496567698,0.21875
86.21436906151025,0.0726329347135527,-0.030652912967654395,-0.08128139749663144,0.23828125
86.25437572928821,0.07261177153574909,-0.030665956768356633,-0.08161853626360299,0.21484375
86.29438239706619,0.07259060888041914,-0.030678993121350546,-0.08195555131200805,0.25390625
86.33438906484415,0.07256944709025145,-0.030692020893969028,-0.08229244268724739,0.25
86.3743957326221,0.07254828656266935,-0.030705038549561726,-0.082629210434705,0.23828125
86.41440240040006,0.07252712737808924,-0.030718045346939508,-0.08296585459974837,0.18359375
86.45440906817804,0.07250596822046934,-0.03073104551401476,-0.08330237522772793,0.1875
86.494415735956,0.07248480897558836,-0.030744039664020426,-0.08363877236397749,0.171875
86.53442240373396,0.07246364977906272,-0.03075702760718927,-0.08397504605381412,0.234375
86.57442907151191,0.0724424908404181,-0.030770008884361315,-0.08431119634253881,0.21875
86.61443573928989,0.07242133243985155,-0.030782982722501337,-0.08464722327543583,0.21484375
86.65444240706785,0.07240017492208414,-0.03079594798997206,-0.08498312689777204,0.17578125
86.6944490748458,0.07237901868728308,-0.030808903151700043,-0.08531890725479874,0.2421875
86.73445574262378,0.07235786381292296,-0.030821847481680504,-0.08565456439174979,0.19921875
86.77446241040174,0.07233670897631006,-0.030834785200831657,-0.08599009835384303,0.2265625
86.8144690781797,0.07231555406523384,-0.030847716911331986,-0.08632550918627957,0.25390625
86.85447574595766,0.07229439921577677,-0.03086064242307576,-0.08666079693424361,0.171875
86.89448241373563,0.0722732446383558,-0.030873561276986757,-0.0869959616429033,0.2265625
86.93448908151359,0.07225209061458193,-0.03088647270056587,-0.0873310033574094,0.18359375
86.97449574929155,0.07223093749120697,-0.0308993755632074,-0.08766592212289698,0.19140625
87.01450241706951,0.07220978567113716,-0.0309122683314211,-0.08800071798448406,0.2265625
87.05450908484748,0.07218863522882676,-0.030925150294432723,-0.08833539098727239,0.19140625
87.09451575262544,0.0721674848349893,-0.0309380256660201,-0.08866994117634708,0.2265625
87.1345224204034,0.07214633437946483,-0.030950895037355666,-0.08900436859677646,0.2109375
87.17452908818137,0.07212518399879003,-0.030963758218028964,-0.08933867329361256,0.234375
87.21453575595933,0.07210403390425774,-0.030976614749087184,-0.08967285531189073,0.1640625
87.25454242373729,0.07208288437892202,-0.030989463858500033,-0.09000691469662964,0.25
87.29454909151525,0.07206173577154719,-0.031002304416734378,-0.09034085149283189,0.16015625
87.33455575929322,0.07204058848777455,-0.031015134891886557,-0.09067466574548344,0.2109375
87.37456242707118,0.07201944259895873,-0.031027954588460537,-0.09100835749955366,0.22265625
87.41456909484914,0.07199829676929463,-0.031040767712915265,-0.09134192679999525,0.1875
87.4545757626271,0.07197715089068468,-0.031053574845529383,-0.09167537369174461,0.1796875
87.49458243040507,0.07195600510012101,-0.03106637579559137,-0.09200869821972191,0.22265625
87.53458909818303,0.07193485960980167,-0.031079170104206594,-0.09234190042882995,0.20703125
87.57459576596099,0.07191371470416519,-0.03109195699995128,-0.0926749803639561,0.19921875
87.61460243373897,0.07189257073401444,-0.031104735354301933,-0.0930079380699706,0.1875
87.65460910151693,0.07187142810771965,-0.031117503636950358,-0.09334077359172743,0.21484375
87.69461576929488,0.07185028689345971,-0.03113026116771766,-0.09367348697406391,0.1953125
87.73462243707284,0.07182914574898291,-0.031143012145572788,-0.09400607826180135,0.25390625
87.77462910485082,0.07180800456826701,-0.0311557571400098,-0.09433854749974435,0.203125
87.81463577262878,0.07178686348875943,-0.031168495960021397,-0.09467089473268109,0.2109375
87.85464244040674,0.07176572272355085,-0.031181228146804407,-0.09500312000538308,0.16015625
87.8946491081847,0.07174458255849082,-0.031193952929480667,-0.09533522336260558,0.19921875
87.93465577596267,0.0717234433464035,-0.03120666918057445,-0.0956672048490878,0.21484375
87.97466244374063,0.07170230549838458,-0.031219375371375632,-0.09599906450955181,0.23046875
88.01466911151859,0.07168116907934306,-0.031232070837101528,-0.09633080238870378,0.25
88.05467577929656,0.07166003274068458,-0.031244759768990264,-0.0966624185312338,0.1796875
88.09468244707452,0.07163889637845756,-0.03125744272589813,-0.09699391298181448,0.1875
88.13468911485248,0.07161776013056848,-0.03127011951651927,-0.09732528578510291,0.1796875
88.17469578263044,0.07159662421099917,-0.0312827896821488,-0.09765653698573962,0.27734375
88.21470245040841,0.0715754889070098,-0.03129545245245611,-0.09798766662834851,0.15625
88.25470911818637,0.07155435457344185,-0.031308106701020424,-0.09831867475753758,0.2265625
88.29471578596433,0.07153322162411296,-0.03132075090073221,-0.09864956141789777,0.1953125
88.33472245374229,0.07151209012061138,-0.031333384402184014,-0.09898032665400402,0.16796875
88.37472912152026,0.07149095870801825,-0.0313460113888414,-0.09931097051041582,0.16796875
88.41473578929822,0.07146982728449301,-0.03135863240896536,-0.09964149303167447,0.19921875
88.45474245707618,0.07144869598840134,-0.03137124727095684,-0.0999718942623063,0.16796875
88.49474912485415,0.07142756503461714,-0.031383855516210576,-0.10030217424682092,0.21484375
88.53475579263211,0.07140643471180845,-0.03139645637495086,-0.10063233302971109,0.2421875
88.57476246041007,0.07138530537683352,-0.03140904872181091,-0.10096237065545405,0.14453125
88.61476912818803,0.07136417744622575,-0.031421631031290684,-0.10129228716851046,0.23046875
88.654775795966,0.07134305097816006,-0.031434202669431484,-0.10162208261332473,0.20703125
88.69478246374396,0.07132192461149647,-0.03144676781169168,-0.10195175703432435,0.20703125
88.73478913152192,0.07130079824650275,-0.03145932699587694,-0.10228131047592132,0.1875
88.77479579929988,0.07127967202200461,-0.03147188003009847,-0.10261074298251088,0.17578125
88.81480246707785,0.07125854615375357,-0.03148442645588718,-0.10294005459847233,0.234375
88.85480913485581,0.07123742093185398,-0.031496965503958446,-0.10326924536816817,0.1953125
88.89481580263377,0.07121629671516261,-0.03150949605003916,-0.10359831533594516,0.19921875
88.93482247041175,0.07119517392292472,-0.031522016570241986,-0.10392726454613332,0.18359375
88.9748291381897,0.07117405260982088,-0.03153452644610288,-0.1042560930430464,0.25390625
89.01483580596766,0.07115293140856949,-0.031547029844896504,-0.10458480087098249,0.22265625
89.05484247374562,0.07113181022155467,-0.03155952729408636,-0.10491338807422323,0.16796875
89.0948491415236,0.07111068918806435,-0.03157201860149487,-0.10524185469703329,0.16796875
89.13485580930156,0.07108956852475509,-0.03158450330873003,-0.10557020078366208,0.2109375
89.17486247707951,0.07106844852311031,-0.031596980647129194,-0.10589842637834207,0.20703125
89.21486914485747,0.07104732954401066,-0.03160944949345314,-0.10622653152528966,0.19140625
89.25487581263545,0.07102621200940822,-0.0316219083254336,-0.10655451626870538,0.17578125
89.2948824804134,0.07100509597041066,-0.03163435654014012,-0.10688238065277306,0.1796875
89.33488914819137,0.07098398005367168,-0.03164679829649597,-0.1072101247216603,0.1875
89.37489581596932,0.07096286416370119,-0.03165923411173095,-0.10753774851951936,0.1875
89.4149024837473,0.07094174844025006,-0.031671663793382224,-0.10786525209048514,0.2265625
89.45490915152526,0.0709206331008671,-0.031684086883167845,-0.10819263547867702,0.15234375
89.49491581930322,0.07089951843844086,-0.03169650261298859,-0.10851989872819828,0.17578125
89.53492248708119,0.0708784048158595,-0.03170890986067439,-0.10884704188313515,0.25390625
89.57492915485915,0.07085729265776161,-0.03172130710561599,-0.10917406498755888,0.16796875
89.61493582263711,0.0708361820116322,-0.03173369376039053,-0.10950096808552351,0.21484375
89.65494249041507,0.07081507149812412,-0.03174607397543367,-0.10982775122106758,0.22265625
89.69494915819304,0.07079396102388198,-0.03175844825784969,-0.11015441443821311,0.20703125
89.734955825971,0.07077285072911987,-0.03177081641489576,-0.11048095778096645,0.22265625
89.77496249374896,0.07075174083227993,-0.031783177988400385,-0.11080738129331735,0.1875
89.81496916152692,0.07073063162765438,-0.03179553221083251,-0.11113368501923943,0.21875
89.85497582930489,0.0707095234801354,-0.0318078779610964,-0.11145986900269023,0.2265625
89.89498249708285,0.07068841681707355,-0.03182021372017995,-0.11178593328761138,0.1953125
89.93498916486081,0.07066731168219226,-0.03183253891634019,-0.11211187791792793,0.19140625
89.97499583263878,0.07064620669025257,-0.031844857691290335,-0.11243770293754934,0.1640625
90.01500250041674,0.07062510175004044,-0.0318571705421213,-0.11276340839036858,0.2265625
90.0550091681947,0.07060399700223664,-0.03186947727580763,-0.11308899432026265,0.171875
90.09501583597266,0.07058289266617523,-0.03188177743429507,-0.1134144607710924,0.22265625
90.13502250375063,0.0705617890375515,-0.03189407025062255,-0.11373980778670278,0.203125
90.17502917152859,0.0705406864832578,-0.031906354604775825,-0.11406503541092256,0.18359375
90.21503583930655,0.07051958543333857,-0.03191862897937467,-0.1143901436875639,0.1640625
90.25504250708451,0.07049848592770377,-0.0319308928183325,-0.11471513266042349,0.1953125
90.29504917486248,0.07047738657528828,-0.03194315025450557,-0.11504000237328216,0.1953125
90.33505584264044,0.07045628728702802,-0.03195540177507718,-0.11536475286990422,0.1875
90.3750625104184,0.07043518820405599,-0.03196764718677655,-0.11568938419403751,0.140625
90.41506917819638,0.07041408954662812,-0.03197988603160387,-0.1160138963894149,0.203125
90.45507584597433,0.07039299161182533,-0.03199211754320756,-0.1163382894997525,0.19140625
90.4950825137523,0.07037189476853967,-0.032004340602653836,-0.11666256356875043,0.1875
90.53508918153025,0.07035079944950308,-0.032016553694202976,-0.11698671864009275,0.203125
90.57509584930823,0.07032970569073238,-0.032028756277462704,-0.11731075475744784,0.22265625
90.61510251708619,0.07030861209541625,-0.03204095247626824,-0.11763467196446747,0.1640625
90.65510918486414,0.07028751857664874,-0.03205314276800055,-0.11795847030478784,0.18359375
90.6951158526421,0.07026642527604494,-0.032065326959083,-0.11828214982202911,0.1640625
90.73512252042008,0.07024533241472429,-0.032077504591702534,-0.11860571055979524,0.18359375
90.77512918819804,0.07022424029118221,-0.032089674900053884,-0.11892915256167458,0.21484375
90.815135855976,0.07020314927630632,-0.03210183676629081,-0.11925247587123872,0.1953125
90.85514252375397,0.0701820598055122,-0.03211398867631751,-0.11957568053204415,0.19140625
90.89514919153193,0.07016097191084128,-0.03212613010547853,-0.11989876658763099,0.1796875
90.93515585930989,0.0701398841898202,-0.032138265168416974,-0.12022173408152292,0.14453125
90.97516252708785,0.0701187965577061,-0.03215039433282271,-0.12054458305722876,0.18359375
91.01516919486582,0.07009770915658371,-0.03216251740484608,-0.12086731355823993,0.19140625
91.05517586264378,0.07007662220846374,-0.03217463392680251,-0.12118992562803305,0.1953125
91.09518253042174,0.07005553601324163,-0.03218674313346616,-0.12151241931006834,0.2265625
91.1351891981997,0.07003445094379712,-0.03219884390808361,-0.12183479464779012,0.15234375
91.17519586597767,0.07001336743820974,-0.03221093473824081,-0.12215705168462693,0.11328125
91.21520253375563,0.0699922855244949,-0.032223015114991344,-0.1224791904639907,0.21484375
91.25520920153359,0.06997120379458437,-0.03223508914365576,-0.12280121102927838,0.19140625
91.29521586931156,0.06995012216590493,-0.03224715728233837,-0.12312311342387067,0.1953125
91.33522253708952,0.06992904078101055,-0.032259219336922704,-0.12344489769113182,0.203125
91.37522920486748,0.06990795986280572,-0.03227127484985045,-0.12376656387441104,0.15625
91.41523587264544,0.06988687971258294,-0.0322833230564825,-0.12408811201704067,0.21875
91.45524254042341,0.06986580070521198,-0.03229536284116081,-0.12440954216233818,0.18359375
91.49524920820137,0.0698447232814596,-0.03230739269309715,-0.12473085435360415,0.20703125
91.53525587597933,0.06982364746517673,-0.03231941211921688,-0.12505204863412372,0.1875
91.57526254375729,0.06980257184281267,-0.03233142521529119,-0.12537312504716652,0.1484375
91.61526921153526,0.06978149633396884,-0.032343432429946625,-0.125694083635986,0.203125
91.65527587931322,0.06976042108167083,-0.03235543356879998,-0.12601492444381912,0.1875
91.69528254709118,0.06973934630971577,-0.03236742817442495,-0.12633564751388793,0.1796875
91.73528921486916,0.06971827232079268,-0.032379415482771096,-0.12665625288939825,0.1640625
91.77529588264711,0.06969719949175679,-0.03239139437928365,-0.12697674061353986,0.2109375
91.81530255042507,0.06967612826604515,-0.03240336335483187,-0.12729711072948718,0.1875
91.85530921820303,0.06965505866329051,-0.032415321932190114,-0.1276173632803979,0.1875
91.895315885981,0.06963398926453013,-0.03242727419744729,-0.12793749830941498,0.234375
91.93532255375897,0.06961291999152903,-0.03243922058989306,-0.12825751585966444,0.21484375
91.97532922153692,0.06959185098781633,-0.03245116091481413,-0.12857741597425731,0.1796875
92.01533588931488,0.06957078247806664,-0.03246309471495197,-0.12889719869628857,0.203125
92.05534255709286,0.06954971476636371,-0.03247502122684934,-0.1292168640688376,0.19140625
92.09534922487082,0.06952864823154656,-0.032486939337056354,-0.12953641213496714,0.19921875
92.13535589264878,0.06950758331971649,-0.032498847538107584,-0.129855842937725,0.1484375
92.17536256042675,0.06948652004620731,-0.03251074536866158,-0.13017515652014294,0.19140625
92.21536922820471,0.06946545698672783,-0.032522636904966214,-0.1304943529252366,0.16015625
92.25537589598267,0.06944439406524287,-0.032534522577012004,-0.1308134321960061,0.171875
92.29538256376063,0.06942333142572563,-0.032546402189888385,-0.13113239437543606,0.1796875
92.3353892315386,0.06940226929375858,-0.032558275286442596,-0.13145123950649512,0.19140625
92.37539589931656,0.06938120797481762,-0.03257014110381691,-0.1317699676321359,0.15234375
92.41540256709452,0.0693601478497238,-0.0325819985296682,-0.13208857879529545,0.12890625
92.45540923487248,0.06933908936723744,-0.03259384605820206,-0.1324070730388951,0.16796875
92.49541590265045,0.06931803253831131,-0.03260568324399862,-0.13272545040584055,0.19140625
92.53542257042841,0.06929697593341277,-0.032617514153300824,-0.1330437109390214,0.19140625
92.57542923820637,0.06927591947869434,-0.03262933920694025,-0.1333618546813115,0.16796875
92.61543590598433,0.06925486331860443,-0.03264115820974749,-0.1336798816755696,0.21875
92.6554425737623,0.06923380767961813,-0.03265297070471118,-0.133997791964638,0.17578125
92.69544924154026,0.06921275286860341,-0.0326647759295743,-0.13431558559134366,0.140625
92.73545590931822,0.06919169926834424,-0.032676572773138735,-0.13463326259849756,0.1796875
92.77546257709619,0.06917064733028577,-0.0326883597312216,-0.13495082302889538,0.1875
92.81546924487415,0.06914959706090161,-0.03270013637439449,-0.13526826692531696,0.16796875
92.85547591265211,0.06912854702550564,-0.032711906758732444,-0.1355855943305262,0.19140625
92.89548258043007,0.06910749715244095,-0.03272367129601456,-0.1359028052872714,0.1953125
92.93548924820804,0.06908644758663263,-0.032735429790814306,-0.1362198998382853,0.2265625
92.975495915986,0.06906539855544729,-0.032747181786267614,-0.13653687802628467,0.171875
93.01550258376396,0.06904435036714468,-0.03275892652071905,-0.13685373989397104,0.21875
93.05550925154192,0.06902330340649811,-0.03277066288405785,-0.13717048548403005,0.21875
93.0955159193199,0.0690022581275729,-0.032782389373844444,-0.13748711483913156,0.171875
93.13552258709785,0.06898121453231236,-0.032794105576611686,-0.13780362800192975,0.16796875
93.17552925487581,0.06896017118096293,-0.03280581553810986,-0.1381200250150636,0.140625
93.21553592265379,0.06893912800406195,-0.03281751966116907,-0.13843630592115602,0.19140625
93.25554259043174,0.06891808514701071,-0.03282921775011183,-0.1387524707628141,0.15625
93.2955492582097,0.06889704283806974,-0.03284090934821918,-0.13906851958262972,0.1875
93.33555592598766,0.06887600138688756,-0.032852593694444494,-0.13938445242317915,0.14453125
93.37556259376564,0.06885496118020985,-0.0328642696797984,-0.13970026932702317,0.171875
93.4155692615436,0.0688339226747457,-0.03287593580352923,-0.1400159703367061,0.171875
93.45557592932155,0.06881288586781209,-0.03288759166819485,-0.14033155549475734,0.17578125
93.49558259709951,0.0687918493146759,-0.032899241309063146,-0.14064702484369057,0.17578125
93.53558926487749,0.06877081294805554,-0.032910885120152195,-0.14096237842600395,0.17578125
93.57559593265545,0.06874977691386086,-0.03292252290547107,-0.14127761628417962,0.19921875
93.6156026004334,0.06872874144123006,-0.03293415420848293,-0.1415927384606846,0.17578125
93.65560926821138,0.06870770684119991,-0.032945778268751905,-0.14190774499797043,0.18359375
93.69561593598934,0.06868667350248364,-0.03295739397841769,-0.1422226359384724,0.22265625
93.7356226037673,0.06866564188443194,-0.032968999838416446,-0.14253741132461073,0.20703125
93.77562927154526,0.06864461197965116,-0.0329805954673687,-0.1428520711987899,0.17578125
93.81563593932323,0.06862358233851842,-0.03299218488990063,-0.14316661560339933,0.17578125
93.85564260710119,0.06860255289596373,-0.033003768491262866,-0.1434810445808123,0.16796875
93.89564927487915,0.06858152379834788,-0.033015346075276175,-0.14379535817338684,0.1875
93.9356559426571,0.06856049527571623,-0.033026917185527256,-0.14410955642346446,0.1796875
93.97566261043508,0.06853946764049201,-0.03303848106219555,-0.14442363937337288,0.19921875
94.01566927821304,0.06851844128335428,-0.033050036598551505,-0.14473760706542288,0.20703125
94.055675945991,0.0684974166662891,-0.033061582297226666,-0.1450514595419105,0.15234375
94.09568261376897,0.06847639377711053,-0.0330731177929363,-0.14536519684511578,0.20703125
94.13568928154693,0.06845537116139372,-0.03308464709951159,-0.14567881901730334,0.17578125
94.17569594932489,0.0684343487562691,-0.03309617059356601,-0.14599232610072294,0.17578125
94.21570261710285,0.06841332670857783,-0.033107688078675535,-0.14630571813760757,0.1796875
94.25570928488082,0.06839230524925832,-0.0331191990985831,-0.14661899517017585,0.1875
94.29571595265878,0.0683712846921024,-0.03313070289412078,-0.14693215724063025,0.15625
94.33572262043674,0.06835026542978334,-0.03314219835962924,-0.14724520439115818,0.1875
94.3757292882147,0.06832924792690236,-0.03315368399947238,-0.14755813666393147,0.14453125
94.41573595599267,0.06830823216639764,-0.03316515946449426,-0.14787095410110634,0.17578125
94.45574262377063,0.06828721668913436,-0.03317662875757276,-0.14818365674482326,0.2109375
94.49574929154859,0.06826620143444267,-0.03318809224679053,-0.14849624463720795,0.1875
94.53575595932656,0.06824518654964615,-0.03319954973547972,-0.14880871782037003,0.1796875
94.57576262710452,0.06822417226657435,-0.03321100076754606,-0.14912107633640403,0.125
94.61576929488248,0.06820315890041906,-0.03322244458441049,-0.1494333202273888,0.19921875
94.65577596266044,0.06818214684578282,-0.03323388008161614,-0.14974544953538804,0.21875
94.69578263043842,0.06816113656990799,-0.03324530576520014,-0.15005746430244998,0.16015625
94.73578929821637,0.06814012805077271,-0.03325672130217071,-0.15036936457060662,0.16796875
94.77579596599433,0.06811911982462432,-0.03326813068429493,-0.15068115038187607,0.22265625
94.8158026337723,0.06809811183299275,-0.03327953427122897,-0.15099282177825968,0.171875
94.85580930155027,0.06807710422368451,-0.033290931866064716,-0.15130437880174358,0.1484375
94.89581596932823,0.06805609722942171,-0.03330232301287115,-0.15161582149429914,0.1640625
94.93582263710618,0.0680350911667782,-0.03331370695369544,-0.15192714989788186,0.1875
94.97582930488416,0.06801408643231363,-0.03332508258522342,-0.1522383640544323,0.1796875
95.01583597266212,0.06799308349588999,-0.03333644841520508,-0.15254946400587477,0.18359375
95.05584264044008,0.06797208233044452,-0.03334780412683969,-0.152860449794119,0.1953125
95.09584930821804,0.06795108146768189,-0.03335915370066401,-0.15317132146105888,0.1875
95.13585597599601,0.0679300808513627,-0.03337049748794728,-0.15348207904857358,0.15625
95.17586264377397,0.06790908062976107,-0.03338183529157716,-0.15379272259852556,0.15625
95.21586931155193,0.06788808103649271,-0.03339316665578651,-0.154103252152763,0.171875
95.25587597932989,0.06786708238951178,-0.03340449082325324,-0.1544136677531186,0.19921875
95.29588264710786,0.0678460850873315,-0.03341580669181091,-0.1547239694414101,0.171875
95.33588931488582,0.06782508960242997,-0.03342711277092479,-0.15503415725943875,0.234375
95.37589598266378,0.06780409590261881,-0.03343840876001939,-0.15534423124899116,0.1640625
95.41590265044174,0.06778310251518334,-0.03344969862818546,-0.1556541914518389,0.1640625
95.45590931821971,0.06776210938605294,-0.033460982718532574,-0.15596403790973762,0.125
95.49591598599767,0.06774111666400214,-0.03347226083368241,-0.15627377066442805,0.1796875
95.53592265377563,0.06772012458353885,-0.033483532518037366,-0.15658338975763497,0.18359375
95.5759293215536,0.06769913346399678,-0.03349479701490798,-0.15689289523106864,0.1796875
95.61593598933156,0.06767814370583865,-0.033506053223282414,-0.15720228712642353,0.1796875
95.65594265710952,0.06765715578415481,-0.03351729965434344,-0.15751156548537915,0.17578125
95.69594932488748,0.06763616966154734,-0.03352853602377289,-0.15782073034959965,0.21875
95.73595599266545,0.06761518386096073,-0.033539766289093415,-0.15812978176073372,0.1875
95.77596266044341,0.06759419833052105,-0.03355099078529804,-0.15843871976041457,0.17578125
95.81596932822137,0.06757321321949024,-0.03356220931477348,-0.15874754439026062,0.171875
95.85597599599933,0.06755222876326804,-0.033573421422095635,-0.1590562556918746,0.15625
95.8959826637773,0.06753124528255057,-0.03358462635124285,-0.15936485370684428,0.1484375
95.93598933155526,0.0675102631797786,-0.033595823002298075,-0.15967333847674176,0.16796875
95.97599599933322,0.0674892829326335,-0.03360700988819981,-0.1599817100431245,0.1796875
96.0160026671112,0.0674683044984247,-0.033618186740916114,-0.16028996844753446,0.17578125
96.05600933488915,0.06744732639584831,-0.033629357506253676,-0.16059811373149785,0.1953125
96.09601600266711,0.06742634857522788,-0.03364052251118597,-0.16090614593652636,0.16015625
96.13602267044507,0.06740537118631221,-0.033651681557870794,-0.1612140651041163,0.1640625
96.17602933822305,0.0673843944653934,-0.03366283419105892,-0.16152187127574846,0.1953125
96.216036006001,0.06736341873455795,-0.03367397965534123,-0.16182956449288832,0.22265625
96.25604267377896,0.06734244439816171,-0.03368511685202003,-0.16213714479698665,0.171875
96.29604934155692,0.06732147193650226,-0.03369624429573387,-0.16244461222947842,0.13671875
96.3360560093349,0.06730050130151197,-0.03370736173476775,-0.16275196683178383,0.16796875
96.37606267711286,0.06727953100773468,-0.033718473103059886,-0.16305920864530782,0.21484375
96.41606934489081,0.06725856100768784,-0.03372957871966816,-0.16336633771144016,0.1484375
96.45607601266879,0.06723759145160896,-0.03374067838652252,-0.1636733540715552,0.1328125
96.49608268044675,0.0672166225766809,-0.03375177164855506,-0.1639802577670123,0.1875
96.5360893482247,0.06719565470636603,-0.03376285775099849,-0.16428704883915557,0.19921875
96.57609601600267,0.06717468824696123,-0.03377393559632059,-0.1645937273293141,0.15234375
96.61610268378064,0.06715372368136092,-0.03378500370089383,-0.16490029327880174,0.16796875
96.6561093515586,0.06713276095603501,-0.0337960618293523,-0.16520674672891666,0.18359375
96.69611601933656,0.06711179858145637,-0.033807113903644284,-0.16551308772094253,0.13671875
96.73612268711452,0.06709083651236405,-0.033818160234953334,-0.16581931629614804,0.17578125
96.77612935489249,0.0670698748994695,-0.03382920062501543,-0.16612543249578632,0.17578125
96.81613602267045,0.06704891398084736,-0.03384023461894458,-0.16643143636109503,0.1796875
96.85614269044841,0.06702795408133323,-0.033851261462621435,-0.16673732793329726,0.16015625
96.89614935822638,0.06700699560916266,-0.0338622800596818,-0.167043107253601,0.16015625
96.93615602600434,0.06698603904982037,-0.03387328892824029,-0.16734877436319867,0.19140625
96.9761626937823,0.066965084344232,-0.03388428784930401,-0.16765432930326768,0.12890625
97.01616936156026,0.06694412999892467,-0.033895280732625224,-0.16795977211497098,0.1640625
97.05617602933823,0.0669231759707952,-0.03390626788173451,-0.16826510283945528,0.203125
97.09618269711619,0.06690222241105948,-0.033917249098117996,-0.16857032151785317,0.15625
97.13618936489415,0.06688126955868508,-0.033928223927072246,-0.16887542819128165,0.16015625
97.17619603267211,0.06686031773987886,-0.03393919161513023,-0.16918042290084284,0.20703125
97.21620270045008,0.06683936736481154,-0.03395015106710074,-0.169485305687624,0.1875
97.25620936822804,0.0668184189215544,-0.033961100802842925,-0.16979007659269663,0.15234375
97.296216036006,0.06679747234540315,-0.033972040619767815,-0.1700947356571174,0.16796875
97.33622270378397,0.0667765261390215,-0.03398297441531317,-0.1703992829219284,0.17578125
97.37622937156193,0.06675558026148935,-0.03399390248539936,-0.17070371842815663,0.2109375
97.41623603933989,0.0667346348645152,-0.03400482463129084,-0.17100804221681326,0.12890625
97.45624270711785,0.06671369018795775,-0.03401574039847311,-0.1713122543288947,0.1640625
97.49624937489583,0.066692746559379,-0.0340266490341638,-0.1716163548053829,0.14453125
97.53625604267378,0.06667180439091129,-0.034037549444290674,-0.17192034368724396,0.125
97.57626271045174,0.06665086417319337,-0.03404844015049002,-0.1722242210154295,0.171875
97.6162693782297,0.06662992583580599,-0.03405932096660563,-0.17252798683087606,0.18359375
97.65627604600768,0.06660898787764653,-0.034070195777615,-0.17283164117450517,0.125
97.69628271378564,0.06658805025997519,-0.03408106487192602,-0.17313518408722328,0.18359375
97.7362893815636,0.06656711313499275,-0.03409192805058665,-0.1734386156099214,0.16796875
97.77629604934157,0.06654617674344969,-0.03410278485927273,-0.1737419357834762,0.1484375
97.81630271711953,0.06652524141429084,-0.03411363454583277,-0.17404514464874882,0.2109375
97.85630938489749,0.06650430756154778,-0.03412447601743402,-0.17434824224658596,0.15234375
97.89631605267545,0.06648337567845097,-0.03413530779743739,-0.17465122861781868,0.12109375
97.93632272045342,0.06646244568878226,-0.03414612971614512,-0.1749541038032636,0.17578125
97.97632938823138,0.06644151608776969,-0.034156945645931386,-0.17525686784372235,0.12890625
98.01633605600934,0.06642058683885037,-0.03416775586778897,-0.17555952077998105,0.171875
98.0563427237873,0.06639965809471797,-0.03417856018255279,-0.1758620626528114,0.171875
98.09634939156527,0.06637873009701416,-0.034189358136092904,-0.17616449350297003,0.171875
98.13635605934323,0.06635780317605075,-0.034200148976920135,-0.17646681337119796,0.17578125
98.17636272712119,0.06633687774778518,-0.03421093161338721,-0.17676902229822244,0.1875
98.21636939489915,0.06631595430801965,-0.03422170457061401,-0.17707112032475486,0.14453125
98.25637606267712,0.06629503277463605,-0.03423246769541896,-0.17737310749149204,0.21875
98.29638273045508,0.06627411163932441,-0.03424322484736551,-0.17767498383911584,0.15625
98.33638939823304,0.06625319086767689,-0.03425397630016347,-0.177976749408293,0.15234375
98.37639606601101,0.06623227061288181,-0.034264721854435604,-0.17827840423967534,0.16796875
98.41640273378897,0.06621135111747059,-0.03427546105625189,-0.1785799483739003,0.171875
98.45640940156693,0.06619043271312183,-0.03428619315478646,-0.17888138185159003,0.15234375
98.49641606934489,0.06616951581771513,-0.03429691705958251,-0.1791827047133514,0.11328125
98.53642273712286,0.06614860092961988,-0.034307631297522775,-0.17948391699977678,0.171875
98.57642940490082,0.06612768796076289,-0.03431833573191055,-0.1797850187514437,0.15234375
98.61643607267878,0.06610677539933474,-0.03432903420947286,-0.18008601000891483,0.14453125
98.65644274045674,0.06608586321310773,-0.03433972699667613,-0.18038689081273745,0.1640625
98.69644940823471,0.06606495155576549,-0.03435041389393458,-0.18068766120344465,0.17578125
98.73645607601267,0.0660440406707301,-0.03436109444751855,-0.18098832122155406,0.14453125
98.77646274379063,0.06602313089104422,-0.03437176790727159,-0.1812888709075689,0.15234375
98.8164694115686,0.06600222263650721,-0.0343824331839298,-0.18158931030197767,0.18359375
98.85647607934656,0.06598131640804905,-0.03439308880614691,-0.18188963944525277,0.16796875
98.89648274712452,0.06596041211154313,-0.03440373465376199,-0.18218985837785306,0.16796875
98.93648941490248,0.06593950823181041,-0.03441437456046595,-0.18248996714022242,0.2109375
98.97649608268046,0.06591860473878247,-0.03442500878560903,-0.1827899657727896,0.1640625
99.01650275045841,0.06589770178663783,-0.03443563712940198,-0.18308985431596814,0.1640625
99.05650941823637,0.06587679961967484,-0.03444625913834606,-0.18338963281015752,0.17578125
99.09651608601433,0.0658558985723294,-0.03445687406289876,-0.1836893012957419,0.17578125
99.1365227537923,0.06583499906630148,-0.034467480815024015,-0.18398885981309054,0.1640625
99.17652942157027,0.06581410160507781,-0.034478077925148704,-0.18428830840255844,0.1796875
99.21653608934822,0.06579320608839179,-0.03448866528967551,-0.18458764710448505,0.14453125
99.2565427571262,0.06577231099779648,-0.034499246729115675,-0.1848868759591955,0.18359375
99.29654942490416,0.0657514163053746,-0.03450982249580498,-0.18518599500700023,0.1328125
99.33655609268212,0.065730522165803,-0.03452039238974835,-0.18548500428819442,0.1640625
99.37656276046008,0.06570962882428574,-0.034530955957624496,-0.18578390384305865,0.16015625
99.41656942823805,0.06568873661658857,-0.03454151245062649,-0.1860826937118591,0.16015625
99.45657609601601,0.06566784596633883,-0.03455206078189271,-0.18638137393484666,0.125
99.49658276379397,0.06564695737957651,-0.03456259948362565,-0.18667994455225762,0.1953125
99.53658943157193,0.06562607074980888,-0.034573128468816994,-0.18697840560431367,0.1875
99.5765960993499,0.06560518455542227,-0.03458365154465834,-0.1872767571312216,0.17578125
99.61660276712786,0.06558429877064488,-0.03459416895656642,-0.18757499917317316,0.1640625
99.65660943490582,0.06556341355065158,-0.034604680504345495,-0.18787313177034604,0.1875
99.69661610268379,0.06554252914153702,-0.034615185734883105,-0.18817115496290276,0.140625
99.73662277046175,0.0655216458804248,-0.034625683900054854,-0.18846906879099085,0.17578125
99.77662943823971,0.06550076419285349,-0.03463617391420267,-0.1887668732947434,0.16796875
99.81663610601767,0.06547988458740937,-0.03464665431131256,-0.18906456851427883,0.171875
99.85664277379564,0.06545900695127323,-0.03465712502101769,-0.18936215448970106,0.1640625
99.8966494415736,0.06543812975979714,-0.034667589836992904,-0.18965963126109853,0.13671875
99.93665610935156,0.06541725298933272,-0.034678048997860866,-0.1899569988685459,0.171875
99.97666277712952,0.0653963767955535,-0.0346885023032286,-0.19025425735210194,0.16796875
100.01666944490749,0.06537550142544396,-0.03469894930019634,-0.19055140675181237,0.20703125
100.05667611268545,0.06535462721748528,-0.034709389241323295,-0.19084844710770688,0.20703125
100.09668278046341,0.06533375459912275,-0.03471982104216151,-0.19114537845980067,0.2109375
100.13668944824138,0.06531288408148485,-0.03473024323848363,-0.19144220084809466,0.14453125
100.17669611601934,0.06529201554536981,-0.03474065577653162,-0.19173891431257462,0.16796875
100.2167027837973,0.06527114746313777,-0.03475106243643878,-0.1920355188932122,0.1640625
100.25670945157526,0.06525027981328584,-0.03476146345007466,-0.1923320146299638,0.1328125
100.29671611935323,0.06522941275198785,-0.03477185861685001,-0.19262840156277217,0.16796875
100.3367227871312,0.06520854652711668,-0.03478224748408331,-0.19292467973156413,0.19140625
100.37672945490915,0.06518768147851076,-0.03479262930501846,-0.19322084917625237,0.1328125
100.41673612268711,0.06516681803551833,-0.03480300299642247,-0.19351690993673532,0.15625
100.45674279046509,0.06514595671180473,-0.034813367095860165,-0.193812862052896,0.15234375
100.49674945824304,0.06512509738168513,-0.034823721566232806,-0.19410870556460347,0.19921875
100.536756126021,0.0651042385146616,-0.034834070173936874,-0.19440444051171185,0.1484375
100.57676279379898,0.06508338009135346,-0.03484441314421385,-0.19470006693406094,0.1796875
100.61676946157694,0.06506252226841815,-0.03485475027631381,-0.19499558487147522,0.15234375
100.6567761293549,0.06504166529465094,-0.03486508111771233,-0.19529099436376507,0.16015625
100.69678279713285,0.06502080951122827,-0.03487540492237438,-0.1955862954507263,0.1328125
100.73678946491083,0.06499995534939908,-0.034885720608284446,-0.19588148817214018,0.1328125
100.77679613268879,0.06497910332535925,-0.03489602671480659,-0.19617657256777304,0.14453125
100.81680280046675,0.06495825330685606,-0.034906323221521575,-0.19647154867737687,0.2109375
100.8568094682447,0.06493740376063728,-0.03491661388095281,-0.1967664165406891,0.12890625
100.89681613602268,0.06491655466943512,-0.03492689891181094,-0.19706117619743208,0.19140625
100.93682280380064,0.06489570619042451,-0.034937178113126306,-0.19735582768731452,0.15625
100.9768294715786,0.06487485857325823,-0.03494745103265555,-0.19765037105002953,0.171875
101.01683613935656,0.06485401216048124,-0.03495771692502822,-0.19794480632525624,0.1796875
101.05684280713453,0.06483316738523946,-0.03496797470945111,-0.19823913355265937,0.1640625
101.09684947491249,0.06481232476625551,-0.03497822292708976,-0.1985333527718885,0.18359375
101.13685614269045,0.06479148416462131,-0.03498846157422894,-0.19882746402257923,0.109375
101.17686281046842,0.06477064404443603,-0.03499869438938116,-0.19912146734435227,0.16015625
101.21686947824638,0.06474980439053414,-0.03500892158482481,-0.19941536277681376,0.171875
101.25687614602434,0.06472896536059453,-0.03501914295940027,-0.19970915035955578,0.16796875
101.2968828138023,0.06470812720515837,-0.03502935806108992,-0.20000283013215525,0.12890625
101.33688948158027,0.06468729026812209,-0.03503956614522018,-0.20029640213417527,0.15625
101.37689614935823,0.064666454984524,-0.03504976613222661,-0.2005898664051634,0.19921875
101.41690281713619,0.06464562187559383,-0.03505995656510788,-0.20088322298465378,0.17578125
101.45690948491415,0.06462479079571326,-0.03507013745681633,-0.2011764719121653,0.12890625
101.49691615269212,0.06460396020642188,-0.035080312531748536,-0.2014696132272028,0.17578125
101.53692282047008,0.0645831300946481,-0.03509048199584389,-0.20176264696925628,0.15234375
101.57692948824804,0.0645623006185742,-0.03510064564775798,-0.20205557317780137,0.1484375
101.61693615602601,0.06454147202963037,-0.03511080303570026,-0.20234839189229958,0.15625
101.65694282380397,0.06452064467306108,-0.035120953415700755,-0.20264110315219708,0.15625
101.69694949158193,0.06449981898579653,-0.03513109570942302,-0.20293370699692626,0.12109375
101.73695615935989,0.06447899549159851,-0.035141228461647876,-0.20322620346590492,0.17578125
101.77696282713787,0.06445817403798912,-0.03515135170213226,-0.2035185925985365,0.171875
101.81696949491582,0.06443735308408502,-0.03516146914096617,-0.20381087443420964,0.1640625
101.85697616269378,0.06441653261889967,-0.035171580977842905,-0.20410304901229892,0.16796875
101.89698283047174,0.06439571280111919,-0.03518168701123664,-0.204395116372164,0.12109375
101.93698949824972,0.0643748938830621,-0.03519178678958783,-0.2046870765531506,0.171875
101.97699616602767,0.06435407621132051,-0.03520187956963123,-0.20497892959458958,0.16015625
102.01700283380563,0.06433326022471186,-0.03521196427426472,-0.20527067553579753,0.16015625
102.05700950158361,0.06431244644950995,-0.03522203945008372,-0.20556231441607675,0.171875
102.09701616936157,0.06429163472632085,-0.03523210514361472,-0.2058538462747148,0.18359375
102.13702283713953,0.06427082351193161,-0.03524216505053228,-0.20614527115098502,0.171875
102.17702950491748,0.0642500127974284,-0.03525221936438184,-0.20643658908414642,0.125
102.21703617269546,0.06422920274198687,-0.0352622678834864,-0.20672780011344405,0.140625
102.25704284047342,0.0642083935988443,-0.035272310156464454,-0.20701890427810726,0.13671875
102.29704950825138,0.06418758571592409,-0.035282345440785665,-0.20730990161735208,0.10546875
102.33705617602934,0.06416677953392713,-0.03529237266058715,-0.20760079217037952,0.203125
102.37706284380731,0.06414597558163382,-0.0353023903642844,-0.20789157597637725,0.14453125
102.41706951158527,0.06412517369264868,-0.03531239861519092,-0.2081822530745171,0.140625
102.45707617936323,0.0641043723215352,-0.03532240109443588,-0.20847282350395774,0.15234375
102.4970828471412,0.06408357146144208,-0.03533239798950984,-0.20876328730384275,0.20703125
102.53708951491916,0.0640627712720657,-0.03534238909853207,-0.20905364451330155,0.16015625
102.57709618269712,0.06404197200750017,-0.03535237397041409,-0.2093438951714492,0.1328125
102.61710285047508,0.06402117401702878,-0.03536235186330884,-0.20963403931738667,0.1953125
102.65710951825305,0.0640003777432337,-0.03537232170259505,-0.20992407699020033,0.19921875
102.69711618603101,0.06397958371739526,-0.03538228203851518,-0.21021400822896175,0.1875
102.73712285380897,0.06395879176603103,-0.035392232951186854,-0.21050383307272924,0.16796875
102.77712952158693,0.06393800034158845,-0.035402178107063226,-0.21079355156054613,0.140625
102.8171361893649,0.06391720943926676,-0.03541211768767489,-0.21108316373144126,0.171875
102.85714285714286,0.06389641921926911,-0.03542205149096685,-0.2113726696244293,0.16015625
102.89714952492082,0.06387562993657692,-0.03543197906609072,-0.21166206927851078,0.15625
102.9371561926988,0.0638548419418166,-0.03544189967191378,-0.21195136273267168,0.12109375
102.97716286047675,0.06383405567943022,-0.03545181223509255,-0.21224055002588377,0.1640625
103.01716952825471,0.06381327168322809,-0.03546171530763822,-0.21252963119710466,0.14453125
103.05717619603267,0.06379248977253595,-0.03547160898652371,-0.21281860628527777,0.1875
103.09718286381064,0.06377170839779436,-0.03548149692339393,-0.21310747532933183,0.16015625
103.1371895315886,0.06375092755624001,-0.03549137929391588,-0.2133962383681811,0.14453125
103.17719619936656,0.06373014740858493,-0.03550125589586048,-0.21368489544072639,0.171875
103.21720286714452,0.06370936821069716,-0.03551112627862322,-0.2139734465858536,0.1328125
103.2572095349225,0.06368859031454392,-0.03552098970178998,-0.21426189184243466,0.12109375
103.29721620270045,0.06366781416645755,-0.03553084509323863,-0.2145502312493267,0.14453125
103.33722287047841,0.06364704030270735,-0.03554069100687217,-0.21483846484537328,0.15625
103.37722953825639,0.06362626853537323,-0.0355505275564775,-0.21512659266940332,0.1796875
103.41723620603435,0.06360549731299649,-0.03556035837876498,-0.2154146147602316,0.14453125
103.4572428738123,0.0635847266348413,-0.035570183643626616,-0.21570253115665894,0.1875
103.49724954159026,0.06356395666212772,-0.03558000314866505,-0.21599034189747124,0.1640625
103.53725620936824,0.06354318765161084,-0.03558981644352113,-0.21627804702144088,0.11328125
103.5772628771462,0.06352241995659579,-0.03559962278850519,-0.21656564656732524,0.18359375
103.61726954492416,0.06350165402528696,-0.03560942111274702,-0.21685314057386806,0.15234375
103.65727621270212,0.06348089039643942,-0.03561920997198875,-0.2171405290797988,0.1015625
103.69728288048009,0.06346012887478353,-0.03562898949687897,-0.2174278121238326,0.16796875
103.73728954825805,0.06343936790707212,-0.03563876330906239,-0.2177149897446708,0.1015625
103.777296216036,0.06341860749456679,-0.03564853157278036,-0.21800206198099953,0.1875
103.81730288381398,0.06339784779902953,-0.035658294085410575,-0.21828902887149182,0.16796875
103.85730955159194,0.06337708907808424,-0.035668050396874325,-0.2185758904548059,0.16015625
103.8973162193699,0.06335633168637485,-0.03567779976820505,-0.21886264676958594,0.22265625
103.93732288714786,0.06333557607397279,-0.03568754112979162,-0.21914929785446158,0.14453125
103.97732955492583,0.06331482278211448,-0.03569727303921819,-0.21943584374804953,0.12890625
104.01733622270379,0.06329407160809224,-0.03570699564401475,-0.21972228448895054,0.15625
104.05734289048175,0.06327332099698213,-0.0357167125506304,-0.22000862011575273,0.15234375
104.09734955825971,0.06325257095206172,-0.03572642391769152,-0.22029485066702909,0.14453125
104.13735622603768,0.06323182163557066,-0.035736129542469776,-0.22058097618133893,0.15234375
104.17736289381564,0.06321107330603491,-0.03574582897510975,-0.2208669966972272,0.1484375
104.2173695615936,0.0631903263194341,-0.03575552147737381,-0.22115291225322475,0.14453125
104.25737622937156,0.0631695811277038,-0.035765205980913095,-0.22143872288784833,0.19140625
104.29738289714953,0.0631488382745564,-0.03577488104515909,-0.22172442863960085,0.1875
104.33738956492749,0.06312809754975997,-0.03578454683453763,-0.22201002954697047,0.14453125
104.37739623270545,0.06310735739682334,-0.035794206940177827,-0.2222955256484317,0.1484375
104.41740290048342,0.06308661782101116,-0.035803861515210714,-0.2225809169824446,0.12890625
104.45740956826138,0.0630658789850724,-0.0358135103567491,-0.22286620358745546,0.109375
104.49741623603934,0.06304514114841998,-0.035823153015190394,-0.22315138550189628,0.14453125
104.5374229038173,0.06302440466836699,-0.0358327887530302,-0.22343646276418477,0.16796875
104.57742957159527,0.06300366999869404,-0.03584241650321365,-0.2237214354127251,0.15625
104.61743623937323,0.06298293768561555,-0.035852034826969165,-0.2240063034859066,0.1796875
104.6574429071512,0.06296220751127282,-0.035861643905660955,-0.22429106702210505,0.20703125
104.69744957492915,0.06294147791771855,-0.035871247314973154,-0.22457572605968207,0.17578125
104.73745624270713,0.06292074891218981,-0.03588084520263414,-0.224860280636985,0.14453125
104.77746291048508,0.06290002065794717,-0.035890437365598216,-0.22514473079234743,0.13671875
104.81746957826304,0.06287929341528864,-0.03590002335452091,-0.22542907656408856,0.171875
104.85747624604102,0.06285856754286002,-0.03590960243263296,-0.2257133179905137,0.13671875
104.89748291381898,0.06283784349631426,-0.0359191735341232,-0.22599745510991398,0.13671875
104.93748958159694,0.06281712182430019,-0.0359287352221314,-0.22628148796056707,0.1484375
104.9774962493749,0.0627964023012757,-0.035938287694921744,-0.22656541658073542,0.16015625
105.01750291715287,0.06277568336795017,-0.035947834512607045,-0.22684924100866827,0.125
105.05750958493083,0.06275496503351724,-0.03595737581760682,-0.2271329612826009,0.109375
105.09751625270879,0.06273424746175121,-0.035966911406717116,-0.22741657744075428,0.13671875
105.13752292048675,0.06271353091383432,-0.035976440830855494,-0.22770008952133503,0.1015625
105.17752958826472,0.06269281574974277,-0.035985963353991825,-0.2279834975625366,0.19140625
105.21753625604268,0.0626721024269837,-0.035995477911589066,-0.22826680160253743,0.15625
105.25754292382064,0.0626513914966664,-0.036004983068647765,-0.22855000167950273,0.140625
105.29754959159861,0.06263068272546217,-0.0360144790403744,-0.2288330978315834,0.15234375
105.33755625937657,0.06260997455284793,-0.03602396937118975,-0.2291160900969163,0.125
105.37756292715453,0.06258926698994528,-0.03603345419831931,-0.22939897851362478,0.109375
105.41756959493249,0.06256856020107383,-0.036042933318349756,-0.22968176311981742,0.15625
105.45757626271046,0.06254785444828431,-0.036052406282490485,-0.22996444395358923,0.1796875
105.49758293048842,0.0625271500928802,-0.03606187235545647,-0.23024702105302103,0.16015625
105.53758959826638,0.06250644759422075,-0.036071330473986175,-0.23052949445617993,0.15625
105.57759626604434,0.062485747505870125,-0.03608077920494619,-0.2308118642011192,0.19921875
105.61760293382231,0.06246504958662474,-0.036090218780500824,-0.2310941303258775,0.1640625
105.65760960160027,0.062444352274843594,-0.03609965272925345,-0.23137629286848027,0.15234375
105.69761626937823,0.062423655583592336,-0.036109081183271836,-0.23165835186693873,0.19140625
105.7376229371562,0.062402959677671996,-0.03611850393904814,-0.23194030735924998,0.12890625
105.77762960493416,0.06238226482003226,-0.03612792054803284,-0.23222215938339696,0.10546875
105.81763627271212,0.06236157137330482,-0.03613733027568462,-0.23250390797734932,0.14453125
105.85764294049008,0.06234087979869591,-0.03614673206002455,-0.2327855531790624,0.1171875
105.89764960826805,0.06232019065222023,-0.036156124469788144,-0.23306709502647793,0.16015625
105.93765627604601,0.06229950368471025,-0.03616550775411403,-0.233348533557523,0.13671875
105.97766294382397,0.06227881733352196,-0.03617488542566391,-0.2336298688101116,0.16015625
106.01766961160193,0.06225813161363241,-0.03618425761146739,-0.23391110082214317,0.16015625
106.0576762793799,0.062237446690357204,-0.0361936241078686,-0.23419222963150388,0.171875
106.09768294715786,0.06221676282752945,-0.03620298446658815,-0.2344732552760651,0.17578125
106.13768961493582,0.06219608038910593,-0.03621233795383425,-0.2347541777936853,0.125
106.1776962827138,0.06217539983812087,-0.03622168350894116,-0.23503499722220844,0.1171875
106.21770295049176,0.06215472173306557,-0.036231019702464305,-0.23531571359946457,0.140625
106.25770961826971,0.06213404581670662,-0.036240346800553824,-0.23559632696327026,0.140625
106.29771628604767,0.062113370525509616,-0.03624966829981199,-0.23587683735142773,0.12890625
106.33772295382565,0.062092695876347775,-0.036258984322318555,-0.23615724480172595,0.171875
106.3777296216036,0.06207202203505045,-0.036268294664274565,-0.2364375493519394,0.1640625
106.41773628938157,0.062051349266335314,-0.03627759887767153,-0.23671775103982878,0.14453125
106.45774295715952,0.0620306779354818,-0.036286896229471254,-0.2369978499031416,0.16015625
106.4977496249375,0.06201000850738131,-0.03629618566026928,-0.23727784597961094,0.1484375
106.53775629271546,0.06198934154293197,-0.03630546574255619,-0.23755773930695545,0.1484375
106.57776296049342,0.061968676776778114,-0.03631473675945256,-0.2378375299228812,0.13671875
106.61776962827139,0.06194801264461058,-0.0363240021913795,-0.23811721786507972,0.15625
106.65777629604935,0.061927349165180286,-0.036333262155559654,-0.23839680317122858,0.125
106.69778296382731,0.0619066865048339,-0.036342516448049006,-0.23867628587899203,0.12890625
106.73778963160527,0.06188602492917118,-0.0363517646211159,-0.23895566602601986,0.125
106.77779629938324,0.061865364804793585,-0.036361005942477785,-0.23923494364994896,0.18359375
106.8178029671612,0.06184470659842827,-0.0363702393540258,-0.23951411878840145,0.1484375
106.85780963493916,0.06182405087340931,-0.036379463430131195,-0.23979319147898603,0.16015625
106.89781630271712,0.061803397356153755,-0.03638867847092666,-0.24007216175929774,0.140625
106.93782297049509,0.06178274448167598,-0.03639788794056198,-0.2403510296669178,0.16796875
106.97782963827305,0.06176209227062211,-0.036407091951433296,-0.24062979523941308,0.16015625
107.01783630605101,0.061741440889838885,-0.03641629029948451,-0.2409084585143378,0.14453125
107.05784297382897,0.061720790605808186,-0.03642548253726312,-0.24118701952923105,0.16015625
107.09784964160694,0.06170014178645106,-0.036434667933246255,-0.24146547832161935,0.12890625
107.1378563093849,0.061679494900328535,-0.03644384543062228,-0.24174383492901463,0.15234375
107.17786297716286,0.06165885051320411,-0.03645301360564983,-0.2420220893889154,0.140625
107.21786964494083,0.061638208343180026,-0.036462172775484136,-0.24230024173880638,0.140625
107.25787631271879,0.061617566824742065,-0.03647132638783178,-0.24257829201615838,0.1796875
107.29788298049675,0.06159692598034916,-0.03648047455046116,-0.24285624025842878,0.125
107.33788964827471,0.06157628597738146,-0.036489617059151346,-0.24313408650306084,0.16796875
107.37789631605268,0.06155564708320291,-0.036498753466731114,-0.24341183078748452,0.12890625
107.41790298383064,0.06153500966705106,-0.03650788304244297,-0.2436894731491155,0.14453125
107.4579096516086,0.06151437419931869,-0.03651700473077411,-0.24396701362535622,0.12109375
107.49791631938656,0.06149374124819301,-0.036526117109875585,-0.2442444522535948,0.16796875
107.53792298716454,0.06147311052337286,-0.036535220513937636,-0.24452178907120653,0.14453125
107.5779296549425,0.061452480458916374,-0.03654431837413202,-0.24479902411555216,0.15234375
107.61793632272045,0.06143185107910943,-0.03655341079363408,-0.2450761574239791,0.15234375
107.65794299049843,0.06141122255185051,-0.03656249756808712,-0.24535318903382125,0.140625
107.69794965827639,0.06139059514538352,-0.036571578250607396,-0.245630118982398,0.125
107.73795632605434,0.06136996923024657,-0.036580652111229385,-0.24590694730701618,0.11328125
107.7779629938323,0.06134934527869223,-0.036589718095690116,-0.24618367404496805,0.15625
107.81796966161028,0.06132872386131059,-0.036598774784063884,-0.24646029923353263,0.14453125
107.85797632938824,0.061308104679307196,-0.036607822527589165,-0.24673682290997506,0.1484375
107.8979829971662,0.06128748616643098,-0.0366168647407845,-0.2470132451115466,0.171875
107.93798966494415,0.06126686834877594,-0.0366259015223208,-0.2472895658754855,0.1015625
107.97799633272213,0.06124625139475929,-0.03663493266770912,-0.24756578523901596,0.14453125
108.01800300050009,0.06122563557350548,-0.03664395773035369,-0.24784190323934846,0.16796875
108.05800966827805,0.0612050212568835,-0.03665297598103092,-0.24811791991367982,0.15234375
108.09801633605602,0.061184408918936575,-0.03666198636684156,-0.24839383529919334,0.16015625
108.13802300383398,0.06116379913268384,-0.03667098746973475,-0.2486696494330583,0.10546875
108.17802967161194,0.0611431915907518,-0.03667997965800311,-0.2489453623524311,0.1484375
108.2180363393899,0.06112258472669596,-0.036688966329399775,-0.2492209740944537,0.12890625
108.25804300716787,0.06110197856840065,-0.03669794757817728,-0.24949648469625502,0.1875
108.29804967494583,0.06108137328480097,-0.03670692319971927,-0.24977189419494988,0.1640625
108.33805634272379,0.06106076914590307,-0.03671589274771876,-0.2500472026276395,0.1328125
108.37806301050175,0.061040166524887585,-0.03672485549372597,-0.2503224100314122,0.12109375
108.41806967827972,0.06101956589761791,-0.03673381038615424,-0.25059751644334227,0.11328125
108.45807634605768,0.0609989678395217,-0.03674275600885743,-0.25087252190049,0.12890625
108.49808301383564,0.06097837203455654,-0.03675169274719457,-0.25114742643990223,0.15234375
108.53808968161361,0.060957776916186625,-0.036760623982065255,-0.2514222300986126,0.12890625
108.57809634939157,0.06093718251409927,-0.03676954980333853,-0.25169693291364104,0.171875
108.61810301716953,0.060916588997734125,-0.036778470006296374,-0.25197153492199337,0.1484375
108.65810968494749,0.06089599663797662,-0.0367873841449265,-0.25224603616066266,0.16796875
108.69811635272546,0.06087540580931816,-0.036796291491554924,-0.25252043666662793,0.16015625
108.73812302050342,0.06085481698943745,-0.03680519099591351,-0.2527947364768547,0.171875
108.77812968828138,0.06083423075616683,-0.03681408124376292,-0.25306893562829474,0.14453125
108.81813635605934,0.06081364678470587,-0.03682296263753883,-0.25334303415788656,0.11328125
108.85814302383731,0.060793063508578896,-0.03683183854111923,-0.25361703210255515,0.1484375
108.89814969161527,0.06077248095919128,-0.0368407090401851,-0.2538909294992112,0.12890625
108.93815635939323,0.06075189930652003,-0.03684957392986617,-0.2541647263847531,0.16796875
108.9781630271712,0.0607313188223301,-0.03685843276444633,-0.2544384227960645,0.11328125
109.01816969494917,0.060710739882420095,-0.03686728481703372,-0.25471201877001654,0.15234375
109.05817636272712,0.06069016296628331,-0.03687612903867805,-0.25498551434346595,0.140625
109.09818303050508,0.060669588654149585,-0.036884964017053996,-0.25525890955325653,0.1484375
109.13818969828306,0.060649016612372764,-0.03689379017168133,-0.2555322044362185,0.12890625
109.17819636606102,0.06062844527463822,-0.03690261084933415,-0.25580539902916816,0.13671875
109.21820303383898,0.06060787467408442,-0.03691142613153386,-0.25607849336890876,0.17578125
109.25820970161693,0.06058730498120905,-0.0369202358132892,-0.2563514874922294,0.09765625
109.29821636939491,0.06056673646863903,-0.03692903944921144,-0.25662438143590693,0.15625
109.33822303717287,0.060546169513513014,-0.036937836313136775,-0.2568971752367032,0.15625
109.37822970495083,0.0605256045971173,-0.036946625357466345,-0.2571698689313675,0.109375
109.4182363727288,0.060505042302074964,-0.036955405171791716,-0.25744246255663567,0.15234375
109.45824304050676,0.060484482285803456,-0.036964176192728106,-0.2577149561492293,0.125
109.49824970828472,0.06046392298227154,-0.03697294174982971,-0.25798734974585735,0.1328125
109.53825637606268,0.06044336442632864,-0.036981701920547505,-0.25825964338321494,0.16015625
109.57826304384065,0.060422806788994796,-0.03699045649977028,-0.2585318370979838,0.12890625
109.61826971161861,0.060402250343790376,-0.036999205042386796,-0.258803930926832,0.15625
109.65827637939657,0.06038169546912662,-0.037007946823072596,-0.25907592490641435,0.140625
109.69828304717453,0.06036114264811225,-0.0370166807955296,-0.2593478190733721,0.19140625
109.7382897149525,0.06034059246575805,-0.0370254055512713,-0.25961961346433354,0.0859375
109.77829638273046,0.06032004457045752,-0.03703412154401398,-0.25989130811591254,0.16015625
109.81830305050842,0.060299497396581414,-0.03704283208598374,-0.26016290306471046,0.1328125
109.85830971828638,0.06027895098067012,-0.03705153725064604,-0.26043439834731463,0.13671875
109.89831638606435,0.06025840549426603,-0.03706023683277295,-0.26070579400029936,0.125
109.93832305384231,0.060237861211767135,-0.03706893038755905,-0.26097709006022507,0.14453125
109.97832972162027,0.06021731851288738,-0.03707761719046966,-0.26124828656363935,0.15234375
110.01833638939824,0.06019677788253883,-0.03708629619653735,-0.2615193835470762,0.15234375
110.0583430571762,0.060176239908113,-0.03709496599920397,-0.2617903810470556,0.125
110.09834972495416,0.06015570422887525,-0.037103627069319356,-0.2620612791000852,0.10546875
110.13835639273212,0.06013516927975219,-0.037112282701618086,-0.26233207774265815,0.140625
110.1783630605101,0.06011463509893758,-0.03712093296569182,-0.26260277701125534,0.12109375
110.21836972828805,0.060094101858495536,-0.037129577656200875,-0.2628733769423431,0.12890625
110.25837639606601,0.060073569833702385,-0.037138216328646265,-0.26314387757237484,0.1171875
110.29838306384397,0.06005303940557249,-0.037146848259287185,-0.26341427893779146,0.15625
110.33838973162194,0.060032511060817154,-0.037155472404491297,-0.2636845810750193,0.125
110.3783963993999,0.06001198538920498,-0.037164087359630844,-0.26395478402047157,0.12109375
110.41840306717786,0.05999146202081644,-0.03717269361264361,-0.26422488781054837,0.14453125
110.45840973495584,0.05997093939118836,-0.03718129444077197,-0.2644948924816369,0.15625
110.4984164027338,0.05995041754017862,-0.03718988990976693,-0.2647647980701099,0.12109375
110.53842307051175,0.059929896640376186,-0.03719847981417513,-0.26503460461232725,0.1484375
110.57842973828971,0.059909376967933456,-0.03720706370980993,-0.26530431214463623,0.12109375
110.61843640606769,0.059888858905164134,-0.03721564087372626,-0.2655739207033697,0.12109375
110.65844307384565,0.05986834294057394,-0.037224210263632804,-0.26584343032484786,0.15234375
110.6984497416236,0.05984782966630458,-0.037232770476834195,-0.26611284104537725,0.12890625
110.73845640940156,0.059827318703145414,-0.03724132201839056,-0.26638215290125095,0.13671875
110.77846307717954,0.059806808487398215,-0.037249868147890566,-0.2666513659287494,0.1328125
110.8184697449575,0.059786299060547644,-0.03725840892735402,-0.2669204801641387,0.1484375
110.85847641273546,0.05976579059570684,-0.03726694415121874,-0.2671894956436728,0.1484375
110.89848308051343,0.059745283369887624,-0.03727547337563917,-0.2674584124035917,0.11328125
110.93848974829139,0.05972477776673315,-0.03728399587841773,-0.26772723048012187,0.16796875
110.97849641606935,0.05970427427652587,-0.0372925106186307,-0.26799594990947656,0.1171875
111.0185030838473,0.059683773493773476,-0.03730101619552216,-0.268264570727857,0.12109375
111.05850975162528,0.05966327502988595,-0.0373095131312789,-0.2685330929714492,0.09375
111.09851641940324,0.059642777322050734,-0.037318004667731566,-0.26880151667642693,0.13671875
111.1385230871812,0.059622280413358486,-0.03732649086325053,-0.26906984187895044,0.12109375
111.17852975495916,0.05960178447744667,-0.03733497151216817,-0.2693380686151672,0.1328125
111.21853642273713,0.059581289792219286,-0.03734344617092917,-0.26960619692121085,0.11328125
111.25854309051509,0.059560796742580684,-0.03735191411819341,-0.26987422683320167,0.16015625
111.29854975829305,0.059540305820619,-0.03736037431435614,-0.2701421583872474,0.1796875
111.33855642607102,0.059519817623203464,-0.037368825360603736,-0.27040999161944207,0.125
111.37856309384898,0.05949933175227388,-0.03737726779625791,-0.2706777265658661,0.13671875
111.41856976162694,0.05947884664602839,-0.03738570484528109,-0.27094536326258734,0.109375
111.4585764294049,0.05945836234913938,-0.03739413656248079,-0.27121290174566,0.1484375
111.49858309718287,0.05943787903577008,-0.03740256274208506,-0.27148034205112503,0.16015625
111.53858976496083,0.05941739698469779,-0.03741098294086122,-0.2717476842150106,0.11328125
111.57859643273879,0.05939691658212133,-0.03741939643827319,-0.2720149282733313,0.14453125
111.61860310051675,0.059376438321913604,-0.037427802196066944,-0.27228207426208834,0.13671875
111.65860976829472,0.059355962803282654,-0.037436198817402976,-0.27254912221727057,0.15234375
111.69861643607268,0.05933548961864425,-0.037444586858686464,-0.2728160721748521,0.140625
111.73862310385064,0.05931501720731182,-0.03745296952593613,-0.2730829241707956,0.1171875
111.77862977162862,0.05929454561551762,-0.03746134687047847,-0.2733496782410491,0.12890625
111.81863643940657,0.05927407501794918,-0.03746971868644264,-0.27361633442154815,0.13671875
111.85864310718453,0.05925360569425931,-0.037478084530917125,-0.2738828927482152,0.12890625
111.8986497749625,0.05923313803193751,-0.037486443684176106,-0.27414935325695916,0.14453125
111.93865644274047,0.059212672526638886,-0.03749479510931848,-0.27441571598367576,0.125
111.97866311051843,0.05919220977993753,-0.03750313741143126,-0.2746819809642479,0.0859375
112.01866977829638,0.05917174937456937,-0.03751147116411308,-0.2749481482345453,0.15234375
112.05867644607434,0.05915128975112002,-0.03751979955528202,-0.2752142178304239,0.11328125
112.09868311385232,0.05913083095735773,-0.037528122632867,-0.2754801897877275,0.12890625
112.13868978163028,0.05911037316849648,-0.03753644019089869,-0.27574606414228575,0.16015625
112.17869644940824,0.05908991666506263,-0.037544751786791924,-0.27601184092991576,0.14453125
112.21870311718621,0.059069461835835155,-0.03755305670163289,-0.276277520186421,0.08984375
112.25870978496417,0.059049009178245945,-0.03756135389988002,-0.2765431019475924,0.1171875
112.29871645274213,0.05902855929621574,-0.0375696419885736,-0.27680858624920723,0.13671875
112.33872312052009,0.059008111762743384,-0.037577921558458335,-0.2770739731270302,0.15234375
112.37872978829806,0.05898766501979455,-0.03758619577927448,-0.2773392626168122,0.1171875
112.41873645607602,0.058967219116648484,-0.03759446469563787,-0.27760445475429135,0.1484375
112.45874312385398,0.05894677422903032,-0.03760272810150806,-0.2778695495751928,0.14453125
112.49874979163194,0.058926330638373034,-0.037610985554576065,-0.2781345471152287,0.12109375
112.53875645940991,0.05890588873472568,-0.037619236336771084,-0.27839944741009776,0.12109375
112.57876312718787,0.05888544901729473,-0.03762747941391238,-0.2786642504954855,0.1328125
112.61876979496583,0.05886501209234079,-0.03763571339499986,-0.27892895640706433,0.10546875
112.65877646274379,0.05884457752303692,-0.037643938887926914,-0.279193565180494,0.10546875
112.69878313052176,0.0588241437528525,-0.03765215904415479,-0.279458076851421,0.11328125
112.73878979829972,0.05880371083255526,-0.0376603739050661,-0.27972249145547856,0.140625
112.77879646607768,0.0587832789384149,-0.03766858326450033,-0.27998680902828715,0.140625
112.81880313385565,0.05876284835270282,-0.03767678668053349,-0.280251029605454,0.1171875
112.85880980163361,0.05874241946676895,-0.03768498343588943,-0.2805151532225729,0.15234375
112.89881646941157,0.058721992781592236,-0.03769317249774993,-0.28077917991522494,0.0859375
112.93882313718953,0.05870156890576733,-0.03770135247707923,-0.2810431097189784,0.09765625
112.9788298049675,0.05868114739255255,-0.03770952399892128,-0.2813069426693881,0.1328125
113.01883647274546,0.058660726687044425,-0.03771769019635979,-0.2815706788019962,0.140625
113.05884314052342,0.058640306841476204,-0.03772585110762349,-0.2818343181523311,0.125
113.09884980830138,0.05861988803264499,-0.03773400652646197,-0.282097860755909,0.13671875
113.13885647607935,0.058599470543693764,-0.0377421560112862,-0.2823613066482327,0.109375
113.17886314385731,0.058579054767255716,-0.03775029884564264,-0.28262465586479185,0.1171875
113.21886981163527,0.058558641206077164,-0.03775843399808124,-0.28288790844106304,0.1640625
113.25887647941325,0.05853823047106526,-0.03776656008155996,-0.28315106441251015,0.125
113.2988831471912,0.05851782210550672,-0.03777467773822517,-0.28341412381458375,0.12890625
113.33888981496916,0.05849741455623605,-0.03778279008270533,-0.28367708668272196,0.15234375
113.37889648274712,0.05847700787692532,-0.03779089715015942,-0.28393995305234915,0.12109375
113.4189031505251,0.05845660224490055,-0.03779899873424824,-0.284202722958877,0.12890625
113.45890981830306,0.05843619794417432,-0.03780709439372285,-0.28446539643770435,0.12109375
113.49891648608101,0.05841579536866227,-0.03781518341295331,-0.2847279735242169,0.15625
113.53892315385897,0.05839539502287423,-0.03782326476186219,-0.2849904542537875,0.1328125
113.57892982163695,0.058374997520058335,-0.03783133705535265,-0.2852528386617758,0.13671875
113.6189364894149,0.058354602393373006,-0.03783940095277946,-0.28551512678352825,0.11328125
113.65894315719287,0.05833420809154917,-0.03784745955016585,-0.285777318654379,0.1484375
113.69894982497084,0.05831381466967373,-0.03785551287968039,-0.28603941430964863,0.08203125
113.7389564927488,0.05829342230560021,-0.0378635607349006,-0.2863014137846454,0.1484375
113.77896316052676,0.058273031284212844,-0.03787160267491608,-0.28656331711466393,0.12890625
113.81896982830472,0.05825264200070596,-0.03787963798492664,-0.28682512433498636,0.1640625
113.85897649608269,0.05823225496135019,-0.03788766563622967,-0.28708683548088176,0.11328125
113.89898316386065,0.058211870781710744,-0.03789568424570644,-0.2873484505876059,0.12890625
113.93898983163861,0.058191488984763964,-0.03790369448986574,-0.28760996969040237,0.109375
113.97899649941657,0.058171108021245706,-0.03791169944605503,-0.28787139282450114,0.11328125
114.01900316719454,0.05815072794763177,-0.03791969914353352,-0.28813272002511947,0.109375
114.0590098349725,0.05813034894228772,-0.0379276933758223,-0.2883939513274616,0.12109375
114.09901650275046,0.05810997129100197,-0.03793568170230168,-0.28865508676671925,0.14453125
114.13902317052843,0.05808959539022921,-0.03794366340902955,-0.28891612637807085,0.1640625
114.17902983830639,0.058069221747995316,-0.037951637468684456,-0.2891770701966819,0.1015625
114.21903650608435,0.05804885098218006,-0.0379596025001255,-0.28943791825770493,0.07421875
114.25904317386231,0.05802848260548642,-0.037967559197019086,-0.28969867059627996,0.08984375
114.29904984164028,0.05800811507078255,-0.037975510617938496,-0.2899593272475339,0.09375
114.33905650941824,0.057987748435905886,-0.03798345678931564,-0.2902198882465809,0.1328125
114.3790631771962,0.057967382879770615,-0.03799139750456271,-0.2904803536285217,0.1015625
114.41906984497416,0.057947018688999,-0.03799933232346015,-0.29074072342844476,0.09375
114.45907651275213,0.0579266562613381,-0.03800726053287487,-0.29100099768142573,0.125
114.49908318053009,0.057906296106566967,-0.03801518110686813,-0.2912611764225267,0.11328125
114.53908984830805,0.05788593884487303,-0.03802309266628304,-0.2915212596867977,0.1171875
114.57909651608603,0.05786558397859736,-0.03803099592194223,-0.29178124750927537,0.140625
114.61910318386398,0.05784522996286541,-0.03803889391355165,-0.29204113992498343,0.140625
114.65910985164194,0.05782487685685304,-0.038046786664791166,-0.2923009369689333,0.1796875
114.6991165194199,0.057804524840004215,-0.038054673968995964,-0.292560638676123,0.140625
114.73912318719788,0.05778417419980996,-0.038062555386295216,-0.29282024508153787,0.12890625
114.77912985497584,0.057763825335288906,-0.03807043020439663,-0.2930797562201506,0.09765625
114.8191365227538,0.05774347875795379,-0.03807829739877186,-0.2933391721269206,0.078125
114.85914319053175,0.0577231350903285,-0.03808615559220019,-0.2935984928367951,0.10546875
114.89914985830973,0.057702793824284906,-0.03809400551268713,-0.29385771838470803,0.12109375
114.93915652608769,0.057682453417334446,-0.038101850180974034,-0.2941168488055805,0.14453125
114.97916319386565,0.057662113929963475,-0.03810968961807004,-0.29437588413432075,0.1015625
115.01916986164362,0.057641775542147194,-0.03811752361723451,-0.29463482440582484,0.125
115.05917652942158,0.05762143854224273,-0.038125351738951,-0.29489366965497565,0.08203125
115.09918319719954,0.057601103330541206,-0.03813317327176697,-0.2951524199166427,0.09765625
115.1391898649775,0.057580770420318006,-0.03814098719251834,-0.29541107522568344,0.11328125
115.17919653275547,0.05756044043635992,-0.038148792126028286,-0.29566963561694215,0.10546875
115.21920320053343,0.057540112860013065,-0.038156588817433786,-0.2959281011252506,0.1171875
115.25920986831139,0.057519786151304195,-0.038164380268415454,-0.2961864717854277,0.10546875
115.29921653608935,0.05749946037200285,-0.03817216649739108,-0.29644474763227946,0.14453125
115.33922320386732,0.05747913570261538,-0.03817994729754748,-0.2967029287005992,0.109375
115.37922987164528,0.057458812432365766,-0.038187722229723345,-0.2969610150251671,0.09765625
115.41923653942324,0.05743849096281398,-0.03819549058331116,-0.2972190066407513,0.11328125
115.45924320720121,0.057418171808978256,-0.038203251336539595,-0.2974769035821067,0.1328125
115.49924987497917,0.05739785559793553,-0.03821100311622999,-0.29773470588397555,0.10546875
115.53925654275713,0.05737754180040221,-0.03821874668467132,-0.29799241358108736,0.109375
115.57926321053509,0.057357228879046554,-0.0382264850243932,-0.29825002670815903,0.1484375
115.61926987831306,0.0573369168968776,-0.038234218151325036,-0.2985075452998944,0.1015625
115.65927654609102,0.0573166060349667,-0.03824194585853365,-0.2987649693909849,0.1171875
115.69928321386898,0.05729629658338802,-0.038249667707239705,-0.29902229901610866,0.10546875
115.73928988164694,0.05727598894496786,-0.03825738298768466,-0.2992795342099318,0.1328125
115.77929654942491,0.05725568363646315,-0.03826509067949409,-0.29953667500710784,0.11328125
115.81930321720287,0.05723538128723698,-0.038272789411489344,-0.2997937214422766,0.125
115.85930988498083,0.057215081357285064,-0.03828047996311167,-0.3000506735500659,0.15234375
115.89931655275879,0.05719478231204614,-0.038288165297646726,-0.3003075313650908,0.12890625
115.93932322053676,0.05717448421577558,-0.03829584542856201,-0.3005642949219536,0.12109375
115.97932988831472,0.057154187250042024,-0.038303520148909156,-0.3008209642552434,0.125
116.01933655609268,0.05713389170580236,-0.03831118902024355,-0.3010775393995376,0.16015625
116.05934322387066,0.057113597987148226,-0.038318851333657415,-0.3013340203894004,0.13671875
116.09934989164861,0.05709330661257008,-0.0383265060701789,-0.30159040725938296,0.1328125
116.13935655942657,0.05707301821371323,-0.0383341518606312,-0.30184670004402414,0.10546875
116.17936322720453,0.05705273223976258,-0.03834178950160605,-0.3021028987778505,0.10546875
116.2193698949825,0.05703244715905679,-0.03834942193705327,-0.3023590034953752,0.12890625
116.25937656276047,0.05701216303705088,-0.03835704917808418,-0.30261501423109916,0.1171875
116.29938323053842,0.05699188005584735,-0.038364671017683406,-0.30287093101951057,0.1015625
116.33938989831638,0.05697159850726727,-0.03837228701777083,-0.30312675389508453,0.12109375
116.37939656609436,0.056951318796665026,-0.0383798964702932,-0.30338248289228437,0.1171875
116.41940323387232,0.05693104144424496,-0.038387498357708605,-0.30363811804555996,0.08984375
116.45940990165028,0.05691076708396268,-0.038395091312796364,-0.30389365938934904,0.140625
116.49941656942825,0.056890495154086076,-0.03840267614932014,-0.30414910695807656,0.13671875
116.53942323720621,0.05687022412598125,-0.03841025579180664,-0.30440446078615485,0.08203125
116.57942990498417,0.05684995406627747,-0.038417830249083705,-0.3046597209079834,0.1015625
116.61943657276213,0.05682968515760963,-0.03842539931407444,-0.30491488735794947,0.12109375
116.6594432405401,0.05680941769266322,-0.0384329625490646,-0.30516996017042736,0.16015625
116.69944990831806,0.056789152078051734,-0.03844051924686083,-0.3054249393797787,0.08203125
116.73945657609602,0.05676888883572613,-0.03844806839130069,-0.3056798250203531,0.08203125
116.77946324387398,0.05674862860187663,-0.03845560861722784,-0.30593461712648656,0.11328125
116.81946991165195,0.05672837080379889,-0.038463140755523366,-0.3061893157325035,0.13671875
116.85947657942991,0.05670811391601753,-0.038470667711199294,-0.3064439208727152,0.09375
116.89948324720787,0.05668785800630616,-0.03847818949087892,-0.3066984325814203,0.11328125
116.93948991498584,0.05666760325783346,-0.03848570588742501,-0.3069528508929053,0.12109375
116.9794965827638,0.05664734996414664,-0.038493216463494795,-0.30720717584144364,0.09765625
117.01950325054176,0.05662709853311908,-0.03850072051275373,-0.3074614074612963,0.1015625
117.05950991831972,0.05660684948842534,-0.038508217020451097,-0.3077155457867121,0.09375
117.09951658609769,0.05658660346852064,-0.03851570462344559,-0.307969590851927,0.11328125
117.13952325387565,0.05656635988961985,-0.0385231841697597,-0.30822354269116375,0.13671875
117.17952992165361,0.0565461172295378,-0.03853065854480048,-0.3084774013386335,0.14453125
117.21953658943157,0.056525875557145555,-0.03853812775308927,-0.3087311668285347,0.14453125
117.25954325720954,0.056505635056180364,-0.03854559158738027,-0.30898483919505276,0.12109375
117.2995499249875,0.056485396021034334,-0.038553049610728723,-0.30923841847236067,0.13671875
117.33955659276546,0.05646515886083728,-0.03856050111766413,-0.30949190469461946,0.1171875
117.37956326054343,0.056444924100984596,-0.03856794509484955,-0.3097452978959771,0.10546875
117.4195699283214,0.05642469238218917,-0.03857538018116545,-0.30999859811056857,0.15625
117.45957659609935,0.05640446310949838,-0.03858280724176701,-0.3102518053725174,0.12890625
117.49958326387731,0.05638423476414566,-0.03859022914237175,-0.3105049197159341,0.1171875
117.53958993165529,0.05636400741610635,-0.038597645885422076,-0.31075794117491645,0.14453125
117.57959659943324,0.05634378124961532,-0.03860505726367122,-0.31101086978355014,0.1640625
117.6196032672112,0.056323556559945205,-0.03861246284052168,-0.3112637055759078,0.1171875
117.65960993498916,0.05630333375747957,-0.03861986191137082,-0.31151644858605027,0.11328125
117.69961660276714,0.05628311336933054,-0.03862725346429967,-0.31176909884802545,0.1328125
117.7396232705451,0.05626289603846464,-0.03863463614021225,-0.31202165639586815,0.1328125
117.77962993832305,0.05624268115867059,-0.038642010821393485,-0.31227412126360177,0.109375
117.81963660610103,0.05622246721473242,-0.03864938035378361,-0.31252649348523714,0.09375
117.85964327387899,0.056202254277680726,-0.038656744737850086,-0.3127787730947718,0.1328125
117.89964994165695,0.056182042532286106,-0.038664103766292,-0.31303096012619125,0.1015625
117.9396566094349,0.05616183227468163,-0.038671457002890486,-0.3132830546134688,0.109375
117.97966327721288,0.05614162391648591,-0.038678803743938055,-0.3135350565905652,0.1484375
118.01966994499084,0.05612141798655782,-0.03868614297888829,-0.313786966091428,0.1171875
118.0596766127688,0.05610121513009598,-0.038693473350695985,-0.3140387831499932,0.140625
118.09968328054676,0.056081014729540246,-0.038700795758771014,-0.31429050780018397,0.1015625
118.13968994832473,0.05606081527335596,-0.03870811302919162,-0.3145421400759113,0.08984375
118.17969661610269,0.0560406168336006,-0.03871542516052315,-0.31479368001107294,0.12109375
118.21970328388065,0.05602041959557946,-0.038722731945415305,-0.315045127639555,0.1015625
118.25970995165862,0.05600022385628619,-0.03873003294802925,-0.3152964829952311,0.14453125
118.29971661943658,0.05598003002860552,-0.03873732746550754,-0.31554774611196246,0.10546875
118.33972328721454,0.05595983864307188,-0.03874461448877758,-0.31579891702359714,0.11328125
118.3797299549925,0.05593965034714381,-0.0387518926628006,-0.31604999576397147,0.09765625
118.41973662277047,0.05591946451182364,-0.038759162904103986,-0.31630098236690934,0.12109375
118.45974329054843,0.055899279629388184,-0.03876642801882163,-0.31655187686622205,0.1328125
118.49974995832639,0.055879095772893,-0.0387736880036893,-0.3168026792957082,0.1171875
118.53975662610435,0.05585891312817805,-0.03878094265131056,-0.3170533896891548,0.08203125
118.57976329388232,0.05583873199309614,-0.03878819152623013,-0.31730400808033593,0.125
118.61976996166028,0.055818552781779954,-0.03879543392646712,-0.31755453450301313,0.09765625
118.65977662943824,0.05579837602646956,-0.03880266884437729,-0.31780496899093547,0.15234375
118.6997832972162,0.055778202376860736,-0.038809894926956946,-0.3180553115778406,0.1328125
118.73978996499417,0.055758031192428094,-0.03881711310784509,-0.31830556229745244,0.13671875
118.77979663277213,0.05573786096937579,-0.03882432617317111,-0.31855572118348346,0.140625
118.81980330055009,0.05571769178176078,-0.0388315341178667,-0.3188057882696335,0.1171875
118.85980996832807,0.0556975238159413,-0.03883873673451586,-0.31905576358959004,0.10546875
118.89981663610602,0.055677357370627165,-0.03884593358805174,-0.31930564717702786,0.1171875
118.93982330388398,0.05565719286119818,-0.03885312397737104,-0.31955543906561024,0.1328125
118.97982997166194,0.05563703082159585,-0.038860306896261985,-0.319805139288987,0.09765625
119.01983663943992,0.05561687190374834,-0.03886748099375912,-0.32005474788079674,0.1875
119.05984330721788,0.055596715455511383,-0.0388746472206081,-0.3203042648746648,0.12890625
119.09984997499583,0.05557655997718548,-0.038881808342798446,-0.32055369030420483,0.09765625
119.1398566427738,0.05555640554372719,-0.03888896435363379,-0.3208030242030177,0.11328125
119.17986331055177,0.055536252342048065,-0.03889611504563094,-0.32105226660469194,0.1171875
119.21986997832973,0.05551610067171564,-0.038903259984112315,-0.32130141754280395,0.12109375
119.25987664610768,0.05549595094935317,-0.03891039846885732,-0.32155047705091794,0.12890625
119.29988331388566,0.05547580371060092,-0.03891752949508871,-0.3217994451625857,0.09375
119.33988998166362,0.05545565960961194,-0.038924651713885844,-0.3220483219113463,0.1328125
119.37989664944158,0.05543551798253639,-0.038931766093089286,-0.3222971073307274,0.11328125
119.41990331721954,0.05541537733388417,-0.03893887537849531,-0.32254580145424344,0.078125
119.45990998499751,0.055395237739516594,-0.03894597956180067,-0.32279440431539697,0.11328125
119.49991665277547,0.055375099386879775,-0.038953078435485074,-0.32304291594767803,0.07421875
119.53992332055343,0.055354962576399526,-0.0389601715652609,-0.3232913363845649,0.12109375
119.57992998833139,0.055334827725922256,-0.03896725825181919,-0.3235396656595227,0.08203125
119.61993665610936,0.055314695372818176,-0.03897433749177101,-0.3237879038060055,0.12890625
119.65994332388732,0.05529456617344348,-0.03898140793826737,-0.3240360508574537,0.125
119.69994999166528,0.05527443945215159,-0.038988470576237826,-0.3242841068472965,0.1015625
119.73995665944325,0.05525431371779599,-0.03899552813120341,-0.32453207180895044,0.1328125
119.77996332722121,0.05523418904710919,-0.039002580593329714,-0.3247799457758196,0.0859375
119.81996999499917,0.05521406562807514,-0.03900962775505773,-0.325027728781296,0.13671875
119.85997666277713,0.055193943761975124,-0.039016669182495314,-0.32527542085875955,0.09765625
119.8999833305551,0.05517382386791291,-0.03902370417719656,-0.32552302204157796,0.08203125
119.93998999833306,0.05515370648491261,-0.03903073173726701,-0.32577053236310605,0.1171875
119.97999666611102,0.05513359227156505,-0.039037750517880686,-0.3260179518566869,0.12890625
120.02000333388898,0.0551134805403367,-0.0390447615210482,-0.3262652805556516,0.109375
120.06001000166695,0.05509336980455751,-0.039051767451936455,-0.3265125184933185,0.06640625
120.10001666944491,0.055073260141800896,-0.039058768299250306,-0.3267596657029941,0.14453125
120.14002333722287,0.05505315174058746,-0.03906576385539667,-0.32700672221797233,0.109375
120.18003000500084,0.055033044903054135,-0.03907275368688028,-0.3272536880715353,0.11328125
120.2200366727788,0.05501294004954023,-0.03907973709614934,-0.32750056329695243,0.12890625
120.26004334055676,0.05499283772075833,-0.039086713082752675,-0.32774734792748156,0.09765625
120.30005000833472,0.05497273857750871,-0.039093680303919104,-0.3279940419963676,0.1015625
120.3400566761127,0.05495264192026449,-0.03910063977875477,-0.328240645536844,0.15234375
120.38006334389065,0.05493254626699984,-0.0391075941919459,-0.32848715858213134,0.1015625
120.42007001166861,0.054912451696080805,-0.03911454353083163,-0.32873358116543844,0.15234375
120.46007667944657,0.05489235839656433,-0.03912148758778804,-0.3289799133199614,0.12109375
120.50008334722455,0.054872266671441676,-0.039128425929720254,-0.32922615507888503,0.10546875
120.5400900150025,0.05485217694228695,-0.03913535785997153,-0.3294723064753813,0.11328125
120.58009668278046,0.054832089751496046,-0.039142282379539484,-0.3297183675426102,0.10546875
120.62010335055844,0.05481200576207411,-0.03914919814771001,-0.32996433831371935,0.12890625
120.6601100183364,0.05479192426244498,-0.03915610620062803,-0.3302102188218447,0.15234375
120.70011668611436,0.05477184377529287,-0.039163009202517245,-0.3304560091001095,0.10546875
120.74012335389232,0.05475176437977755,-0.03916990713937556,-0.3307017091816251,0.09765625
120.78013002167029,0.05473168626549374,-0.039176799803549274,-0.3309473190994908,0.109375
120.82013668944825,0.054711609736284646,-0.03918368676234886,-0.3311928388867935,0.08203125
120.8601433572262,0.054691535214958405,-0.039190567320013546,-0.331438268576608,0.078125
120.90015002500417,0.05467146324558999,-0.03919744047899387,-0.33168360820199716,0.1328125
120.94015669278214,0.05465139449338348,-0.03920430490063715,-0.33192885779601167,0.109375
120.9801633605601,0.054631328234607424,-0.03921116163814001,-0.33217401739168984,0.109375
121.02017002833806,0.05461126299682466,-0.03921801333513891,-0.3324190870220582,0.1328125
121.06017669611603,0.05459119885993912,-0.03922485997638535,-0.33266406672013077,0.14453125
121.10018336389399,0.05457113601408158,-0.0392317013542013,-0.3329089565189098,0.08203125
121.14019003167195,0.05455107476393142,-0.03923853703632589,-0.3331537564513854,0.11328125
121.18019669944991,0.05453101553356244,-0.039245366327850625,-0.33339846655053523,0.09765625
121.22020336722788,0.05451095886870795,-0.039252188232705626,-0.3336430868493252,0.09375
121.26021003500584,0.05449090543676404,-0.03925900141430558,-0.3338876173807088,0.078125
121.3002167027838,0.05447085450175578,-0.03926580694288597,-0.334132058177628,0.1171875
121.34022337056176,0.05445080459625883,-0.039272607441421026,-0.3343764092730123,0.109375
121.38023003833973,0.05443075580088793,-0.03927940289348745,-0.334620670699779,0.16796875
121.42023670611769,0.05441070830631158,-0.03928619309138329,-0.3348648424908337,0.08984375
121.46024337389565,0.05439066241807868,-0.03929297760323157,-0.3351089246790695,0.08984375
121.50025004167361,0.054370618561455496,-0.03929975573507763,-0.3353529172973675,0.1171875
121.54025670945158,0.054350577283865206,-0.03930652649228564,-0.33559682037859695,0.140625
121.58026337722954,0.05433053925489184,-0.03931328854033917,-0.3358406339556149,0.10546875
121.6202700450075,0.05431050372622598,-0.03932004296650369,-0.33608435806126646,0.09765625
121.66027671278547,0.05429046923559211,-0.03932679237301498,-0.33632799272838465,0.10546875
121.70028338056343,0.054270435864281,-0.0393335367423474,-0.3365715379897903,0.09765625
121.7402900483414,0.054250403803500546,-0.03934027586677552,-0.3368149938782924,0.171875
121.78029671611935,0.05423037335964995,-0.03934700931483461,-0.3370583604266877,0.0859375
121.82030338389733,0.05421034495922199,-0.03935373639347656,-0.3373016376677609,0.109375
121.86031005167528,0.05419031915130658,-0.03936045610952972,-0.337544825634285,0.1015625
121.90031671945324,0.054170296607671586,-0.039367167130548275,-0.33778792435902055,0.10546875
121.9403233872312,0.05415027656756517,-0.03937387056084125,-0.33803093387471633,0.140625
121.98033005500918,0.054130257574031365,-0.0393805689817837,-0.33827385421410916,0.12109375
122.02033672278714,0.05411023970898683,-0.03938726237484013,-0.3385166854099237,0.12109375
122.0603433905651,0.05409022316417775,-0.03939395053226633,-0.3387594274948726,0.0859375
122.10035005834307,0.054070208246853727,-0.03940063302301114,-0.33900208050165676,0.12890625
122.14035672612103,0.05405019538472969,-0.03940730915493873,-0.33924464446296465,0.1015625
122.18036339389899,0.054030185128561586,-0.03941397793634098,-0.3394871194114725,0.08984375
122.22037006167695,0.05401017815229358,-0.03942063803684897,-0.33972950537984575,0.1015625
122.26037672945492,0.05399017368267874,-0.03942729057775268,-0.339971802400737,0.15625
122.30038339723288,0.05397017026814316,-0.039433938119594,-0.34021401050678635,0.1328125
122.34039006501084,0.05395016799123277,-0.03944058064284597,-0.3404561297306232,0.1328125
122.3803967327888,0.05393016704423181,-0.03944721793974873,-0.3406981601048642,0.15234375
122.42040340056677,0.053910167735238816,-0.03945384957966818,-0.3409401016621142,0.10546875
122.46041006834473,0.053890170493190226,-0.03946047487138176,-0.34118195443496585,0.12109375
122.50041673612269,0.05387017587050259,-0.03946709282465012,-0.34142371845600006,0.09765625
122.54042340390066,0.05385018454329202,-0.03947370211118366,-0.3416653937577861,0.10546875
122.58043007167862,0.05383019572570699,-0.039480303869267964,-0.34190698037288036,0.1015625
122.62043673945658,0.05381020797173036,-0.03948690063848656,-0.3421484783338282,0.1484375
122.66044340723454,0.053790221364483415,-0.03949349239841757,-0.3423898876731626,0.1171875
122.70045007501251,0.0537702360967715,-0.039500078941311065,-0.34263120842340483,0.13671875
122.74045674279047,0.05375025247757575,-0.039506659836905884,-0.34287244061706423,0.09765625
122.78046341056843,0.05373027093703529,-0.03951323439491816,-0.3431135842866378,0.10546875
122.82047007834639,0.05371029202922312,-0.03951980162658139,-0.34335463946461076,0.109375
122.86047674612436,0.053690316432421094,-0.03952636020568949,-0.343595606183457,0.09765625
122.90048341390232,0.05367034334808523,-0.03953291128750862,-0.3438364844756379,0.15625
122.94049008168028,0.05365037133588994,-0.03953945739059495,-0.3440772743736029,0.09375
122.98049674945825,0.05363040047949823,-0.03954599849369906,-0.3443179759097899,0.125
123.02050341723621,0.05361043097227086,-0.03955253438903737,-0.34455858911662457,0.109375
123.06051008501417,0.053590463124001744,-0.03955906464681816,-0.3447991140265208,0.07421875
123.10051675279213,0.05357049736606434,-0.039565588577653035,-0.34503955067188047,0.109375
123.1405234205701,0.05355053425418529,-0.039572105194250216,-0.34527989908509404,0.109375
123.18053008834806,0.05353057446880518,-0.03957861317249282,-0.3455201592985394,0.1015625
123.22053675612602,0.05351061719859962,-0.039585113684611956,-0.34576033134458284,0.09375
123.26054342390398,0.05349066100907062,-0.03959160922806718,-0.34600041525557906,0.11328125
123.30055009168196,0.053470705984387676,-0.03959809978085049,-0.3462404110638709,0.1015625
123.34055675945991,0.0534507523184507,-0.03960458513516959,-0.3464803188017886,0.078125
123.38056342723787,0.05343080032189976,-0.039611064861658045,-0.34672013850165123,0.109375
123.42057009501585,0.05341085042732357,-0.039617538271849106,-0.3469598701957658,0.125
123.4605767627938,0.05339090319209651,-0.039624004379931625,-0.3471995139164273,0.125
123.50058343057177,0.0533709592987974,-0.0396304618639018,-0.3474390696959192,0.09765625
123.54059009834972,0.053351017923265937,-0.03963691191289565,-0.34767853756651296,0.078125
123.5805967661277,0.05333107763695173,-0.03964335700323012,-0.3479179175604682,0.109375
123.62060343390566,0.05331113852449413,-0.03964979711220855,-0.34815720971003256,0.12109375
123.66061010168362,0.053291200780333836,-0.039656232032030406,-0.348396414047442,0.0859375
123.70061676946158,0.05327126471595574,-0.03966266133375798,-0.3486355306049204,0.09375
123.74062343723955,0.053251330765161024,-0.0396690843298498,-0.3488745594146804,0.1015625
123.78063010501751,0.05323139948696947,-0.03967550003597661,-0.34911350050892226,0.12890625
123.82063677279547,0.0532114715661271,-0.03968190713220472,-0.3493523539198347,0.11328125
123.86064344057344,0.05319154616547736,-0.039688306824656315,-0.34959111967959455,0.09765625
123.9006501083514,0.05317162186258845,-0.03969470156839165,-0.34982979782036683,0.10546875
123.94065677612936,0.05315169874253734,-0.03970109134008898,-0.35006838837430476,0.1015625
123.98066344390732,0.05313177700030375,-0.03970747593194473,-0.3503068913735497,0.109375
124.02067011168529,0.053111856948217386,-0.03971385491545128,-0.350545306850231,0.12109375
124.06067677946325,0.05309193902128804,-0.03972022760399739,-0.35078363483646724,0.09765625
124.10068344724121,0.053072023780178675,-0.03972659301473703,-0.35102187536436374,0.0546875
124.14069011501917,0.05305211191177836,-0.0397329498298351,-0.3512600284660151,0.0859375
124.18069678279714,0.05303220256588057,-0.03973929927233695,-0.3514980941735036,0.08203125
124.2207034505751,0.053012294326293036,-0.0397456437760014,-0.3517360725189001,0.078125
124.26071011835306,0.05299238727849312,-0.039751983316950526,-0.35197396353426363,0.09375
124.30071678613103,0.052972481617982625,-0.03975831768740309,-0.35221176725164155,0.11328125
124.34072345390899,0.052952577657969395,-0.039764646459238794,-0.3524494837030688,0.0859375
124.38073012168695,0.05293267583465444,-0.03977096894679969,-0.352687112920569,0.10546875
124.42073678946491,0.05291277671033802,-0.03977728416872883,-0.35292465493615444,0.09375
124.46074345724288,0.05289288097404776,-0.03978359080929197,-0.3531621097818253,0.0859375
124.50075012502084,0.052872987762436284,-0.039789890108444005,-0.35339947748956957,0.10546875
124.5407567927988,0.052853095665690096,-0.03979618447857415,-0.35363675809136447,0.10546875
124.58076346057676,0.05283320476965058,-0.03980247389531579,-0.35387395161917484,0.1328125
124.62077012835474,0.052813315270377456,-0.039808758150864876,-0.35411105810495364,0.12890625
124.6607767961327,0.052793427481884814,-0.03981503681758558,-0.35434807758064235,0.0859375
124.70078346391065,0.05277354184159727,-0.03982130921072996,-0.35458501007817095,0.12890625
124.74079013168861,0.05275365891344915,-0.03982757435043275,-0.35482185562945745,0.10546875
124.78079679946659,0.05273377938860053,-0.039833830923064785,-0.35505861426640817,0.109375
124.82080346724455,0.05271390239047538,-0.03984008018547241,-0.35529528602091764,0.109375
124.8608101350225,0.0526940265157755,-0.03984632452861211,-0.35553187092486876,0.078125
124.90081680280048,0.052674151850671085,-0.0398525639276934,-0.35576836901013287,0.12890625
124.94082347057844,0.052654278591760334,-0.03985879817491804,-0.35600478030856963,0.10546875
124.9808301383564,0.05263440705390031,-0.039865026843087153,-0.35624110485202676,0.09765625
125.02083680613435,0.05261453767571836,-0.03987124924839061,-0.35647734267234027,0.078125
125.06084347391233,0.052594671022779454,-0.03987746441245734,-0.35671349380133494,0.09375
125.10085014169029,0.05257480778835157,-0.03988367102379409,-0.35694955827082325,0.08984375
125.14085680946825,0.052554947082576714,-0.039889870356067995,-0.35718553611260623,0.140625
125.1808634772462,0.05253508750879348,-0.03989606477876745,-0.35742142735847393,0.08203125
125.22087014502418,0.052515229153463294,-0.03990225426674315,-0.3576572320402036,0.1015625
125.26087681280214,0.05249537221372449,-0.039908438612203195,-0.35789295018956174,0.12890625
125.3008834805801,0.052475517005274586,-0.0399146173883904,-0.3581285818383024,0.125
125.34089014835807,0.05245566396794243,-0.03992078991243404,-0.35836412701816867,0.11328125
125.38089681613603,0.052435813668917676,-0.03992695520746304,-0.35859958576089146,0.09375
125.42090348391399,0.052415966803568345,-0.03993311196413879,-0.3588349580981907,0.1015625
125.46091015169195,0.05239612246871567,-0.03993926147282957,-0.3590702440617739,0.11328125
125.50091681946992,0.052376279274385894,-0.039945406081644146,-0.35930544368333767,0.10546875
125.54092348724788,0.05235643730733502,-0.039951545765074745,-0.3595405569945662,0.1171875
125.58093015502584,0.05233659676524322,-0.03995768031533639,-0.35977558402713267,0.11328125
125.6209368228038,0.05231675796464699,-0.03996380930611692,-0.36001052481269835,0.0546875
125.66094349058177,0.05229692134657377,-0.039969932055488606,-0.3602453793829133,0.109375
125.70095015835973,0.05227708747983568,-0.03997604758808162,-0.360480147769415,0.109375
125.74095682613769,0.05225725706183737,-0.039982154596804036,-0.36071483000383076,0.11328125
125.78096349391566,0.052237429176141686,-0.0399882543884706,-0.36094942611777503,0.10546875
125.82097016169362,0.052217602439467006,-0.03999434928996262,-0.36118393614285116,0.12890625
125.86097682947158,0.052197776938867964,-0.040000439275412275,-0.3614183601106508,0.09765625
125.90098349724954,0.05217795287254644,-0.04000652413707031,-0.3616526980527542,0.1015625
125.94099016502751,0.05215813055791436,-0.04001260344902356,-0.3618869500007298,0.11328125
125.98099683280547,0.052138310437175706,-0.04001867653031592,-0.3621211159861348,0.09375
126.02100350058343,0.0521184930807627,-0.04002474240708004,-0.3623551960405142,0.11328125
126.06101016836139,0.052098679188072206,-0.040030799774536996,-0.36258919019540214,0.109375
126.10101683613937,0.05207886782943423,-0.040036849955743956,-0.3628230984823208,0.0859375
126.14102350391732,0.052059057628284666,-0.04004289525647812,-0.3630569209327805,0.12109375
126.18103017169528,0.052039248671976374,-0.04004893565051593,-0.3632906575782804,0.10546875
126.22103683947326,0.05201944115927048,-0.040054970930097585,-0.36352430845030836,0.09375
126.26104350725122,0.05199963540837853,-0.04006100066980916,-0.36375787358034023,0.0703125
126.30105017502918,0.051979831862718054,-0.04006702418961765,-0.3639913529998401,0.078125
126.34105684280713,0.0519600310943356,-0.04007304051716401,-0.3642247467402613,0.10546875
126.38106351058511,0.051940233804576935,-0.040079048350046234,-0.3644580548330449,0.08203125
126.42107017836307,0.05192043905056461,-0.04008504902736192,-0.36469127730962075,0.11328125
126.46107684614103,0.051900645462477,-0.040091044833907324,-0.3649244142014072,0.09375
126.50108351391899,0.05188085312796572,-0.040097035743105996,-0.36515746553981077,0.1015625
126.54109018169696,0.05186106224633262,-0.04010302154721454,-0.365390431356227,0.07421875
126.58109684947492,0.05184127313662561,-0.040109001821271466,-0.36562331168203915,0.08203125
126.62110351725288,0.05182148624345391,-0.04011497588619556,-0.36585610654861966,0.09375
126.66111018503085,0.051801702140457116,-0.040120942771161426,-0.36608881598732906,0.09375
126.70111685280881,0.05178192153092009,-0.04012690117616444,-0.3663214400295167,0.1015625
126.74112352058677,0.05176214345877013,-0.04013285245615891,-0.3665539787065201,0.10546875
126.78113018836473,0.05174236656094915,-0.04013879887508754,-0.3667864320496654,0.07421875
126.8211368561427,0.05172259092540953,-0.04014474040602205,-0.36701880009026744,0.14453125
126.86114352392066,0.05170281675199236,-0.040150676841239796,-0.36725108285962904,0.07421875
126.90115019169862,0.05168304436058264,-0.04015660775623262,-0.3674832803890423,0.13671875
126.94115685947658,0.05166327419697823,-0.040162532472874525,-0.36771539270978676,0.125
126.98116352725455,0.051643506836443864,-0.040168450021830476,-0.3679474198531318,0.08203125
127.02117019503251,0.05162374298408738,-0.040174359105649864,-0.3681793618503342,0.09765625
127.06117686281047,0.051603981670704284,-0.04018026109489625,-0.3684112187326397,0.09375
127.10118353058844,0.05158422154002341,-0.040186158232781814,-0.36864299053128324,0.10546875
127.1411901983664,0.05156446268029692,-0.0401920504920313,-0.3688746772774871,0.0703125
127.18119686614436,0.05154470529190837,-0.04019793766494156,-0.3691062790024627,0.08984375
127.22120353392232,0.05152494969557652,-0.04020381932746286,-0.36933779573741027,0.08984375
127.2612102017003,0.051505196338286735,-0.040209694802426144,-0.369569227513518,0.109375
127.30121686947825,0.05148544579690535,-0.04021556312201537,-0.3698005743619629,0.08203125
127.34122353725621,0.051465698778355995,-0.040221422991348815,-0.37003183631391046,0.109375
127.38123020503417,0.05144595430031295,-0.04022727579642183,-0.37026301340051526,0.1328125
127.42123687281214,0.051426211013313405,-0.04023312375984086,-0.3704941056529197,0.09765625
127.4612435405901,0.05140646900589357,-0.04023896685400748,-0.3707251131022553,0.10546875
127.50125020836806,0.05138672847901451,-0.04024480487119558,-0.3709560357796416,0.1015625
127.54125687614602,0.05136698975421011,-0.04025063738783939,-0.37118687371618714,0.08984375
127.581263543924,0.05134725327965026,-0.04025646372773027,-0.3714176269429893,0.07421875
127.62127021170195,0.051327519633800445,-0.040262282924572367,-0.37164829549113354,0.12109375
127.66127687947991,0.05130778952535344,-0.04026809368611828,-0.37187887939169384,0.12890625
127.70128354725789,0.05128806195889338,-0.04027389741359302,-0.372109378675733,0.08203125
127.74129021503585,0.05126833559178563,-0.04027969630912302,-0.3723397933743024,0.0703125
127.7812968828138,0.05124861051288962,-0.04028549034474032,-0.3725701235184424,0.0703125
127.82130355059176,0.05122888692367033,-0.040291279312792465,-0.3728003691391815,0.09765625
127.86131021836974,0.05120916514651279,-0.04029706279015291,-0.3730305302675371,0.09765625
127.9013168861477,0.051189445630767515,-0.04030284010157826,-0.37326060693451474,0.09375
127.94132355392566,0.05116972895649676,-0.040308610282293975,-0.3734905991711088,0.1015625
127.98133022170362,0.05115001583411646,-0.040314372042750776,-0.37372050700830245,0.1015625
128.02133688948157,0.05113030525515048,-0.040320126799204555,-0.37395033047706777,0.08984375
128.06134355725956,0.05111059588381682,-0.040325876733420696,-0.37418006960836536,0.0546875
128.10135022503752,0.05109088780927671,-0.04033162181709246,-0.37440972443314346,0.109375
128.14135689281548,0.051071181233537266,-0.040337361842594954,-0.3746392949823398,0.1015625
128.18136356059344,0.05105147647981432,-0.040343096387268164,-0.37486878128688095,0.09765625
128.2213702283714,0.05103177399863906,-0.04034882477683355,-0.3750981833776821,0.09765625
128.26137689614936,0.05101207437164638,-0.040354546048066785,-0.37532750128564685,0.06640625
128.30138356392732,0.05099237831096676,-0.04036025891413233,-0.3755567350416668,0.0859375
128.34139023170528,0.05097268479507765,-0.04036596480614017,-0.37578588467662344,0.10546875
128.38139689948326,0.050952992495068024,-0.04037166588562041,-0.37601495022138626,0.0859375
128.42140356726122,0.050933301500404454,-0.04037736212392662,-0.3762439317068137,0.11328125
128.46141023503918,0.05091361201363523,-0.04038305331346524,-0.37647282916375246,0.1015625
128.50141690281714,0.05089392435880639,-0.04038873903204474,-0.3767016426230382,0.13671875
128.5414235705951,0.05087423898762653,-0.040394418606355675,-0.37693037211549496,0.13671875
128.58143023837306,0.05085455648333631,-0.040400091074679984,-0.37715901767193605,0.078125
128.62143690615102,0.05083487755966149,-0.04040575515305078,-0.37738757932316297,0.1015625
128.661443573929,0.05081520118210324,-0.04041141228718602,-0.3776160570999667,0.09765625
128.70145024170697,0.05079552602863832,-0.04041706461850719,-0.3778444510331255,0.1015625
128.74145690948492,0.050775852189042674,-0.04042271211802667,-0.3780727611534078,0.0625
128.78146357726288,0.05075617986640481,-0.04042835457818592,-0.3783009874915697,0.08984375
128.82147024504084,0.0507365093855999,-0.04043399157726465,-0.37852913007835653,0.12109375
128.8614769128188,0.05071684119951153,-0.040439622442925253,-0.3787571889445022,0.09765625
128.90148358059676,0.05069717589296395,-0.04044524621498226,-0.3789851641207296,0.08203125
128.94149024837472,0.050677514181268604,-0.040450861612352854,-0.37921305563774965,0.12109375
128.9814969161527,0.05065785501696423,-0.040456470095189635,-0.379440863526263,0.0859375
129.02150358393067,0.050638197084919484,-0.040462073784947275,-0.37966858781695845,0.078125
129.06151025170863,0.05061854047525437,-0.04046767265225697,-0.379896228540513,0.09765625
129.10151691948658,0.05059888539158029,-0.04047326648961946,-0.3801237857275935,0.0859375
129.14152358726454,0.050579232159600473,-0.04047885487578835,-0.3803512594088547,0.09375
129.1815302550425,0.05055958123337107,-0.04048443713940075,-0.38057864961494065,0.0859375
129.22153692282046,0.050539933199295936,-0.04049001232180677,-0.3808059563764838,0.08203125
129.26154359059845,0.05052028877422681,-0.040495579144867754,-0.3810331797241056,0.08203125
129.3015502583764,0.05050064689777109,-0.040501139082977866,-0.381260319688416,0.09375
129.34155692615437,0.050481006261747896,-0.04050669423769721,-0.38148737630001384,0.08984375
129.38156359393233,0.05046136695654764,-0.040512244579371554,-0.3817143495894872,0.0703125
129.4215702617103,0.05044172918634151,-0.04051778990051738,-0.381941239587412,0.06640625
129.46157692948825,0.05042209327765971,-0.04052332978036475,-0.3821680463243535,0.12890625
129.5015835972662,0.050402459685728505,-0.04052886354852832,-0.38239476983086584,0.125
129.5415902650442,0.05038282899852846,-0.04053439024789562,-0.382621410137492,0.09375
129.58159693282215,0.05036320193440085,-0.04053990860333809,-0.3828479672747628,0.1328125
129.6216036006001,0.05034357742006262,-0.04054542010328771,-0.38307444127319895,0.09765625
129.66161026837807,0.05032395415427923,-0.04055092682955999,-0.38330083216330973,0.078125
129.70161693615603,0.050304332227750444,-0.04055642875217033,-0.38352713997559307,0.05859375
129.741623603934,0.050284711845188665,-0.04056192566367629,-0.3837533647405357,0.0859375
129.78163027171195,0.05026509333395001,-0.040567417143787116,-0.38397950648861345,0.12109375
129.8216369394899,0.05024547715042851,-0.04057290252309787,-0.3842055652502905,0.09765625
129.8616436072679,0.050225863884158034,-0.04057838084606065,-0.38443154105601995,0.13671875
129.90165027504585,0.050206254254962335,-0.04058385084056784,-0.3846574339362439,0.15234375
129.9416569428238,0.050186647176681996,-0.040589314008920595,-0.38488324392139306,0.1171875
129.98166361060177,0.05016704135504783,-0.04059477241331025,-0.3851089710418874,0.11328125
130.02167027837973,0.05014743688106966,-0.0406002260234239,-0.3853346153281354,0.0859375
130.0616769461577,0.05012783396000135,-0.0406056746318629,-0.3855601768105344,0.08203125
130.10168361393565,0.050108232920023754,-0.04061111781881819,-0.3857856555194708,0.1015625
130.14169028171364,0.05008863421869722,-0.040616554915866826,-0.38601105148531933,0.09375
130.1816969494916,0.05006903844713888,-0.04062198496898652,-0.38623636473844386,0.06640625
130.22170361726955,0.05004944632653701,-0.04062740670923837,-0.3864615953091976,0.0859375
130.2617102850475,0.050029856757928134,-0.0406328216525536,-0.3866867432279218,0.08203125
130.30171695282547,0.05001026845402566,-0.04063823184162055,-0.3869118085249474,0.09375
130.34172362060343,0.04999068150615057,-0.04064363724580047,-0.38713679123059347,0.09375
130.3817302883814,0.04997109612009806,-0.04064903765774081,-0.3873616913751683,0.109375
130.42173695615938,0.04995151262487368,-0.04065443265811572,-0.3875865089889693,0.109375
130.46174362393734,0.04993193147919764,-0.04065982157949198,-0.3878112441022819,0.1171875
130.5017502917153,0.04991235327575391,-0.04066520346939127,-0.38803589674538136,0.09375
130.54175695949326,0.0498927787370808,-0.0406705770620623,-0.38826046694853134,0.078125
130.58176362727122,0.04987320675143047,-0.04067594388689422,-0.38848495474198463,0.12109375
130.62177029504917,0.04985363603849735,-0.04068130596721599,-0.38870936015598295,0.0859375
130.66177696282713,0.04983406668995138,-0.040686663272019925,-0.38893368322075644,0.078125
130.7017836306051,0.04981449891211073,-0.04069201559402471,-0.3891579239665248,0.12109375
130.74179029838308,0.04979493303480341,-0.04069736251439154,-0.3893820824234963,0.10546875
130.78179696616104,0.04977536951791008,-0.04070270336667599,-0.38960615862186787,0.11328125
130.821803633939,0.04975580895567468,-0.04070803719995057,-0.3898301525918257,0.078125
130.86181030171696,0.049736252071938825,-0.04071336275170939,-0.3900540643635453,0.08984375
130.90181696949492,0.04971669774220822,-0.04071868156460651,-0.3902778939671902,0.11328125
130.94182363727288,0.04969714469321166,-0.04072399564268677,-0.3905016414329137,0.0859375
130.98183030505083,0.0496775930168951,-0.0407293049546666,-0.3907253067908572,0.05859375
131.02183697282882,0.04965804292013751,-0.04073460929329176,-0.39094889007115186,0.09375
131.06184364060678,0.049638494733585316,-0.04073990824021685,-0.3911723913039171,0.09765625
131.10185030838474,0.049618948918280205,-0.04074520112998535,-0.39139581051926164,0.09375
131.1418569761627,0.049599406070021036,-0.04075048701322472,-0.39161914774728324,0.09765625
131.18186364394066,0.04957986691390494,-0.040755764630733195,-0.39184240301806855,0.05078125
131.22187031171862,0.049560330312729814,-0.04076103553823761,-0.3920655763616927,0.0703125
131.26187697949658,0.04954079500025619,-0.04076630172064167,-0.3922886678082209,0.09765625
131.30188364727456,0.0495212610687449,-0.04077156314634152,-0.39251167738770637,0.06640625
131.34189031505252,0.049501728725613266,-0.04077681960814021,-0.3927346051301912,0.0859375
131.38189698283048,0.049482198302312416,-0.04078207068820331,-0.392957451065707,0.08203125
131.42190365060844,0.04946267026107573,-0.04078731572202493,-0.3931802152242742,0.06640625
131.4619103183864,0.049443145199235435,-0.04079255376181179,-0.39340289763590236,0.1171875
131.50191698616436,0.04942362384309608,-0.04079778355172453,-0.3936254983305897,0.11328125
131.54192365394232,0.04940410504278719,-0.04080300666037131,-0.39384801733832364,0.0859375
131.58193032172028,0.04938458753911644,-0.04080822505363465,-0.3940704546890802,0.078125
131.62193698949827,0.04936507142465941,-0.04081343869959399,-0.3942928104128254,0.078125
131.66194365727623,0.04934555690737473,-0.040818647391108305,-0.39451508453951284,0.10546875
131.70195032505418,0.04932604431956984,-0.040823850710793155,-0.3947372770990863,0.08984375
131.74195699283214,0.049306534124538365,-0.0408290479952521,-0.3949593881214781,0.09375
131.7819636606101,0.049287026921253405,-0.04083423829813935,-0.3951814176366097,0.078125
131.82197032838806,0.049267523437104215,-0.040839420367125366,-0.3954033656743914,0.10546875
131.86197699616602,0.0492480225096293,-0.04084459578346428,-0.3956252322647228,0.078125
131.901983663944,0.04922852288673655,-0.04084976649409104,-0.39584701743749257,0.11328125
131.94199033172197,0.049209024661239845,-0.04085493246686392,-0.39606872122257747,0.1171875
131.98199699949993,0.049189528041716474,-0.04086009349460704,-0.3962903436498447,0.08203125
132.0220036672779,0.04917003336119793,-0.04086524916054658,-0.3965118847491497,0.0859375
132.06201033505585,0.049150541084258474,-0.04087039880212934,-0.39673334455033715,0.109375
132.1020170028338,0.04913105181126665,-0.04087554147475128,-0.3969547230832404,0.08984375
132.14202367061176,0.04911156627087083,-0.04088067592938141,-0.39717602037768224,0.09765625
132.18203033838972,0.0490920832879108,-0.04088580375990904,-0.39739723646347475,0.109375
132.2220370061677,0.049072601617408056,-0.04089092689444224,-0.3976183713704186,0.0703125
132.26204367394567,0.049053121352493005,-0.040896045300526915,-0.39783942512830356,0.125
132.30205034172363,0.04903364270228426,-0.04090115877104833,-0.3980603977669087,0.0859375
132.3420570095016,0.04901416600063001,-0.04090626688973241,-0.3982812893160021,0.09375
132.38206367727955,0.048994691713252755,-0.04091136899502892,-0.398502099805341,0.07421875
132.4220703450575,0.04897522044206101,-0.04091646414389919,-0.3987228292646713,0.09765625
132.46207701283546,0.04895575291676495,-0.04092155109084699,-0.3989434777237288,0.12109375
132.50208368061345,0.04893628794965965,-0.04092663144207207,-0.3991640452122373,0.078125
132.5420903483914,0.04891682430285411,-0.0409317071070232,-0.39938453175991073,0.0859375
132.58209701616937,0.048897362069799034,-0.040936778052932485,-0.39960493739645114,0.06640625
132.62210368394733,0.04887790146011614,-0.04094184407279443,-0.3998252621515503,0.11328125
132.6621103517253,0.04885844280858087,-0.04094690475070398,-0.4000455060548895,0.0703125
132.70211701950325,0.04883898658191253,-0.04095195942629445,-0.40026566913613787,0.12890625
132.7421236872812,0.04881953338370454,-0.04095700715791764,-0.4004857514249549,0.1015625
132.7821303550592,0.04880008394453196,-0.04096204670384505,-0.40070575295098854,0.078125
132.82213702283715,0.04878063706433254,-0.04096707968222605,-0.4009256737438761,0.078125
132.8621436906151,0.04876119151217312,-0.04097210798413878,-0.4011455138332439,0.078125
132.90215035839307,0.04874174738197078,-0.040977131576331365,-0.40136527324870724,0.0703125
132.94215702617103,0.04872230488377656,-0.04098215025199722,-0.40158495201987077,0.05859375
132.982163693949,0.04870286435321772,-0.040987163595692364,-0.4018045501763283,0.06640625
133.02217036172695,0.048683426258156616,-0.04099217094805799,-0.4020240677476628,0.1171875
133.0621770295049,0.0486639912037188,-0.040997171369017635,-0.40224350476344617,0.09765625
133.1021836972829,0.048644559921442794,-0.041002163620489536,-0.4024628612532397,0.08203125
133.14219036506086,0.04862513119880639,-0.04100714933255976,-0.40268213724659374,0.08203125
133.18219703283881,0.04860570381199317,-0.04101213037787982,-0.40290133277304746,0.06640625
133.22220370061677,0.04858627785523938,-0.041017106722892854,-0.40312044786212975,0.08203125
133.26221036839473,0.04856685353913709,-0.04102207816086015,-0.4033394825433583,0.0546875
133.3022170361727,0.048547431200126924,-0.04102704427684584,-0.4035584368462402,0.0859375
133.34222370395065,0.04852801130721184,-0.04103200441250173,-0.40377731080027157,0.0703125
133.38223037172864,0.04850859446700927,-0.04103695762936901,-0.4039961044349379,0.0703125
133.4222370395066,0.04848918141208059,-0.041041902692939475,-0.40421481777971335,0.1015625
133.46224370728456,0.0484697709173412,-0.041046841245222065,-0.4044334508640617,0.09375
133.50225037506252,0.048450361766252295,-0.04105177514038453,-0.40465200371743576,0.08203125
133.54225704284048,0.04843095405322088,-0.041056704344743636,-0.4048704763692777,0.078125
133.58226371061843,0.04841154798952923,-0.04106162865145473,-0.4050888688490188,0.06640625
133.6222703783964,0.04839214391228081,-0.041066547646268776,-0.40530718118607956,0.0625
133.66227704617438,0.04837274229176708,-0.04107146067167366,-0.40552541340986964,0.0859375
133.70228371395234,0.04835334373601442,-0.04107636679092362,-0.40574356554978785,0.1015625
133.7422903817303,0.04833394897848917,-0.041081264773220785,-0.40596163763522225,0.05078125
133.78229704950826,0.04831455678173401,-0.04108615627213905,-0.4061796296955499,0.09375
133.82230371728622,0.048295165936351525,-0.0410910431236557,-0.40639754176013776,0.09375
133.86231038506418,0.04827577653706947,-0.041095925293786556,-0.4066153738583415,0.0625
133.90231705284214,0.048256388795711126,-0.041100802575760216,-0.406833126019506,0.0625
133.9423237206201,0.04823700305019078,-0.04110567455584039,-0.4070507982729654,0.0703125
133.98233038839808,0.048217619771935685,-0.04111054057753159,-0.4072683906480434,0.1328125
134.02233705617604,0.048198239570492116,-0.04111539970566795,-0.40748590317405203,0.08984375
134.062343723954,0.04817886318014115,-0.0411202507132644,-0.40770333588029384,0.1171875
134.10235039173196,0.048159489351099045,-0.041125095265273595,-0.40792068879605975,0.08984375
134.14235705950992,0.04814011688112138,-0.04112993517959966,-0.40813796195063046,0.07421875
134.18236372728788,0.048120745865257504,-0.04113477042195977,-0.40835515537327527,0.109375
134.22237039506584,0.04810137651583418,-0.041139600785702016,-0.40857226909325295,0.07421875
134.26237706284383,0.048082009171688596,-0.041144425857472855,-0.4087893031398123,0.08984375
134.30238373062178,0.0480626443052284,-0.04114924498197475,-0.4090062575421902,0.06640625
134.34239039839974,0.0480432825276687,-0.04115405722544609,-0.40922313232961366,0.11328125
134.3823970661777,0.048023924573904385,-0.04115886136494493,-0.4094399275312988,0.10546875
134.42240373395566,0.048004569182021097,-0.04116365907644372,-0.40965664317645095,0.109375
134.46241040173362,0.047985215156788726,-0.04116845216006515,-0.4098732792942642,0.0703125
134.50241706951158,0.047965862593728814,-0.04117324058105538,-0.4100898359139228,0.0703125
134.54242373728957,0.04794651170559762,-0.04117802413297023,-0.41030631306459975,0.07421875
134.58243040506753,0.047927162832075126,-0.041182802402934385,-0.4105227107754575,0.1015625
134.62243707284549,0.04790781644670267,-0.04118757473666815,-0.41073902907564774,0.0703125
134.66244374062344,0.04788847316220634,-0.04119234020199732,-0.41095526799431165,0.06640625
134.7024504084014,0.047869133714195336,-0.041197097579900345,-0.4111714275605795,0.1015625
134.74245707617936,0.047849796828521786,-0.0412018485573614,-0.4113875078035709,0.10546875
134.78246374395732,0.0478304613171301,-0.04120659491666312,-0.4116035087523947,0.12109375
134.82247041173528,0.04781112727586518,-0.04121133662275816,-0.41181943043614977,0.109375
134.86247707951327,0.04779179491802381,-0.04121607346928231,-0.4120352728839232,0.0859375
134.90248374729123,0.04777246458409337,-0.04122080504388119,-0.41225103612479197,0.08203125
134.9424904150692,0.04775313674874318,-0.04122553069329927,-0.4124667201878222,0.05078125
134.98249708284715,0.04773381202616987,-0.041230249486994795,-0.4126823251020698,0.10546875
135.0225037506251,0.04771449115275895,-0.041234960209789756,-0.41289785089657977,0.10546875
135.06251041840306,0.04769517284202639,-0.041239664559671166,-0.4131132976003861,0.0625
135.10251708618102,0.047675855913251346,-0.04124436430102433,-0.41332866524251266,0.10546875
135.142523753959,0.04765654046245392,-0.04124905939868292,-0.4135439538519722,0.109375
135.18253042173697,0.0476372267036183,-0.04125374964619537,-0.41375916345776703,0.046875
135.22253708951493,0.047617914977890925,-0.04125843463190046,-0.413974294088889,0.07421875
135.2625437572929,0.047598605761215676,-0.0412631137033975,-0.414189345774319,0.078125
135.30255042507085,0.047579299669180605,-0.04126778593186639,-0.4144043185430277,0.08203125
135.3425570928488,0.047559997438821985,-0.041272450106112954,-0.41461921242397465,0.078125
135.38256376062677,0.04754069777151764,-0.04127710793477109,-0.4148340274461089,0.078125
135.42257042840473,0.04752139949374129,-0.04128176116461888,-0.4150487636383691,0.09765625
135.4625770961827,0.04750210270183786,-0.04128640976020049,-0.41526342102968355,0.09765625
135.50258376396067,0.047482807610332,-0.04129105351514972,-0.4154779996489689,0.1015625
135.54259043173863,0.04746351456117486,-0.04129569201833079,-0.41569249952513243,0.09765625
135.5825970995166,0.04744422403143341,-0.041300324618373116,-0.41590692068706975,0.04296875
135.62260376729455,0.04742493663819548,-0.041304950388050744,-0.4161212631636663,0.08203125
135.6626104350725,0.04740565311905978,-0.0413095681202493,-0.4163355269837971,0.07421875
135.70261710285047,0.04738637216331489,-0.041314179534068636,-0.41654971217632647,0.0625
135.74262377062846,0.047367092604601715,-0.041318786358837165,-0.4167638187701085,0.05859375
135.78263043840641,0.04734781453970045,-0.04132338855868608,-0.4169778467939855,0.09765625
135.82263710618437,0.047328538183528834,-0.04132798592750571,-0.41719179627679026,0.1015625
135.86264377396233,0.047309263878990815,-0.04133257805451727,-0.4174056672473448,0.05859375
135.9026504417403,0.04728999210412347,-0.041337164289555015,-0.41761945973446046,0.078125
135.94265710951825,0.0472707234776608,-0.041341743706817896,-0.4178331737669381,0.09765625
135.9826637772962,0.04725145873756258,-0.041346315103495526,-0.4180468093735679,0.06640625
136.0226704450742,0.047232196561228956,-0.04135088020880033,-0.4182603665831296,0.08984375
136.06267711285216,0.04721293578939748,-0.04135544073481682,-0.41847384542439175,0.06640625
136.10268378063012,0.04719367651921556,-0.04135999664534512,-0.41868724592611356,0.11328125
136.14269044840808,0.04717441896613989,-0.04136454773436636,-0.41890056811704246,0.078125
136.18269711618603,0.04715516347387675,-0.0413690935916328,-0.41911381202591613,0.09375
136.222703783964,0.047135910521581156,-0.0413736335680136,-0.4193269776814613,0.0859375
136.26271045174195,0.04711666072947895,-0.04137816673930805,-0.4195400651123944,0.0625
136.3027171195199,0.0470974148359898,-0.04138269190688867,-0.4197530743474212,0.08203125
136.3427237872979,0.04707817150652451,-0.041387210810075,-0.41996600541523726,0.11328125
136.38273045507586,0.0470589295890413,-0.04139172514368962,-0.4201788583445269,0.109375
136.42273712285382,0.04703968918101491,-0.04139623487125051,-0.4203916331639642,0.08984375
136.46274379063178,0.047020450498441925,-0.04140073978683086,-0.4206043299022133,0.1015625
136.50275045840974,0.047001213885829694,-0.04140523948071653,-0.4208169485879275,0.08203125
136.5427571261877,0.046981979823448546,-0.04140973330481419,-0.42102948924974914,0.08203125
136.58276379396565,0.04696274893297441,-0.04141422033656894,-0.4212419519163102,0.0703125
136.62277046174364,0.04694352195334962,-0.041418699381458216,-0.42145433661623266,0.09765625
136.6627771295216,0.046924297537892554,-0.04142317218890435,-0.4216666433781271,0.08203125
136.70278379729956,0.046905074541943856,-0.041427640436408404,-0.42187887223059467,0.08984375
136.74279046507752,0.04688585306315459,-0.04143210408738036,-0.42209102320222536,0.09375
136.78279713285548,0.04686663331821179,-0.04143656293581726,-0.42230309632159857,0.08984375
136.82280380063344,0.04684741565227189,-0.041441016572711556,-0.4225150916172838,0.05078125
136.8628104684114,0.046828200546868676,-0.041445464350839616,-0.42272700911783956,0.07421875
136.90281713618938,0.04680898862504975,-0.041449905349378986,-0.4229388488518143,0.1015625
136.94282380396734,0.04678978062614907,-0.041454338378053346,-0.42315061084774536,0.08984375
136.9828304717453,0.046770575191601015,-0.04145876519603178,-0.42336229513416035,0.109375
137.02283713952326,0.04675137118398127,-0.04146318746378409,-0.42357390173957543,0.0859375
137.06284380730122,0.046732168701269616,-0.0414676051444421,-0.4237854306924975,0.078125
137.10285047507918,0.04671296796069277,-0.041472018032100266,-0.42399688202142194,0.0546875
137.14285714285714,0.046693769308205575,-0.04147642571828908,-0.42420825575483473,0.0703125
137.1828638106351,0.04667457322645211,-0.04148082755682825,-0.4244195519212103,0.0703125
137.22287047841309,0.04665538033995949,-0.04148522262850341,-0.4246307705490137,0.08203125
137.26287714619104,0.046636191388366936,-0.041489609747374104,-0.4248419116666984,0.09375
137.302883813969,0.046617005001273894,-0.04149399068218278,-0.42505297530270836,0.0703125
137.34289048174696,0.04659782004846143,-0.0414983670765231,-0.4252639614854763,0.0546875
137.38289714952492,0.046578636628352,-0.041502738893123885,-0.42547487024342534,0.09375
137.42290381730288,0.04655945495856088,-0.041507105926348875,-0.42568570160496794,0.08203125
137.46291048508084,0.046540275385990995,-0.04151146776809971,-0.4258964555985057,0.1171875
137.50291715285883,0.046521098394244134,-0.041515823773410204,-0.42610713225242997,0.0859375
137.5429238206368,0.04650192460947079,-0.04152017302451113,-0.4263177315951218,0.0703125
137.58293048841475,0.046482754771415544,-0.04152451434001344,-0.42652825365495195,0.0546875
137.6229371561927,0.04646358749804582,-0.04152884949788884,-0.4267386984602806,0.08984375
137.66294382397066,0.046444421666278976,-0.04153318012505282,-0.4269490660394576,0.12890625
137.70295049174862,0.046425257374905514,-0.04153750618391874,-0.4271593564208219,0.09375
137.74295715952658,0.04640609484207989,-0.041541827468951964,-0.4273695696327031,0.10546875
137.78296382730454,0.04638693441550102,-0.04154614357259771,-0.4275797057034196,0.10546875
137.82297049508253,0.04636777657987564,-0.04155045385093788,-0.42778976466127977,0.07421875
137.8629771628605,0.046348621962825784,-0.04155475738781733,-0.427999746534581,0.10546875
137.90298383063845,0.046329471304296946,-0.041559053006281654,-0.428209651351611,0.0859375
137.9429904984164,0.046310323210528276,-0.041563342493525154,-0.42841947914064676,0.1015625
137.98299716619437,0.046291176565692704,-0.04156762745977108,-0.42862922992995495,0.06640625
138.02300383397233,0.0462720314689117,-0.04157190786716204,-0.428838903747792,0.1015625
138.06301050175028,0.04625288813887876,-0.0415761835102674,-0.4290485006224037,0.08203125
138.10301716952827,0.04623374692405071,-0.04158045398211939,-0.4292580205820261,0.0859375
138.14302383730623,0.046214608310346975,-0.04158471863972782,-0.4294674636548836,0.109375
138.1830305050842,0.04619547292670884,-0.04158897656871918,-0.4296768298691915,0.046875
138.22303717286215,0.04617634151338065,-0.041593226596455674,-0.4298861192531542,0.0703125
138.2630438406401,0.04615721266477617,-0.041597470519347785,-0.430095331834966,0.0625
138.30305050841807,0.04613808527248082,-0.04160170993087156,-0.43030446764281033,0.05859375
138.34305717619603,0.04611895943579651,-0.041605944793068915,-0.43051352670486087,0.08984375
138.383063843974,0.04609983537410788,-0.04161017490044665,-0.4307225090492811,0.0859375
138.42307051175197,0.0460807134365485,-0.041614399846714764,-0.43093141470422347,0.07421875
138.46307717952993,0.04606159411017861,-0.04161861898989127,-0.4311402436978303,0.109375
138.5030838473079,0.04604247802540166,-0.0416228314172229,-0.43134899605823385,0.0625
138.54309051508585,0.04602336592255819,-0.04162703596060459,-0.43155767181355575,0.07421875
138.5830971828638,0.046004256384442596,-0.04163123442532073,-0.43176627099190784,0.06640625
138.62310385064177,0.04598514830990684,-0.04163542838838118,-0.43197479362139113,0.0859375
138.66311051841973,0.045966041798585135,-0.04163961781156109,-0.4321832397300966,0.08984375
138.70311718619772,0.04594693707040089,-0.04164380248947659,-0.43239160934610454,0.07421875
138.74312385397567,0.04592783447527951,-0.0416479820163882,-0.4325999024974854,0.05078125
138.78313052175363,0.0459087345013786,-0.04165215575137023,-0.432808119212299,0.0703125
138.8231371895316,0.04588963778056071,-0.04165632278329126,-0.43301625951859485,0.08203125
138.86314385730955,0.045870545053209796,-0.04166048194862701,-0.4332243234444124,0.05859375
138.9031505250875,0.04585145489055652,-0.04166463506136303,-0.4334323110177809,0.0703125
138.94315719286547,0.04583236619868614,-0.041668783682196904,-0.43364022226671906,0.07421875
138.98316386064346,0.045813279077680645,-0.04167292777251304,-0.43384805721923525,0.09375
139.02317052842142,0.045794193747847246,-0.04167706712720942,-0.43405581590332787,0.05859375
139.06317719619938,0.0457751105600567,-0.04168120134092948,-0.43426349834698463,0.109375
139.10318386397734,0.04575603000340861,-0.04168532977397419,-0.43447110457818344,0.08984375
139.1431905317553,0.04573695271137216,-0.04168945151667006,-0.43467863462489154,0.09375
139.18319719953325,0.045717879424170264,-0.04169356541028783,-0.4348860885150661,0.09765625
139.2232038673112,0.045698808701677585,-0.04169767327717576,-0.4350934662766541,0.08203125
139.2632105350892,0.045679739457142196,-0.041701776661912826,-0.4353007679375921,0.078125
139.30321720286716,0.045660671791014726,-0.04170587552558347,-0.4355079935258065,0.0390625
139.34322387064512,0.04564160592414365,-0.04170996966319573,-0.4357151430692132,0.1015625
139.38323053842308,0.045622542208188135,-0.0417140586699502,-0.43592221659571817,0.09375
139.42323720620104,0.045603481133339625,-0.04171814190720878,-0.43612921413321726,0.0625
139.463243873979,0.0455844233345184,-0.041722218466925726,-0.436336135709596,0.06640625
139.50325054175696,0.04556536955188475,-0.041726287195046965,-0.436542981352729,0.06640625
139.54325720953491,0.04554631833386265,-0.04173034992227928,-0.4367497510904816,0.0703125
139.5832638773129,0.04552726860097948,-0.04173440817707053,-0.4369564449507086,0.09765625
139.62327054509086,0.04550822045402039,-0.04173846192024569,-0.4371630629612541,0.08984375
139.66327721286882,0.04548917411437183,-0.04174251094692872,-0.43736960514995266,0.078125
139.70328388064678,0.045470129934443,-0.04174655485291999,-0.43757607154462835,0.0703125
139.74329054842474,0.04545108840562861,-0.041750593000520884,-0.43778246217309486,0.08984375
139.7832972162027,0.04543205016414394,-0.04175462448348142,-0.437988777063156,0.0625
139.82330388398066,0.04541301595018538,-0.041758648152304234,-0.4381950162426052,0.046875
139.86331055175864,0.045393984300632746,-0.04176266584604835,-0.43840117973922565,0.09375
139.9033172195366,0.04537495414344504,-0.04176667907697994,-0.43860726758079027,0.05078125
139.94332388731456,0.045355925579593795,-0.041770687805828474,-0.43881327979506185,0.07421875
139.98333055509252,0.045336898831153986,-0.04177469182767227,-0.4390192164097935,0.06640625
140.02333722287048,0.04531787425120761,-0.04177869073899623,-0.4392250774527274,0.05859375
140.06334389064844,0.0452988523322741,-0.04178268390312698,-0.43943086295159595,0.10546875
140.1033505584264,0.045279833712011455,-0.041786670415446994,-0.43963657293412123,0.0546875
140.1433572262044,0.045260819130447896,-0.041790649131226744,-0.43984220742801516,0.09765625
140.18336389398235,0.045241807113124984,-0.04179462189754668,-0.4400477664609796,0.07421875
140.2233705617603,0.045222796595290646,-0.04179859021076108,-0.44025325006070615,0.05078125
140.26337722953826,0.0452037876782511,-0.041802554031345016,-0.44045865825487635,0.0625
140.30338389731622,0.045184780584619,-0.04180651315449797,-0.4406639910711612,0.0703125
140.34339056509418,0.0451657756682615,-0.04181046717726769,-0.44086924853722215,0.09375
140.38339723287214,0.04514677342278221,-0.04181441546404992,-0.44107443068071006,0.08203125
140.4234039006501,0.04512777448727774,-0.041818357111862346,-0.44127953752926574,0.06640625
140.4634105684281,0.04510877960151555,-0.04182229098083127,-0.44148456911052014,0.0546875
140.50341723620605,0.04508978727987474,-0.041826218925763436,-0.44168952545209356,0.1015625
140.543423903984,0.045070796464739604,-0.04183014242737907,-0.4418944065815964,0.0625
140.58343057176197,0.04505180725790494,-0.041834061445736044,-0.4420992125266291,0.05859375
140.62343723953992,0.045032819882368486,-0.041837975776321285,-0.44230394331478173,0.08984375
140.66344390731788,0.04501383469293353,-0.041841885016583986,-0.4425085989736346,0.0703125
140.70345057509584,0.04499485218413296,-0.04184578853215531,-0.4427131795307573,0.08984375
140.74345724287383,0.04497587299665109,-0.0418496854215259,-0.44291768501370965,0.04296875
140.7834639106518,0.04495689786986164,-0.041853574549808446,-0.4431221154500415,0.08203125
140.82347057842975,0.0449379253069678,-0.0418574577794472,-0.44332647086729254,0.09375
140.8634772462077,0.04491895425764329,-0.04186133657547503,-0.4435307512929918,0.07421875
140.90348391398567,0.044899984824020155,-0.04186521089769941,-0.44373495675465907,0.06640625
140.94349058176363,0.04488101722963301,-0.04186908054173258,-0.4439390872798035,0.06640625
140.98349724954159,0.04486205183006781,-0.04187294510559196,-0.4441431428959242,0.09375
141.02350391731954,0.04484308912093619,-0.04187680395598241,-0.4443471236305104,0.09765625
141.06351058509753,0.04482412974435286,-0.04188065619303555,-0.4445510295110412,0.0703125
141.1035172528755,0.044805174439361155,-0.041884500686768855,-0.444754860564985,0.06640625
141.14352392065345,0.044786221698007125,-0.04188833930714156,-0.444958616819801,0.09765625
141.1835305884314,0.04476727047725675,-0.04189217350360776,-0.44516229830293774,0.08203125
141.22353725620937,0.044748320879579875,-0.04189600323572678,-0.4453659050418342,0.0546875
141.26354392398733,0.044729373129047845,-0.04189982829923855,-0.4455694370639188,0.07421875
141.3035505917653,0.04471042758198968,-0.04190364829277184,-0.44577289439661033,0.078125
141.34355725954327,0.04469148473520853,-0.041907462583984575,-0.44597627706731735,0.0625
141.38356392732123,0.04467254523208983,-0.04191127027481793,-0.4461795851034377,0.05859375
141.4235705950992,0.04465360981144796,-0.04191507024007291,-0.44638281853236045,0.06640625
141.46357726287715,0.04463467695407902,-0.04191886435722101,-0.4465859773814635,0.07421875
141.5035839306551,0.044615745624394965,-0.0419226540600846,-0.44678906167811516,0.05859375
141.54359059843307,0.044596815925051624,-0.04192643930813951,-0.4469920714496737,0.09765625
141.58359726621103,0.04457788808080921,-0.04193021989709337,-0.4471950067234875,0.078125
141.62360393398902,0.04455896244866331,-0.04193399542626849,-0.4473978675268945,0.109375
141.66361060176698,0.04454003952652552,-0.04193776526436466,-0.4476006538872229,0.07421875
141.70361726954494,0.044521119959206476,-0.04194152851496541,-0.4478033658317907,0.08203125
141.7436239373229,0.04450220448508098,-0.04194528405786696,-0.44800600338790625,0.078125
141.78363060510085,0.04448329157390961,-0.0419490337777235,-0.4482085665828673,0.06640625
141.8236372728788,0.04446438019739893,-0.04195277909299776,-0.4484110554439622,0.0703125
141.86364394065677,0.04444547045854371,-0.04195651996292133,-0.4486134699984685,0.0546875
141.90365060843473,0.044426562582640355,-0.041960256183334765,-0.4488158102736549,0.09375
141.94365727621272,0.0444076569274629,-0.041963987354135354,-0.449018076296779,0.08203125
141.98366394399068,0.04438875399199378,-0.04196771284510466,-0.44922026809508847,0.05859375
142.02367061176864,0.04436985442246156,-0.04197143176147439,-0.4494223856958219,0.0859375
142.0636772795466,0.04435095895670985,-0.041975142988118996,-0.44962442912620704,0.0546875
142.10368394732455,0.044332066053640144,-0.04197884841658977,-0.44982639841346217,0.08203125
142.1436906151025,0.044313174692101366,-0.041982549450259775,-0.4500282935847949,0.0703125
142.18369728288047,0.04429428497558059,-0.04198624604795742,-0.45023011466740376,0.0390625
142.22370395065846,0.04427539712975841,-0.041989938005818565,-0.4504318616884763,0.08984375
142.26371061843642,0.04425651151333548,-0.041993624924160165,-0.45063353467519096,0.0703125
142.30371728621438,0.0442376286262128,-0.04199730617400563,-0.4508351336547155,0.09375
142.34372395399234,0.044218749116184404,-0.04200098086207766,-0.45103665865420833,0.0859375
142.3837306217703,0.044199873720431854,-0.042004647878452435,-0.4512381097008177,0.12109375
142.42373728954826,0.044181000886983665,-0.04200830912149576,-0.45143948682168183,0.07421875
142.46374395732622,0.04416212960198376,-0.042011965979437564,-0.45164079004392865,0.0703125
142.5037506251042,0.04414325996926051,-0.04201561841086597,-0.45184201939467683,0.07421875
142.54375729288216,0.044124392215026946,-0.04201926621205721,-0.4520431749010345,0.0625
142.58376396066012,0.04410552669876254,-0.04202290898390524,-0.4522442565901001,0.078125
142.62377062843808,0.04408666392143264,-0.04202654609852076,-0.45244526448896194,0.05078125
142.66377729621604,0.044067804532240996,-0.04203017666428038,-0.4526461986246988,0.046875
142.703783963994,0.044048949267766924,-0.042033799576383785,-0.4528470590243791,0.07421875
142.74379063177196,0.04403009656519079,-0.04203741673988863,-0.45304784571506174,0.0625
142.78379729954992,0.04401124541795114,-0.04204102952798975,-0.4532485587237952,0.09765625
142.8238039673279,0.04399239593017909,-0.04204463789907841,-0.4534491980776184,0.08203125
142.86381063510586,0.04397354832873749,-0.042048241649450126,-0.45364976380356026,0.06640625
142.90381730288382,0.04395470297372718,-0.04205184038074166,-0.4538502559286394,0.109375
142.94382397066178,0.04393586036732919,-0.04205543346599236,-0.4540506744798651,0.07421875
142.98383063843974,0.04391702115999982,-0.04205902001539521,-0.45425101948423646,0.03125
143.0238373062177,0.04389818608781437,-0.042062598929155946,-0.4544512909687427,0.0703125
143.06384397399566,0.04387935357701561,-0.04206617211902179,-0.4546514889603632,0.078125
143.10385064177365,0.04386052262849007,-0.04206974094309932,-0.4548516134860674,0.06640625
143.1438573095516,0.0438416933465924,-0.04207330535966803,-0.4550516645728145,0.078125
143.18386397732957,0.04382286595876179,-0.042076865165122344,-0.45525164224755454,0.046875
143.22387064510752,0.043804040825870826,-0.04208041996168468,-0.455451546537227,0.07421875
143.26387731288548,0.04378521845116065,-0.042083969123486054,-0.45565137746876183,0.09765625
143.30388398066344,0.04376639948648887,-0.04208751176237795,-0.45585113506907887,0.09375
143.3438906484414,0.04374758466721883,-0.04209104678377447,-0.4560508193650883,0.05078125
143.38389731621936,0.043728772408872865,-0.04209457610579077,-0.4562504303836903,0.09375
143.42390398399735,0.04370996171963031,-0.04209810107171385,-0.45644996815177524,0.078125
143.4639106517753,0.04369115270418777,-0.04210162163959022,-0.45664943269622343,0.08203125
143.50391731955327,0.04367234559051909,-0.04210513760595885,-0.4568488240439056,0.07421875
143.54392398733123,0.04365354074026821,-0.042108648573629184,-0.45704814222168255,0.0859375
143.58393065510919,0.04363473865773373,-0.0421121539178263,-0.4572473872564053,0.09375
143.62393732288714,0.04361593999617035,-0.04211565275206268,-0.4574465591749146,0.07421875
143.6639439906651,0.043597145490136054,-0.04211914398704206,-0.45764565800404156,0.07421875
143.7039506584431,0.043578353544613466,-0.04212262954696698,-0.4578446837706081,0.0703125
143.74395732622105,0.043559563174916785,-0.042126110760573654,-0.4580436365014252,0.0546875
143.783963993999,0.04354077448624156,-0.04212958758551606,-0.4582425162232946,0.06640625
143.82397066177697,0.04352198770694163,-0.04213305981863959,-0.4584413229630082,0.06640625
143.86397732955493,0.04350320319958414,-0.042136527063184666,-0.4586400567473479,0.0703125
143.9039839973329,0.04348442146936912,-0.04213998869563123,-0.45883871760308576,0.06640625
143.94399066511085,0.04346564317109751,-0.04214344383099706,-0.4590373055569845,0.07421875
143.98399733288883,0.04344686903839109,-0.042146891385394354,-0.45923582063579654,0.10546875
144.0240040006668,0.043428097465677384,-0.042150333289037605,-0.45943426286626443,0.08203125
144.06401066844475,0.04340932747556285,-0.04215377085605309,-0.459632632275121,0.08984375
144.1040173362227,0.043390559173585225,-0.042157204043867975,-0.4598309288890896,0.078125
144.14402400400067,0.04337179278863219,-0.04216063264947628,-0.46002915273488326,0.05859375
144.18403067177863,0.04335302868403951,-0.04216405627671076,-0.4602273038392054,0.0546875
144.2240373395566,0.04333426736605911,-0.042167474303149766,-0.46042538222874985,0.0703125
144.26404400733455,0.04331550949088085,-0.042170885845477644,-0.46062338793020036,0.046875
144.30405067511253,0.0432967557912487,-0.04217428982513778,-0.4608213209702313,0.0625
144.3440573428905,0.04327800465106582,-0.04217768817823414,-0.46101918137550657,0.0625
144.38406401066845,0.04325925510022552,-0.0421810822043927,-0.4612169691726809,0.0546875
144.4240706784464,0.04324050724457085,-0.042184471860854195,-0.4614146843883989,0.0703125
144.46407734622437,0.04322176131363817,-0.04218785694464567,-0.46161232704929545,0.0625
144.50408401400233,0.04320301767137691,-0.04219123706035178,-0.4618098971819964,0.0625
144.5440906817803,0.0431842768252417,-0.04219461158649453,-0.4620073948131161,0.06640625
144.58409734955828,0.04316553943265458,-0.04219797964158343,-0.4622048199692611,0.08203125
144.62410401733624,0.04314680622557661,-0.04220134015227941,-0.46240217267702655,0.0625
144.6641106851142,0.04312807557730279,-0.042204695060571736,-0.4625994529629989,0.05859375
144.70411735289215,0.04310934652516281,-0.04220804565153598,-0.46279666085375454,0.0703125
144.7441240206701,0.04309061917522893,-0.04221139188230701,-0.46299379637586013,0.0703125
144.78413068844807,0.0430718937576091,-0.0422147335500263,-0.46319085955587264,0.05078125
144.82413735622603,0.043053170637018384,-0.042218070259875,-0.4633878504203388,0.09375
144.86414402400402,0.04303445032195897,-0.04222140139147783,-0.46358476899579637,0.0859375
144.90415069178198,0.043015733471230194,-0.04222472606501855,-0.4637816153087725,0.078125
144.94415735955994,0.042997020815807425,-0.04222804321256661,-0.4639783893857851,0.05859375
144.9841640273379,0.042978310718593676,-0.04223135478168614,-0.46417509125334283,0.0859375
145.02417069511586,0.0429596022241996,-0.04223466204316432,-0.464371720937944,0.0625
145.06417736289382,0.04294089543904217,-0.0422379649539142,-0.46456827846607696,0.07421875
145.10418403067177,0.042922190593762254,-0.042241263311233394,-0.4647647638642211,0.07421875
145.14419069844973,0.042903488053839055,-0.04224455672090186,-0.46496117715884544,0.0546875
145.18419736622772,0.042884788328780184,-0.04224784456368959,-0.4651575183764098,0.09375
145.22420403400568,0.04286609207887648,-0.0422511259613368,-0.4653537875433637,0.0703125
145.26421070178364,0.04284740003390492,-0.04225439985152,-0.46554998468614744,0.08203125
145.3042173695616,0.042828710546599015,-0.0422576681870649,-0.46574610983119136,0.06640625
145.34422403733956,0.042810022668692965,-0.04226093222473122,-0.46594216300491637,0.046875
145.38423070511752,0.042791336507102845,-0.04226419192105676,-0.4661381442337336,0.1015625
145.42423737289548,0.04277265229284822,-0.042267447073653173,-0.46633405354404434,0.08203125
145.46424404067346,0.04275397039232587,-0.042270697288744954,-0.46652989096224035,0.08203125
145.50425070845142,0.042735291315965956,-0.04227394194833048,-0.46672565651470327,0.07421875
145.54425737622938,0.04271661572547302,-0.04227718017578421,-0.4669213502278056,0.05078125
145.58426404400734,0.0426979443495223,-0.04228041091427317,-0.46711697212791004,0.0390625
145.6242707117853,0.04267927553059232,-0.04228363612188561,-0.4673125222413693,0.08984375
145.66427737956326,0.04266060832769056,-0.04228685704130222,-0.46750800059452685,0.0625
145.70428404734122,0.04264194284807898,-0.04229007362884399,-0.4677034072137164,0.078125
145.7442907151192,0.04262327932331026,-0.04229328568228172,-0.4678987421252619,0.09375
145.78429738289717,0.04260461812053934,-0.04229649280844719,-0.46809400535547724,0.0625
145.82430405067512,0.04258595975123779,-0.04229969439044603,-0.46828919693066723,0.0859375
145.86431071845308,0.04256730487847704,-0.0423028895533327,-0.468484316877127,0.04296875
145.90431738623104,0.042548654229775565,-0.042306077245802175,-0.46867936522114184,0.06640625
145.944324054009,0.042530006137425684,-0.04230925943105053,-0.46887434198898736,0.09375
145.98433072178696,0.04251135966770373,-0.04231243733778388,-0.46906924720692955,0.0703125
146.02433738956492,0.042492714928179603,-0.04231561092214733,-0.4692640809012253,0.08203125
146.0643440573429,0.04247407215105313,-0.042318779981958196,-0.46945884309812075,0.0703125
146.10435072512087,0.04245543170408512,-0.04232194412480922,-0.4696535338238532,0.07421875
146.14435739289883,0.04243679409993662,-0.042325102734764405,-0.4698481531046504,0.05859375
146.18436406067678,0.04241816000288886,-0.04232825493871402,-0.4700427009667299,0.0625
146.22437072845474,0.0423995301394013,-0.04233139969076464,-0.4702371774363002,0.04296875
146.2643773962327,0.042380902831495315,-0.04233453895922065,-0.47043158253955986,0.0546875
146.30438406401066,0.042362277152865425,-0.042337673958763415,-0.47062591630269807,0.05078125
146.34439073178865,0.04234365321131396,-0.04234080464544014,-0.4708201787518941,0.07421875
146.3843973995666,0.042325031239607416,-0.042343930817197964,-0.47101436991331774,0.0546875
146.42440406734457,0.04230641160626802,-0.04234705208223469,-0.4712084898131292,0.08203125
146.46441073512253,0.04228779482498869,-0.0423501678257311,-0.471402538477479,0.0546875
146.5044174029005,0.04226918156141,-0.04235327717626074,-0.47159651593250845,0.0859375
146.54442407067845,0.04225057254072227,-0.04235637909353432,-0.4717904222043487,0.0703125
146.5844307384564,0.042231966074899714,-0.042359475550656646,-0.47198425731912164,0.078125
146.62443740623436,0.04221336124489587,-0.04236256774854285,-0.47217802130293984,0.078125
146.66444407401235,0.04219475815886053,-0.04236565564302952,-0.47237171418190566,0.078125
146.7044507417903,0.042176157050091,-0.04236873903223134,-0.472565335982112,0.078125
146.74445740956827,0.042157558287866374,-0.042371817524956654,-0.4727588867296428,0.0625
146.78446407734623,0.04213896238687108,-0.04237489050754272,-0.4729523664505717,0.0546875
146.8244707451242,0.04212037001421656,-0.04237795711013375,-0.47314577517096307,0.07421875
146.86447741290215,0.042101781893613334,-0.04238101629823503,-0.47333911291687186,0.09765625
146.9044840806801,0.04208319632721299,-0.04238407004944642,-0.4735323797143432,0.05859375
146.9444907484581,0.04206461240306952,-0.042387119551172255,-0.4737255755894129,0.05859375
146.98449741623605,0.0420460302298315,-0.04239016475889078,-0.473918700568107,0.04296875
147.024504084014,0.04202745004117581,-0.042393205471036394,-0.474111754676442,0.05078125
147.06451075179197,0.04200887220728996,-0.04239624129687836,-0.47430473794042505,0.06640625
147.10451741956993,0.041990297243770014,-0.042399271623989016,-0.4744976503860536,0.09375
147.1445240873479,0.041971725819117074,-0.042402295584162863,-0.4746904920393155,0.05078125
147.18453075512585,0.041953158655659385,-0.04240531214858263,-0.4748832629261894,0.06640625
147.22453742290384,0.04193459404564377,-0.04240832329934459,-0.47507596307264427,0.05859375
147.2645440906818,0.04191603108436858,-0.04241133021029575,-0.4752685925046393,0.046875
147.30455075845975,0.04189746988083401,-0.04241433283670557,-0.475461151248124,0.05859375
147.3445574262377,0.0418789106692459,-0.04241733097718109,-0.4756536393290389,0.0859375
147.38456409401567,0.04186035382054562,-0.042420324241607285,-0.4758460567733148,0.07421875
147.42457076179363,0.04184179985135374,-0.042423312018678785,-0.47603840360687294,0.078125
147.4645774295716,0.04182324943151821,-0.042426293441881084,-0.4762306798556251,0.07421875
147.50458409734955,0.041804703281928354,-0.042429267488110725,-0.4764228855454736,0.07421875
147.54459076512754,0.04178615968499661,-0.042432236143810906,-0.4766150207023113,0.0625
147.5845974329055,0.04176761774326258,-0.0424352005693708,-0.47680708535202115,0.10546875
147.62460410068346,0.04174907756603678,-0.042438160719894404,-0.47699907952047715,0.08203125
147.66461076846142,0.04173053938817041,-0.042441116394048684,-0.4771910032335434,0.05078125
147.70461743623937,0.04171200358120287,-0.04244406720248855,-0.47738285651707446,0.08203125
147.74462410401733,0.04169347066293077,-0.04244701253488145,-0.47757463939691563,0.06640625
147.7846307717953,0.04167494130439031,-0.04244995152655792,-0.47776635189890304,0.05078125
147.82463743957328,0.0416564162251306,-0.04245288316001156,-0.47795799404886286,0.08984375
147.86464410735124,0.041637893697644035,-0.04245580942603746,-0.47814956587261165,0.0625
147.9046507751292,0.04161937283186243,-0.042458731471514605,-0.47834106739595694,0.0859375
147.94465744290716,0.041600853737328726,-0.04246164925146029,-0.47853249864469655,0.05078125
147.98466411068512,0.04158233664946201,-0.04246456256468015,-0.478723859644619,0.08984375
148.02467077846308,0.04156382194055239,-0.04246747102244884,-0.4789151504215034,0.06640625
148.06467744624103,0.041545310129415536,-0.04247037401556134,-0.4791063710011189,0.0546875
148.10468411401902,0.04152680188842703,-0.04247327068104235,-0.4792975214092258,0.0625
148.14469078179698,0.0415082979355802,-0.04247616000717425,-0.47948860167157425,0.06640625
148.18469744957494,0.041489796533680706,-0.0424790439887968,-0.47967961181390606,0.078125
148.2247041173529,0.041471296799886904,-0.04248192375953688,-0.4798705518619524,0.0625
148.26471078513086,0.04145279884409146,-0.04248479927421232,-0.48006142184143574,0.078125
148.30471745290882,0.04143430290224223,-0.042487670331807635,-0.48025222177806853,0.06640625
148.34472412068678,0.04141580934737862,-0.0424905365442196,-0.4804429516975547,0.0625
148.38473078846474,0.041397318699293834,-0.04249339730341063,-0.48063361162558776,0.0546875
148.42473745624272,0.041378831631813544,-0.042496251747990044,-0.4808242015878524,0.0625
148.46474412402068,0.04136034886116687,-0.042499098872211385,-0.4810147216100235,0.0625
148.50475079179864,0.04134186864069713,-0.042501940674663785,-0.4812051717177669,0.0703125
148.5447574595766,0.04132339009462824,-0.04250477827597295,-0.4813955519367387,0.0625
148.58476412735456,0.04130491333335771,-0.042507611630609,-0.48158586229258593,0.0546875
148.62477079513252,0.04128643859320709,-0.04251044053788796,-0.4817761028109459,0.0859375
148.66477746291048,0.04126796624811815,-0.04251326461018071,-0.48196627351744653,0.0859375
148.70478413068847,0.0412494968187826,-0.0425160832406933,-0.4821563744377067,0.05859375
148.74479079846643,0.0412310309803915,-0.042518895569700885,-0.48234640559733516,0.09375
148.78479746624438,0.04121256944751038,-0.0425217005973086,-0.4825363670219319,0.06640625
148.82480413402234,0.04119411046393808,-0.042524500325859714,-0.48272625873708747,0.0546875
148.8648108018003,0.04117565316111089,-0.04252729586292901,-0.4829160807683827,0.046875
148.90481746957826,0.04115719764977701,-0.042530087162792024,-0.4831058331413895,0.0703125
148.94482413735622,0.04113874416678583,-0.04253287402494765,-0.48329551588166975,0.0625
148.9848308051342,0.04112029308682644,-0.042535656062393,-0.4834851290147768,0.0703125
149.02483747291217,0.04110184493159792,-0.04253843266947104,-0.4836746725662533,0.08203125
149.06484414069013,0.041083400377620254,-0.042541202988156626,-0.4838641465616341,0.046875
149.1048508084681,0.0410649601377338,-0.042543966024444754,-0.4840535510264437,0.07421875
149.14485747624605,0.04104652244622943,-0.04254672378432278,-0.4842428859861976,0.08203125
149.184864144024,0.04102808644186367,-0.042549477362303335,-0.4844321514664016,0.078125
149.22487081180196,0.041009652235581076,-0.042552226712618865,-0.48462134749255276,0.05859375
149.26487747957992,0.04099122006491319,-0.04255497163480425,-0.48481047409013783,0.0859375
149.3048841473579,0.04097279030513903,-0.04255771174263516,-0.48499953128463547,0.08203125
149.34489081513587,0.040954363479120265,-0.04256044643144169,-0.48518851910151356,0.0625
149.38489748291383,0.04093594026454345,-0.04256317484505278,-0.48537743756623153,0.0703125
149.4249041506918,0.04091752137262242,-0.04256589599523697,-0.4855662867042393,0.0625
149.46491081846975,0.04089910502813716,-0.04256861189155445,-0.4857550665409774,0.0546875
149.5049174862477,0.04088069037707856,-0.04257132361563132,-0.48594377710187714,0.046875
149.54492415402567,0.0408622775307427,-0.04257403112150932,-0.48613241841236077,0.078125
149.58493082180365,0.0408438667271891,-0.0425767342089102,-0.48632099049784044,0.08203125
149.6249374895816,0.04082545834243674,-0.042579432492243954,-0.48650949338371935,0.0625
149.66494415735957,0.04080705290035543,-0.04258212536797658,-0.4866979270953916,0.1015625
149.70495082513753,0.040788651079947905,-0.04258481198164489,-0.4868862916582417,0.0546875
149.7449574929155,0.040770253590589146,-0.04258749135097374,-0.48707458709764495,0.0625
149.78496416069345,0.04075185864773937,-0.042590165488839385,-0.4872628134389675,0.0625
149.8249708284714,0.04073346540457626,-0.04259283546411874,-0.48745097070756555,0.0625
149.86497749624937,0.0407150739727478,-0.04259550123066508,-0.48763905892878684,0.0703125
149.90498416402735,0.040696684590840054,-0.04259816258839039,-0.48782707812796966,0.046875
149.9449908318053,0.04067829763561349,-0.04260081915233804,-0.48801502833044247,0.05078125
149.98499749958327,0.040659913631901426,-0.04260347032015237,-0.4882029095615246,0.05078125
150.02500416736123,0.04064153326013567,-0.042606115238968276,-0.48839072184652654,0.05859375
150.0650108351392,0.04062315722763989,-0.04260875293264777,-0.4885784652107487,0.0859375
150.10501750291715,0.04060478374078509,-0.042611385417091356,-0.48876613967948324,0.0546875
150.1450241706951,0.04058641195977149,-0.042614013748674365,-0.48895374527801216,0.0546875
150.1850308384731,0.04056804199675546,-0.04261663788091505,-0.4891412820316089,0.05078125
150.22503750625106,0.040549674090690824,-0.04261925761406845,-0.48932874996553666,0.06640625
150.26504417402901,0.04053130861923628,-0.042621872563663114,-0.48951614910505026,0.0703125
150.30505084180697,0.040512946108107205,-0.04262448212859839,-0.48970347947539505,0.0625
150.34505750958493,0.040494587239082856,-0.04262708545768417,-0.48989074110180675,0.05078125
150.3850641773629,0.04047623271753275,-0.04262968158080344,-0.4900779340095119,0.07421875
150.42507084514085,0.040457880740659875,-0.04263227251688639,-0.4902650582237283,0.0546875
150.46507751291884,0.04043953047583325,-0.0426348593097567,-0.49045211376966424,0.0625
150.5050841806968,0.04042118203555893,-0.04263744191275214,-0.4906391006725182,0.1015625
150.54509084847476,0.04040283565931935,-0.042640020126318845,-0.49082601895748007,0.07421875
150.58509751625272,0.040384491725510625,-0.04264259356662484,-0.4910128686497304,0.05078125
150.62510418403068,0.04036615076084462,-0.042645161633714734,-0.49119964977444036,0.0546875
150.66511085180863,0.04034781344840506,-0.042647723478112645,-0.4913863623567719,0.05859375
150.7051175195866,0.040329480491549635,-0.04265027813575456,-0.491573006421878,0.05859375
150.74512418736455,0.040311150078350906,-0.04265282762849484,-0.4917595819949019,0.07421875
150.78513085514254,0.0402928213834522,-0.0426553729875955,-0.4919460891009782,0.05078125
150.8251375229205,0.04027449451955755,-0.04265791416635957,-0.4921325277652316,0.0703125
150.86514419069846,0.0402561697268295,-0.042660450965283,-0.49231889801277806,0.046875
150.90515085847642,0.04023784738424588,-0.04266298300132101,-0.49250519986872415,0.0546875
150.94515752625438,0.04021952801966746,-0.04266550967551934,-0.49269143335816734,0.078125
150.98516419403234,0.04020121231732296,-0.04266803014026492,-0.4928775985061957,0.0625
151.0251708618103,0.04018290097865546,-0.042670543437431985,-0.4930636953378884,0.08203125
151.06517752958828,0.040164592182607754,-0.04267305159172955,-0.49324972387831545,0.07421875
151.10518419736624,0.04014628511100624,-0.04267555562203351,-0.493435684152537,0.0625
151.1451908651442,0.04012797987691172,-0.04267805548146408,-0.4936215761856048,0.08203125
151.18519753292216,0.040109676721010144,-0.042680550970717365,-0.4938074000025605,0.0390625
151.22520420070012,0.0400913760230146,-0.04268304170739102,-0.49399315562843765,0.0546875
151.26521086847808,0.04007307831177677,-0.04268552709368111,-0.4941788430882602,0.07421875
151.30521753625604,0.040054784272821234,-0.04268800628369269,-0.49436446240704246,0.05859375
151.34522420403403,0.04003649460546455,-0.042690478325415226,-0.49455001360978995,0.05859375
151.38523087181198,0.04001820747970919,-0.04269294524616579,-0.4947354967214991,0.08203125
151.42523753958994,0.03999992208452164,-0.042695408052562965,-0.49492091176715663,0.046875
151.4652442073679,0.03998163853331549,-0.04269786669755048,-0.4951062587717407,0.0546875
151.50525087514586,0.03996335706730069,-0.04270032098202576,-0.49529153776022034,0.08203125
151.54525754292382,0.03994507806692403,-0.04270277052423117,-0.4954767487575551,0.06640625
151.58526421070178,0.0399268020619864,-0.04270521472755155,-0.4956618917886951,0.0625
151.62527087847974,0.039908529739420495,-0.04270765274770345,-0.4958469668785817,0.046875
151.66527754625773,0.03989026179620182,-0.04271008363896846,-0.49603197405214766,0.0625
151.7052842140357,0.03987199639362916,-0.04271250943098383,-0.496216913334315,0.0625
151.74529088181365,0.03985373272763937,-0.04271493111835678,-0.49640178474999813,0.0703125
151.7852975495916,0.039835470912155765,-0.04271734865371076,-0.49658658832410196,0.07421875
151.82530421736956,0.039817211188756314,-0.04271976183829165,-0.49677132408152197,0.04296875
151.86531088514752,0.039798953938775306,-0.04272217029084386,-0.4969559920471443,0.05078125
151.90531755292548,0.039780699692882296,-0.04272457341601545,-0.4971405922458463,0.0703125
151.94532422070347,0.03976244913933726,-0.0427269703712088,-0.4973251247024964,0.09375
151.98533088848143,0.039744202972868604,-0.04272936021688506,-0.4975095894419534,0.05859375
152.0253375562594,0.03972595934599777,-0.04273174498500558,-0.49769398648906743,0.09765625
152.06534422403735,0.039707717461774844,-0.04273412565811906,-0.4978783158686792,0.0546875
152.1053508918153,0.03968947743447787,-0.04273650218867636,-0.4980625776056203,0.0625
152.14535755959326,0.03967123950620766,-0.04273887437812862,-0.49824677172471366,0.03515625
152.18536422737122,0.03965300405902904,-0.04274124184586986,-0.4984308982507725,0.05859375
152.22537089514918,0.039634771624593876,-0.04274360399770458,-0.49861495720860116,0.08203125
152.26537756292717,0.0396165428924453,-0.04274595999276052,-0.498798948622995,0.05078125
152.30538423070513,0.03959831855500957,-0.04274830889770528,-0.4989828725187404,0.08203125
152.3453908984831,0.03958009675606763,-0.04275065274672515,-0.4991667289206139,0.03515625
152.38539756626105,0.03956187670588875,-0.04275299251029854,-0.49935051785338364,0.05078125
152.425404234039,0.03954365851895052,-0.04275532814084986,-0.49953423934180896,0.0625
152.46541090181697,0.0395254424380316,-0.04275765943989381,-0.49971789341063894,0.06640625
152.50541756959493,0.03950722884577023,-0.04275998602762006,-0.49990148008461477,0.05078125
152.5454242373729,0.03948901827495437,-0.04276230731084697,-0.5000849993884682,0.05859375
152.58543090515087,0.039470811416247205,-0.042764622450576543,-0.5002684513469215,0.0703125
152.62543757292883,0.039452608959873306,-0.042766930519565545,-0.500451835984688,0.05078125
152.6654442407068,0.03943440904087362,-0.04276923355416069,-0.5006351533264726,0.05859375
152.70545090848475,0.03941621087664683,-0.0427715325129393,-0.5008184033969703,0.0703125
152.7454575762627,0.03939801458202583,-0.042773827348156955,-0.5010015862208672,0.05078125
152.78546424404067,0.03937982040031117,-0.04277611786153855,-0.5011847018228411,0.07421875
152.82547091181866,0.03936162871486942,-0.04277840367392634,-0.5013677502275601,0.046875
152.86547757959661,0.039343440059462026,-0.04278068419330295,-0.501550731459683,0.0546875
152.90548424737457,0.03932525512602983,-0.04278295858239666,-0.5017336455438601,0.0546875
152.94549091515253,0.03930707460237754,-0.04278522592023052,-0.5019164925047321,0.0703125
152.9854975829305,0.03928889661500369,-0.042787488245066216,-0.5020992723669317,0.05859375
153.02550425070845,0.03927072038838501,-0.04278974650371231,-0.5022819851550814,0.05078125
153.0655109184864,0.03925254603771009,-0.042792000648257854,-0.502464630893795,0.0703125
153.10551758626437,0.03923437380680074,-0.042794250480640145,-0.5026472096076775,0.0390625
153.14552425404236,0.0392162040797492,-0.04279649562235708,-0.5028297213213249,0.0625
153.18553092182032,0.0391980373912518,-0.04279873548259055,-0.5030121660593236,0.05078125
153.22553758959828,0.03917987443463635,-0.04280096922569322,-0.5031945438462521,0.05859375
153.26554425737623,0.03916171589507462,-0.042803195937124575,-0.5033768547066788,0.0546875
153.3055509251542,0.03914355989075866,-0.04280541765678318,-0.5035590986651631,0.0390625
153.34555759293215,0.039125405653074784,-0.0428076353199474,-0.5037412757462564,0.0859375
153.3855642607101,0.03910725329772333,-0.042809848878399476,-0.5039233859745,0.0546875
153.4255709284881,0.03908910306889218,-0.042812058134432604,-0.5041054293744269,0.0703125
153.46557759626606,0.03907095535155009,-0.04281426271006332,-0.5042874059705609,0.0625
153.50558426404402,0.039052810681250785,-0.04281646201574277,-0.5044693157874164,0.05859375
153.54559093182198,0.03903466975262585,-0.042818655217523,-0.5046511588494994,0.078125
153.58559759959994,0.03901653324831114,-0.042820841407184944,-0.5048329351813066,0.0625
153.6256042673779,0.038998399278117414,-0.042823022626272425,-0.5050146448073256,0.0859375
153.66561093515585,0.03898026708048306,-0.04282519979848619,-0.5051962877520354,0.046875
153.70561760293384,0.03896213677146589,-0.04282737287544586,-0.5053778640399057,0.0546875
153.7456242707118,0.03894400859577068,-0.04282954165966375,-0.5055593736953976,0.03515625
153.78563093848976,0.038925882939091896,-0.04283170577381414,-0.5057408167429627,0.046875
153.82563760626772,0.038907760337950105,-0.042833864629516445,-0.5059221932070435,0.0703125
153.86564427404568,0.03888964148823866,-0.04283601739455894,-0.5061035031120744,0.078125
153.90565094182364,0.03887152706999879,-0.04283816316707166,-0.5062847464824802,0.07421875
153.9456576096016,0.038853415184702235,-0.042840303990145205,-0.5064659233426767,0.0546875
153.98566427737956,0.038835305077942854,-0.04284244077589199,-0.5066470337170711,0.0625
154.02567094515754,0.03881719686597935,-0.0428445734759134,-0.5068280776300617,0.046875
154.0656776129355,0.038799090794191825,-0.04284670189279893,-0.507009055106037,0.06640625
154.10568428071346,0.03878098724883977,-0.04284882565002688,-0.5071899661693773,0.07421875
154.14569094849142,0.03876288676756477,-0.04285094416024501,-0.5073708108444539,0.0703125
154.18569761626938,0.038744790047361616,-0.04285305659312102,-0.5075515891556294,0.046875
154.22570428404734,0.03872669776577416,-0.04285516205302032,-0.5077323011272566,0.0546875
154.2657109518253,0.03870860801593879,-0.0428572625845175,-0.50791294678368,0.0546875
154.30571761960329,0.03869052005051417,-0.0428593590883017,-0.5080935261492354,0.05859375
154.34572428738124,0.038672433986112816,-0.04286145151581935,-0.5082740392482487,0.08984375
154.3857309551592,0.038654350068637065,-0.042863539669878166,-0.508454486105038,0.0859375
154.42573762293716,0.03863626868506446,-0.042865623174621864,-0.5086348667439116,0.0546875
154.46574429071512,0.03861819037399885,-0.04286770144387039,-0.5088151811891695,0.0625
154.50575095849308,0.03860011583368805,-0.04286977364903136,-0.5089954294651026,0.0703125
154.54575762627104,0.03858204573896393,-0.042871838900873926,-0.5091756115959927,0.0859375
154.58576429404903,0.038563978174827485,-0.042873899245217416,-0.5093557276061127,0.05078125
154.625770961827,0.03854591240094494,-0.04287595557146146,-0.5095357775197266,0.06640625
154.66577762960495,0.03852784853428922,-0.04287800783089388,-0.5097157613610901,0.0703125
154.7057842973829,0.03850978682124105,-0.04288005582658167,-0.5098956791544491,0.04296875
154.74579096516086,0.03849172764961241,-0.04288209918323012,-0.5100755309240413,0.03515625
154.78579763293882,0.03847367155881067,-0.04288413731597352,-0.5102553166940946,0.0546875
154.82580430071678,0.038455619248488275,-0.04288616939782159,-0.510435036488829,0.08203125
154.86581096849474,0.03843757139055018,-0.04288819454611349,-0.5106146903324551,0.05859375
154.90581763627273,0.03841952606209953,-0.042890214807643046,-0.510794278249175,0.0390625
154.9458243040507,0.03840148252964275,-0.04289223106075142,-0.5109738002631811,0.0625
154.98583097182865,0.03838344091066635,-0.04289424325643316,-0.5111532563986578,0.0546875
155.0258376396066,0.03836540145195191,-0.04289625119808543,-0.5113326466797804,0.07421875
155.06584430738457,0.0383473645420662,-0.0428982545110477,-0.5115119711307152,0.0390625
155.10585097516253,0.03832933072137306,-0.0429002526116302,-0.5116912297756195,0.05859375
155.14585764294048,0.03831130069076947,-0.04290224467458733,-0.5118704226386421,0.07421875
155.18586431071847,0.03829327511933146,-0.04290422982371287,-0.5120495497439227,0.0703125
155.22587097849643,0.03827525207618823,-0.04290621010678791,-0.5122286111155921,0.06640625
155.2658776462744,0.03825723083483063,-0.04290818639104566,-0.5124076067777721,0.078125
155.30588431405235,0.0382392115131021,-0.042910158627330816,-0.5125865367545761,0.05859375
155.3458909818303,0.038221194358301305,-0.04291212661926766,-0.5127654010701086,0.046875
155.38589764960827,0.038203179759709334,-0.0429140899928671,-0.5129441997484651,0.0546875
155.42590431738623,0.038185168258643556,-0.042916048165617386,-0.513122932813732,0.0859375
155.4659109851642,0.03816716055724109,-0.04291800031401972,-0.513301600289987,0.0625
155.50591765294217,0.03814915732168905,-0.04291994556834897,-0.5134802022012993,0.046875
155.54592432072013,0.038131156613190116,-0.042921885977275614,-0.5136587385717287,0.0703125
155.5859309884981,0.03811315771231847,-0.04292382239691722,-0.5138372094253267,0.0625
155.62593765627605,0.038095160737119584,-0.04292575477810842,-0.5140156147861359,0.0625
155.665944324054,0.038077165935564865,-0.04292768292456418,-0.5141939546781896,0.0546875
155.70595099183197,0.03805917369749177,-0.04292960646310761,-0.5143722291255132,0.0703125
155.74595765960993,0.03804118456532452,-0.042931524812268564,-0.5145504381521221,0.07421875
155.78596432738792,0.03802319924228097,-0.04293343715043457,-0.5147285817820239,0.046875
155.82597099516587,0.03800521839175318,-0.04293534261425126,-0.5149066600392165,0.05859375
155.86597766294383,0.037987240067026244,-0.04293724325321571,-0.5150846729476899,0.06640625
155.9059843307218,0.03796926355566309,-0.042939139912493596,-0.5152626205314249,0.04296875
155.94599099849975,0.03795128897606759,-0.04294103254277254,-0.5154405028143934,0.0546875
155.9859976662777,0.03793331657672719,-0.042942920947999494,-0.5156183198205585,0.0546875
156.02600433405567,0.03791534674819014,-0.042944804755672715,-0.5157960715738747,0.0625
156.06601100183366,0.037897380033829565,-0.04294668338550395,-0.5159737580982876,0.0703125
156.10601766961162,0.037879417138091544,-0.0429485560176339,-0.516151379417734,0.06640625
156.14602433738958,0.03786145872136428,-0.04295042179523684,-0.5163289355561417,0.08984375
156.18603100516754,0.037843502829212304,-0.04295228276840814,-0.5165064265374302,0.06640625
156.2260376729455,0.03782554875613351,-0.042954139771488,-0.5166838523855097,0.04296875
156.26604434072345,0.037807596620890505,-0.042955992755019136,-0.5168612131242821,0.09375
156.3060510085014,0.037789646672447,-0.04295784152321702,-0.5170385087776402,0.046875
156.34605767627937,0.037771699302177636,-0.04295968570415412,-0.5172157393694684,0.0390625
156.38606434405736,0.037753755054244144,-0.042961524718864455,-0.5173929049236423,0.046875
156.42607101183532,0.037735814634476054,-0.0429633577491039,-0.5175700054640278,0.0625
156.46607767961328,0.03771787870003889,-0.042965183944739666,-0.5177470410144831,0.06640625
156.50608434739124,0.03769994528901874,-0.04296700535620009,-0.5179240115988575,0.0625
156.5460910151692,0.03768201370267603,-0.04296882280722936,-0.5181009172409912,0.046875
156.58609768294716,0.03766408406028861,-0.04297063624809028,-0.5182777579647156,0.06640625
156.62610435072511,0.037646156611217695,-0.04297244548333734,-0.5184545337938542,0.06640625
156.6661110185031,0.03762823174758555,-0.04297425014168767,-0.5186312447522207,0.0859375
156.70611768628106,0.0376103100144927,-0.0429760496453645,-0.5188078908636202,0.05859375
156.74612435405902,0.03759239211899473,-0.04297784317787583,-0.5189844721518495,0.0546875
156.78613102183698,0.03757447871513042,-0.042979629895668954,-0.5191609886406969,0.04296875
156.82613768961494,0.03755656783343615,-0.04298141184951655,-0.5193374403539415,0.06640625
156.8661443573929,0.03753865878207474,-0.042983189852520934,-0.5195138273153534,0.0625
156.90615102517086,0.03752075168068326,-0.04298496385480491,-0.5196901495486949,0.06640625
156.94615769294884,0.037502846779138066,-0.04298673366115985,-0.5198664070777186,0.07421875
156.9861643607268,0.037484944470264084,-0.04298849890098789,-0.5200425999261689,0.0546875
157.02617102850476,0.03746704530010403,-0.042990258997697886,-0.5202187281177812,0.09375
157.06617769628272,0.03744914997689183,-0.042992013136589874,-0.5203947916762827,0.04296875
157.10618436406068,0.03743125915159862,-0.04299376048061147,-0.5205707906253914,0.05859375
157.14619103183864,0.03741337084714013,-0.04299550308089039,-0.5207467249888167,0.04296875
157.1861976996166,0.03739548437872122,-0.04299724173984253,-0.5209225947902597,0.08203125
157.22620436739456,0.037377599866182,-0.042998976407588804,-0.521098400053412,0.0546875
157.26621103517255,0.0373597175600687,-0.04300070688902468,-0.5212741408019577,0.04296875
157.3062177029505,0.03734183785375389,-0.043002432814372375,-0.5214498170595706,0.03515625
157.34622437072846,0.03732396129437289,-0.043004153608095466,-0.5216254288499171,0.05859375
157.38623103850642,0.037306088591256475,-0.043005868457354796,-0.5218009761966548,0.0546875
157.42623770628438,0.03728822039217049,-0.043007576531689885,-0.5219764591234317,0.05859375
157.46624437406234,0.037270354712652276,-0.04300927988232214,-0.5221518776538884,0.04296875
157.5062510418403,0.037252490874775286,-0.0430109793012088,-0.522327231811656,0.0625
157.5462577096183,0.03723462899874039,-0.04301267473833352,-0.5225025216203568,0.06640625
157.58626437739625,0.03721676933560341,-0.0430143659988373,-0.5226777471036048,0.06640625
157.6262710451742,0.03719891227944252,-0.04301605271362535,-0.5228529082850055,0.05078125
157.66627771295217,0.037181058378325145,-0.043017734308355315,-0.5230280051881556,0.05859375
157.70628438073012,0.03716320834279196,-0.04301940997194856,-0.523203037836643,0.078125
157.74629104850808,0.03714536281730494,-0.0430210788805932,-0.5233780062540466,0.078125
157.78629771628604,0.03712751981010936,-0.043022743085480514,-0.5235529104639374,0.07421875
157.82630438406403,0.03710967865009174,-0.043024403368232565,-0.5237277504898774,0.07421875
157.866311051842,0.03709183945792707,-0.043026059678600494,-0.5239025263554198,0.05078125
157.90631771961995,0.03707400248503002,-0.04302771182210228,-0.5240772380841094,0.0625
157.9463243873979,0.03705616812633485,-0.043029359430197055,-0.5242518856994823,0.05859375
157.98633105517587,0.03703833693068282,-0.043031001929872484,-0.5244264692250658,0.0546875
158.02633772295383,0.03702050960997658,-0.043032638511677684,-0.5246009886843785,0.046875
158.06634439073179,0.037002686805158266,-0.04303426835860624,-0.5247754441009314,0.05859375
158.10635105850974,0.03698486651742421,-0.04303589352156163,-0.5249498354982249,0.078125
158.14635772628773,0.03696704808237703,-0.04303751477198925,-0.5251241628997527,0.06640625
158.1863643940657,0.03694923162109097,-0.04303913205947489,-0.5252984263289988,0.04296875
158.22637106184365,0.03693141738549219,-0.043040745189783035,-0.5254726258094388,0.06640625
158.2663777296216,0.036913605771213984,-0.04304235379506331,-0.52564676136454,0.05859375
158.30638439739957,0.03689579732802484,-0.04304395730350009,-0.5258208330177605,0.05078125
158.34639106517753,0.03687799276902867,-0.04304555490740752,-0.5259948407925508,0.08203125
158.3863977329555,0.03686019273174464,-0.043047145796471106,-0.5261687847123514,0.0546875
158.42640440073347,0.03684239521025182,-0.04304873202131867,-0.5263426648005953,0.078125
158.46641106851143,0.036824599546965056,-0.0430503143432103,-0.5265164810807066,0.0625
158.5064177362894,0.03680680586332217,-0.043051892711599676,-0.5266902335761006,0.0546875
158.54642440406735,0.03678901441175901,-0.043053466932500783,-0.5268639223101839,0.09375
158.5864310718453,0.03677122558860618,-0.043055036638755824,-0.527037547306355,0.09375
158.62643773962327,0.03675343994455654,-0.04305660125974788,-0.5272111085880037,0.046875
158.66644440740123,0.036735658193871694,-0.043058159989591505,-0.5273846061785108,0.03125
158.7064510751792,0.03671788097070573,-0.043059712024585334,-0.5275580401012487,0.03125
158.74645774295718,0.036700106261950194,-0.043061259415094616,-0.5277314103795819,0.03515625
158.78646441073514,0.03668233341697368,-0.043062802912147494,-0.5279047170368653,0.078125
158.8264710785131,0.0366645625574179,-0.043064342465203874,-0.5280779600964458,0.05078125
158.86647774629105,0.036646793936385515,-0.043065877880395065,-0.5282511395816616,0.0703125
158.906484414069,0.036629027950746004,-0.04306740879139129,-0.5284242555158424,0.0625
158.94649108184697,0.03661126515227031,-0.04306893462864306,-0.5285973079223087,0.02734375
158.98649774962493,0.036593506256295046,-0.04307045458813367,-0.528770296824374,0.04296875
159.02650441740292,0.036575751893472355,-0.0430719678728621,-0.5289432222453421,0.046875
159.06651108518088,0.03655800004374747,-0.043073476532679296,-0.5291160842085076,0.046875
159.10651775295884,0.036540250063270704,-0.04307498130860191,-0.5292888827371582,0.05859375
159.1465244207368,0.03652250207404342,-0.043076482149965206,-0.529461617854572,0.06640625
159.18653108851476,0.036504756329677784,-0.0430779788631538,-0.5296342895840187,0.05859375
159.22653775629271,0.036487013227737036,-0.043079471082534154,-0.5298068979487595,0.07421875
159.26654442407067,0.03646927332091063,-0.04308095823976002,-0.5299794429720475,0.0625
159.30655109184866,0.036451537325724384,-0.043082439532584206,-0.5301519246771265,0.05078125
159.34655775962662,0.03643380586922537,-0.0430839141707636,-0.5303243430872322,0.0546875
159.38656442740458,0.036416076924507074,-0.043085384203509595,-0.5304966982255916,0.0546875
159.42657109518254,0.03639834985443915,-0.04308685036195306,-0.5306689901154236,0.0546875
159.4665777629605,0.03638062478150146,-0.04308831259520651,-0.5308412187799382,0.0625
159.50658443073846,0.03636290195965819,-0.04308977071004236,-0.5310133842423368,0.0625
159.54659109851642,0.036345181787321386,-0.04309122434139304,-0.5311854865258127,0.0625
159.58659776629437,0.03632746481793932,-0.04309267292224986,-0.5313575256535503,0.03515625
159.62660443407236,0.03630975176937832,-0.04309411565200566,-0.5315295016487257,0.0625
159.66661110185032,0.03629204326486707,-0.043095551747324774,-0.5317014145345061,0.07421875
159.70661776962828,0.036274337270889474,-0.043096983256530885,-0.5318732643340508,0.0546875
159.74662443740624,0.03625663315693798,-0.04309841090102249,-0.5320450510705099,0.0703125
159.7866311051842,0.03623893104589278,-0.043099834629758096,-0.5322167747670263,0.08203125
159.82663777296216,0.0362212311922261,-0.04310125424976717,-0.5323884354467328,0.04296875
159.86664444074012,0.03620353399504032,-0.043102669396683,-0.5325600331327547,0.0703125
159.9066511085181,0.036185840008697324,-0.04310407950470269,-0.5327315678482085,0.06640625
159.94665777629606,0.03616814995223974,-0.04310548377499662,-0.5329030396162027,0.03125
159.98666444407402,0.03615046444517796,-0.043106881431020726,-0.5330744484598363,0.03515625
160.02667111185198,0.03613278144731746,-0.0431082745202265,-0.5332457944022008,0.02734375
160.06667777962994,0.03611510033487148,-0.043109663754268744,-0.5334170774663787,0.05859375
160.1066844474079,0.03609742123108153,-0.04311104908198723,-0.533588297675444,0.04296875
160.14669111518586,0.03607974439092719,-0.04311243031067062,-0.5337594550524625,0.03515625
160.18669778296385,0.036062070214161294,-0.04311380707668698,-0.5339305496204918,0.05078125
160.2267044507418,0.03604439925616972,-0.04311517881534644,-0.5341015814025801,0.02734375
160.26671111851977,0.036026732237016586,-0.04311654472972447,-0.5342725504217681,0.0703125
160.30671778629772,0.03600906977258678,-0.04311790404996041,-0.5344434567010876,0.05859375
160.34672445407568,0.035991409815940865,-0.04311925882264657,-0.534614300263562,0.06640625
160.38673112185364,0.03597375175014991,-0.043120609749650755,-0.5347850811322062,0.05859375
160.4267377896316,0.035956095698660005,-0.04312195677982708,-0.5349557993300269,0.07421875
160.46674445740956,0.03593844191711426,-0.04312329972059459,-0.5351264548800223,0.04296875
160.50675112518755,0.03592079080583469,-0.04312463820912429,-0.5352970478051817,0.0625
160.5467577929655,0.03590314292115306,-0.04312597168190468,-0.5354675781284863,0.05859375
160.58676446074347,0.035885498984304154,-0.04312729934378925,-0.535638045872909,0.05078125
160.62677112852143,0.03586785960733175,-0.04312862043175027,-0.5358084510614143,0.046875
160.66677779629939,0.03585022273679802,-0.04312993699127298,-0.5359787937169576,0.05859375
160.70678446407734,0.035832587762454855,-0.04313124971465702,-0.5361490738624872,0.05859375
160.7467911318553,0.03581495480810999,-0.04313255855064156,-0.5363192915209415,0.0546875
160.7867977996333,0.035797324129913544,-0.043133863306908604,-0.5364894467152516,0.0546875
160.82680446741125,0.03577969612886937,-0.04313516362133829,-0.536659539468339,0.0703125
160.8668111351892,0.03576207136221613,-0.04313645893162959,-0.5368295698031185,0.05859375
160.90681780296717,0.035744450552353896,-0.043137748444416806,-0.5369995377424945,0.0703125
160.94682447074513,0.03572683430742537,-0.04313903140352354,-0.5371694433093648,0.07421875
160.9868311385231,0.035709220567584375,-0.04314030985321242,-0.537339286526618,0.0546875
161.02683780630105,0.03569160872920403,-0.04314158447633443,-0.5375090674171337,0.0546875
161.066844474079,0.035673998916571484,-0.04314285522141846,-0.5376787860037842,0.04296875
161.106851141857,0.03565639138618519,-0.04314412189654226,-0.5378484423094327,0.046875
161.14685780963495,0.0356387865398892,-0.043145384140164736,-0.5380180363569343,0.0234375
161.1868644774129,0.03562118493566594,-0.04314664139132966,-0.5381875681691357,0.046875
161.22687114519087,0.035603587297234465,-0.04314789285832352,-0.5383570377688753,0.0625
161.26687781296883,0.03558599422861945,-0.04314913779196873,-0.5385264451789826,0.078125
161.3068844807468,0.035568403663813766,-0.04315037823506117,-0.5386957904222793,0.05078125
161.34689114852475,0.03555081500571247,-0.043151614861154236,-0.5388650735215786,0.06640625
161.38689781630274,0.03553322837900499,-0.043152847618633215,-0.5390342944996853,0.0390625
161.4269044840807,0.03551564404069099,-0.043154076315846016,-0.5392034533793956,0.0546875
161.46691115185865,0.03549806239329933,-0.04315530059195989,-0.5393725501834974,0.06640625
161.5069178196366,0.03548048399570904,-0.043156519887236115,-0.5395415849347708,0.0703125
161.54692448741457,0.035462909572796845,-0.043157733411745273,-0.5397105576559866,0.0390625
161.58693115519253,0.035445339724566385,-0.04315894042319612,-0.5398794683699079,0.0703125
161.6269378229705,0.03542777237878332,-0.043160142962933974,-0.5400483170992894,0.07421875
161.66694449074848,0.03541020694496249,-0.043161341695202485,-0.5402171038668774,0.0625
161.70695115852644,0.035392643548152136,-0.043162536568281486,-0.5403858286954097,0.078125
161.7469578263044,0.035375082445858914,-0.043163727390785785,-0.5405544916076157,0.02734375
161.78696449408235,0.0353575240412511,-0.043164913802628734,-0.5407230926262169,0.046875
161.8269711618603,0.03533996889422024,-0.04316609524519362,-0.5408916317739259,0.05859375
161.86697782963827,0.035322417730639266,-0.04316727093046562,-0.5410601090734474,0.04296875
161.90698449741623,0.035304871146587875,-0.043168440122928475,-0.5412285245474774,0.0703125
161.9469911651942,0.03528732706353855,-0.04316960486249237,-0.5413968782187041,0.06640625
161.98699783297218,0.03526978489776052,-0.04317076580404951,-0.541565170109807,0.0625
162.02700450075014,0.035252244774507197,-0.043171922895902055,-0.5417334002434571,0.03515625
162.0670111685281,0.035234706951945326,-0.043173075946808206,-0.5419015686423172,0.06640625
162.10701783630606,0.03521717183380335,-0.043174224597492414,-0.5420696753290424,0.0546875
162.14702450408402,0.03519963998090381,-0.04317536829052669,-0.5422377203262781,0.0546875
162.18703117186197,0.03518211212026853,-0.04317650623968358,-0.5424057036566632,0.07421875
162.22703783963993,0.035164588843836136,-0.04317763771636751,-0.5425736253428266,0.0859375
162.26704450741792,0.03514706806703552,-0.04317876475881151,-0.5427414854073904,0.0390625
162.30705117519588,0.03512954921270851,-0.043179888012773386,-0.5429092838729672,0.05859375
162.34705784297384,0.035112032406474036,-0.04318100742644826,-0.5430770207621616,0.04296875
162.3870645107518,0.035094517907,-0.04318212280886939,-0.5432446960975704,0.04296875
162.42707117852976,0.03507700611869107,-0.04318323380147785,-0.5434123099017817,0.03515625
162.46707784630772,0.03505949760325851,-0.04318433984806843,-0.5435798621973753,0.046875
162.50708451408568,0.03504199308886867,-0.04318544016420281,-0.5437473530069228,0.05078125
162.54709118186366,0.03502449316322084,-0.04318653402825347,-0.5439147823529876,0.0546875
162.58709784964162,0.03500699573590557,-0.04318762347657285,-0.5440821502581246,0.02734375
162.62710451741958,0.0349895002361648,-0.04318870914599162,-0.5442494567448803,0.07421875
162.66711118519754,0.03497200679013587,-0.04318979098447603,-0.5444167018357936,0.03515625
162.7071178529755,0.034954515656831116,-0.043190868801462945,-0.5445838855533945,0.05859375
162.74712452075346,0.03493702724148667,-0.043191942238984746,-0.5447510079202054,0.03515625
162.78713118853142,0.034919542106542495,-0.04319301074218817,-0.5449180689587393,0.046875
162.82713785630938,0.034902060981462146,-0.04319407352829878,-0.545085068691502,0.04296875
162.86714452408737,0.03488458444956587,-0.04319512988273709,-0.5452520071409905,0.08203125
162.90715119186532,0.034867110414622655,-0.04319618183992612,-0.545418884329694,0.05078125
162.94715785964328,0.03484963831240624,-0.04319723002772864,-0.5455857002800926,0.07421875
162.98716452742124,0.0348321682694165,-0.043198274394011256,-0.5457524550146589,0.03125
163.0271711951992,0.03481470054516651,-0.04319931474848866,-0.5459191485558572,0.05078125
163.06717786297716,0.03479723554556503,-0.04320035073391428,-0.5460857809261432,0.0625
163.10718453075512,0.03477977383393471,-0.04320138179666097,-0.546252352147965,0.06640625
163.1471911985331,0.034762316140876034,-0.043202407155746705,-0.5464188622437618,0.046875
163.18719786631107,0.03474486304538459,-0.04320342610356255,-0.5465853112359643,0.04296875
163.22720453408903,0.034727412445464234,-0.043204440672521556,-0.5467516991469961,0.0625
163.26721120186698,0.034709963783396976,-0.043205451481603915,-0.5469180259992715,0.07421875
163.30721786964494,0.03469251718604535,-0.0432064584785786,-0.5470842918151975,0.05859375
163.3472245374229,0.03467507291342237,-0.043207461473440206,-0.5472504966171718,0.07421875
163.38723120520086,0.034657631372068336,-0.043208460109696714,-0.5474166404275849,0.046875
163.42723787297885,0.03464019312630459,-0.04320945383485355,-0.5475827232688187,0.04296875
163.4672445407568,0.0346227589077026,-0.04321044186985244,-0.5477487451632462,0.06640625
163.50725120853477,0.03460532929103684,-0.04321142351393883,-0.5479147061332339,0.0390625
163.54725787631273,0.03458790216847728,-0.043212400797536424,-0.5480806062011381,0.04296875
163.5872645440907,0.034570476988949765,-0.04321337433069996,-0.548246445389308,0.05859375
163.62727121186865,0.034553053879522365,-0.04321434406122868,-0.5484122237200844,0.05078125
163.6672778796466,0.03453563310086452,-0.04321530979927344,-0.5485779412158002,0.05078125
163.70728454742456,0.03451821506006762,-0.04321627118916137,-0.5487435978987796,0.05859375
163.74729121520255,0.03450080032236902,-0.04321722767959673,-0.5489091937913388,0.07421875
163.7872978829805,0.03448338962046718,-0.04321817849331757,-0.5490747289157858,0.04296875
163.82730455075847,0.034465983524694904,-0.04321912293656746,-0.5492402032944206,0.05859375
163.86731121853643,0.03444857992163963,-0.043220063037545484,-0.5494056169495349,0.05078125
163.9073178863144,0.03443117826669088,-0.04322099939759087,-0.5495709699034118,0.0390625
163.94732455409235,0.034413778687279524,-0.04322193196440891,-0.549736262178327,0.04296875
163.9873312218703,0.03439638144457343,-0.04322286054843495,-0.5499014937965476,0.05078125
164.0273378896483,0.03437898694633221,-0.04322378479472168,-0.550066664780333,0.046875
164.06734455742625,0.034361595758663765,-0.04322470415320831,-0.5502317751519328,0.0546875
164.1073512252042,0.03434420861539236,-0.043225617848428335,-0.5503968249335905,0.05078125
164.14735789298217,0.034326826082308574,-0.043226525193669825,-0.5505618141475405,0.0703125
164.18736456076013,0.034309446040628605,-0.04322742821470637,-0.5507267428160091,0.08984375
164.2273712285381,0.03429206795202513,-0.043228327504369654,-0.5508916109612142,0.0625
164.26737789631605,0.034274691944449195,-0.04322922301014837,-0.5510564186053661,0.046875
164.307384564094,0.03425731827940904,-0.04323011454288911,-0.5512211657706665,0.02734375
164.347391231872,0.0342399473654869,-0.04323100174824834,-0.5513858524793092,0.06640625
164.38739789964995,0.0342225797695041,-0.043231884077523965,-0.5515504787534792,0.0390625
164.4274045674279,0.034205216226560455,-0.04323276075692486,-0.5517150446153547,0.04296875
164.46741123520587,0.03418785729776641,-0.04323363110685853,-0.5518795500871045,0.0625
164.50741790298383,0.03417050085898214,-0.043234497150629596,-0.5520439951908901,0.07421875
164.5474245707618,0.03415314637829721,-0.04323535947251974,-0.5522083799488638,0.046875
164.58743123853975,0.034135793984025595,-0.043236218019928295,-0.5523727043831711,0.05078125
164.62743790631774,0.03411844393817344,-0.04323707260398911,-0.5525369685159487,0.05078125
164.6674445740957,0.034101096649983356,-0.043237922871092106,-0.5527011723693251,0.02734375
164.70745124187366,0.03408375268714751,-0.043238768273768095,-0.5528653159654209,0.0390625
164.74745790965162,0.034066412785878505,-0.04323960804002891,-0.5530293993263486,0.0390625
164.78746457742957,0.03404907750266447,-0.04324044149732123,-0.5531934224742123,0.0234375
164.82747124520753,0.0340317447080642,-0.043241270666406435,-0.553357385431108,0.05859375
164.8674779129855,0.034014413876560325,-0.04324209612309846,-0.5535212882191242,0.06640625
164.90748458076348,0.033997085136791616,-0.04324291781473961,-0.5536851308603407,0.0546875
164.94749124854144,0.03397975875137503,-0.04324373555266361,-0.5538489133768291,0.0390625
164.9874979163194,0.03396243513006075,-0.0432445489841143,-0.5540126357906532,0.046875
165.02750458409736,0.03394511484156189,-0.04324535756273707,-0.5541762981238687,0.05859375
165.06751125187532,0.033927798623043154,-0.043246160518471105,-0.5543399003985232,0.0546875
165.10751791965328,0.03391048702646748,-0.043246957185691784,-0.5545034426366562,0.05078125
165.14752458743123,0.03389317791702925,-0.04324774958263597,-0.5546669248602991,0.05078125
165.1875312552092,0.03387587077573745,-0.0432485382766086,-0.5548303470914752,0.0546875
165.22753792298718,0.03385856573147593,-0.04324932321495924,-0.5549937093521999,0.0390625
165.26754459076514,0.033841263047396236,-0.04325010420928324,-0.5551570116644798,0.03515625
165.3075512585431,0.03382396313390842,-0.043250880907558735,-0.5553202540503144,0.03125
165.34755792632106,0.03380666656058719,-0.04325165276467081,-0.5554834365316943,0.06640625
165.38756459409902,0.033789374065702336,-0.043252419012363624,-0.5556465591306031,0.0625
165.42757126187698,0.033772086196474004,-0.04325317899207794,-0.5558096218690152,0.0546875
165.46757792965494,0.03375480081298414,-0.0432539347192982,-0.5559726247688972,0.04296875
165.50758459743292,0.033737517402587486,-0.04325468675302502,-0.5561355678522081,0.02734375
165.54759126521088,0.033720236094527845,-0.04325543504052696,-0.5562984511408984,0.05078125
165.58759793298884,0.03370295715245436,-0.04325617939369149,-0.5564612746569109,0.0390625
165.6276046007668,0.03368568098743406,-0.043256919461233764,-0.55662403842218,0.0390625
165.66761126854476,0.03366840816990025,-0.04325765469928037,-0.5567867424586321,0.05859375
165.70761793632272,0.0336511394392234,-0.04325838434138224,-0.556949386788186,0.0625
165.74762460410068,0.0336338753377812,-0.043259107736088175,-0.5571119714327519,0.05859375
165.78763127187867,0.03361661372075727,-0.04325982689593463,-0.5572744964142321,0.0546875
165.82763793965663,0.03359935408166584,-0.04326054237182486,-0.5574369617545214,0.06640625
165.86764460743458,0.03358209655027445,-0.04326125411082112,-0.5575993674755055,0.04296875
165.90765127521254,0.0335648413905674,-0.043261961925230616,-0.557761713599063,0.03515625
165.9476579429905,0.03354758901442534,-0.04326266546438447,-0.5579240001470641,0.015625
165.98766461076846,0.03353033999297974,-0.04326336418577467,-0.558086227141371,0.06640625
166.02767127854642,0.03351309506685465,-0.04326405732463853,-0.558248394603838,0.07421875
166.06767794632438,0.033495854773446465,-0.043264744236705566,-0.558410502556311,0.046875
166.10768461410237,0.03347861696305593,-0.043265426931524464,-0.5585725510206285,0.05078125
166.14769128188033,0.033461381135492387,-0.043266105951856586,-0.5587345400186204,0.046875
166.1876979496583,0.033444147420886645,-0.04326678124468526,-0.558896469572109,0.06640625
166.22770461743625,0.03342691608371584,-0.04326745262261593,-0.5590583397029086,0.03515625
166.2677112852142,0.03340968753651491,-0.043268119735720235,-0.559220150432825,0.03515625
166.30771795299216,0.033392462351267804,-0.04326878204273477,-0.5593819017836563,0.03515625
166.34772462077012,0.03337524126969053,-0.04326943878070747,-0.5595435937771928,0.03515625
166.3877312885481,0.033358024824256864,-0.04327008931246719,-0.5597052264352169,0.03515625
166.42773795632607,0.033340810860437636,-0.04327073564450665,-0.5598667997795022,0.03515625
166.46774462410403,0.03332359888431556,-0.043271378311523216,-0.5600283138318148,0.06640625
166.507751291882,0.03330638902634418,-0.04327201726045462,-0.5601897686139131,0.0625
166.54775795965995,0.03328918155161068,-0.04327265230411552,-0.5603511641475475,0.046875
166.5877646274379,0.03327197687314509,-0.04327328309344122,-0.56051250045446,0.05078125
166.62777129521587,0.03325477556393825,-0.04327390908829361,-0.5606737775563846,0.0390625
166.66777796299385,0.033237578366637224,-0.04327452952765308,-0.5608349954750481,0.0625
166.7077846307718,0.03322038580888618,-0.04327514378134123,-0.5609961542321681,0.0625
166.74779129854977,0.033203195731270806,-0.04327575385281004,-0.5611572538494554,0.0625
166.78779796632773,0.03318600764627485,-0.04327636026865563,-0.5613182943486118,0.0390625
166.8278046341057,0.03316882168459711,-0.04327696297583139,-0.561479275751332,0.0390625
166.86781130188365,0.03315163811185523,-0.0432775617874244,-0.5616401980793024,0.05078125
166.9078179696616,0.0331344573417298,-0.04327815635511376,-0.5618010613542015,0.03515625
166.94782463743957,0.03311727994805816,-0.043278746140010094,-0.5619618655976993,0.02734375
166.98783130521755,0.03310010667457042,-0.0432793303829072,-0.5621226108314594,0.05078125
167.0278379729955,0.03308293804386656,-0.04327990846074893,-0.5622832970771352,0.03515625
167.06784464077347,0.033065771891897466,-0.04328048237372794,-0.5624439243563739,0.03515625
167.10785130855143,0.03304860773736596,-0.04328105264053929,-0.562604492690814,0.05078125
167.1478579763294,0.03303144571133412,-0.04328161920806312,-0.5627650021020867,0.04296875
167.18786464410735,0.033014286079909874,-0.04328218188969121,-0.5629254526118141,0.05078125
167.2278713118853,0.032997129257422556,-0.04328274033784846,-0.5630858442416118,0.05859375
167.2678779796633,0.03297997581855397,-0.043283294014895064,-0.5632461770130865,0.05078125
167.30788464744126,0.03296282650810962,-0.04328384216344244,-0.563406450947837,0.02734375
167.34789131521921,0.03294568184354895,-0.04328438416759433,-0.5635666660674545,0.05859375
167.38789798299717,0.03292853965640139,-0.04328492202409605,-0.5637268223935223,0.0859375
167.42790465077513,0.032911399471405506,-0.043285456243940736,-0.5638869199476158,0.03515625
167.4679113185531,0.032894261420144094,-0.04328598677381764,-0.5640469587513022,0.0546875
167.50791798633105,0.03287712576905706,-0.0432865134275449,-0.5642069388261405,0.05078125
167.547924654109,0.03285999293327815,-0.04328703585817539,-0.5643668601936827,0.08984375
167.587931321887,0.032842863488171926,-0.0432875535294412,-0.5645267228754722,0.03515625
167.62793798966496,0.03282573817977565,-0.04328806568565089,-0.564686526893045,0.04296875
167.66794465744292,0.032808617520265905,-0.043288571718139886,-0.5648462722679286,0.046875
167.70795132522088,0.03279149933676977,-0.043289073620167644,-0.5650059590216427,0.03125
167.74795799299883,0.03277438316019278,-0.043289571894984044,-0.5651655871756995,0.03125
167.7879646607768,0.03275726912248106,-0.04329006648920974,-0.5653251567516029,0.046875
167.82797132855475,0.03274015749056307,-0.04329055721697102,-0.5654846677708498,0.0390625
167.86797799633274,0.03272304868021862,-0.043291043732069934,-0.565644120254928,0.0546875
167.9079846641107,0.03270594326764636,-0.04329152549949457,-0.5658035142253178,0.046875
167.94799133188866,0.03268884199995658,-0.043292001765369834,-0.5659628497034919,0.0390625
167.98799799966662,0.032671745384099775,-0.04329247192818306,-0.566122126710915,0.05078125
168.02800466744458,0.03265465124285817,-0.043292937977640555,-0.5662813452690438,0.03125
168.06801133522254,0.032637559113277904,-0.04329340040932746,-0.5664405053993276,0.04296875
168.1080180030005,0.03262046912762906,-0.04329385916982753,-0.5665996071232069,0.04296875
168.14802467077848,0.03260338155344699,-0.043294314073487446,-0.5667586504621154,0.05078125
168.18803133855644,0.03258629680699392,-0.04329476477498225,-0.5669176354374783,0.0390625
168.2280380063344,0.03256921546546338,-0.04329521074043417,-0.5670765620707126,0.0546875
168.26804467411236,0.03255213827687257,-0.043295651217907946,-0.5672354303832281,0.03515625
168.30805134189032,0.03253506574304414,-0.04329608561293249,-0.5673942403964269,0.02734375
168.34805800966828,0.032517995682355194,-0.04329651591168285,-0.5675529921317026,0.03515625
168.38806467744624,0.03250092763812336,-0.04329694260203933,-0.5677116856104412,0.0234375
168.4280713452242,0.03248386174286384,-0.04329736563060986,-0.5678703208540211,0.0390625
168.46807801300218,0.032466798264638205,-0.043297784812023954,-0.5680288978838126,0.0625
168.50808468078014,0.03244973762034996,-0.043298199801709944,-0.5681874167211776,0.078125
168.5480913485581,0.03243268038802376,-0.043298610067047584,-0.5683458773874716,0.04296875
168.58809801633606,0.03241562731673776,-0.043299014857923104,-0.5685042799040408,0.0703125
168.62810468411402,0.03239857890296913,-0.04329941358703451,-0.5686626242922248,0.03515625
168.66811135189198,0.0323815329609447,-0.04329980823681114,-0.5688209105733542,0.04296875
168.70811801966994,0.03236448904006921,-0.043300199287625074,-0.5689791387687526,0.05078125
168.74812468744793,0.03234744727322218,-0.043300586686020444,-0.5691373088997357,0.05078125
168.7881313552259,0.03233040792894797,-0.04330097024694381,-0.5692954209876107,0.07421875
168.82813802300385,0.03231337142479261,-0.04330134962657622,-0.5694534750536776,0.03515625
168.8681446907818,0.032296338339568416,-0.04330172429358681,-0.5696114711192288,0.0546875
168.90815135855976,0.03227930942352826,-0.04330209349959683,-0.5697694092055482,0.03515625
168.94815802633772,0.032262285167585926,-0.043302456664599,-0.5699272893339122,0.03125
168.98816469411568,0.03224526338207335,-0.0433028157670647,-0.5700851115255896,0.046875
169.02817136189367,0.032228243622298716,-0.043303171280051726,-0.5702428758018414,0.06640625
169.06817802967163,0.03221122602165911,-0.04330352314992847,-0.5704005821839202,0.0625
169.1081846974496,0.03219421084902963,-0.043303871192072824,-0.5705582306930712,0.0546875
169.14819136522755,0.03217719852275027,-0.043304215063306485,-0.5707158213505321,0.03515625
169.1881980330055,0.032160189622340185,-0.043304554233647256,-0.5708733541775325,0.0234375
169.22820470078346,0.0321431848991438,-0.043304887956512175,-0.571030829195294,0.08984375
169.26821136856142,0.03212618483860879,-0.04330521565907845,-0.5711882464250307,0.03125
169.30821803633938,0.0321091872471126,-0.04330553931588339,-0.5713456058879494,0.03125
169.34822470411737,0.032092191685996,-0.043305859392630625,-0.571502907605248,0.0625
169.38823137189533,0.032075198289019266,-0.04330617583563012,-0.571660151598117,0.04296875
169.4282380396733,0.03205820732554169,-0.04330648846057778,-0.5718173378877396,0.0546875
169.46824470745125,0.03204121921453884,-0.04330679692505466,-0.571974466495291,0.0546875
169.5082513752292,0.03202423453635177,-0.04330710070034071,-0.5721315374419386,0.03125
169.54825804300717,0.032007254043372665,-0.0433073990416797,-0.5722885507488419,0.0625
169.58826471078513,0.031990278215522895,-0.04330769138344075,-0.5724455064371529,0.046875
169.6282713785631,0.031973304855324694,-0.043307979696133106,-0.5726024045280157,0.03125
169.66827804634107,0.03195633353012051,-0.04330826443818523,-0.5727592450425665,0.046875
169.70828471411903,0.03193936437399766,-0.04330854555587736,-0.5729160280019335,0.04296875
169.748291381897,0.031922397656915805,-0.04330882286513906,-0.5730727534272383,0.06640625
169.78829804967495,0.03190543379832666,-0.04330909602442872,-0.5732294213395934,0.046875
169.8283047174529,0.03188847337954764,-0.04330936450617404,-0.5733860317601042,0.0625
169.86831138523087,0.031871517153856714,-0.043309627567563146,-0.5735425847098683,0.05078125
169.90831805300883,0.031854565595746245,-0.04330988465004802,-0.5736990802099756,0.02734375
169.94832472078681,0.03183761650382311,-0.04331013772013421,-0.5738555182815083,0.046875
169.98833138856477,0.03182066945156441,-0.04331038722893303,-0.5740118989455403,0.03125
170.02833805634273,0.031803724573302376,-0.04331063312275717,-0.5741682222231387,0.046875
170.0683447241207,0.03178678213951851,-0.043310875217829475,-0.5743244881353622,0.03515625
170.10835139189865,0.03176984257029623,-0.0433111131733709,-0.5744806967032619,0.0703125
170.1483580596766,0.03175290644776877,-0.04331134646307518,-0.5746368479478813,0.04296875
170.18836472745457,0.031735974526252944,-0.043311574345959794,-0.5747929418902558,0.03125
170.22837139523256,0.03171904727459546,-0.04331179627068179,-0.5749489785514141,0.05078125
170.26837806301052,0.031702122487740896,-0.04331201419953754,-0.5751049579523762,0.0546875
170.30838473078848,0.031685199745118506,-0.04331222857651099,-0.5752608801141545,0.05078125
170.34839139856643,0.031668279181422565,-0.04331243934786286,-0.5754167450577538,0.04296875
170.3883980663444,0.03165136106761604,-0.04331264633014037,-0.5755725528041713,0.046875
170.42840473412235,0.031634445824412244,-0.04331284918332882,-0.5757283033743963,0.04296875
170.4684114019003,0.031617534034717634,-0.043313047382418424,-0.5758839967894108,0.046875
170.5084180696783,0.03160062645400281,-0.043313240188170454,-0.5760396330701889,0.03515625
170.54842473745626,0.031583723545246634,-0.04331342705657144,-0.5761952122376967,0.03125
170.58843140523422,0.03156682309999439,-0.043313609945498065,-0.5763507343128931,0.03125
170.62843807301218,0.03154992470343738,-0.04331378929200051,-0.5765061993167286,0.05859375
170.66844474079014,0.03153302849079039,-0.04331396504217394,-0.5766616072701469,0.03515625
170.7084514085681,0.03151613473333948,-0.04331413701300666,-0.5768169581940834,0.03515625
170.74845807634605,0.031499243852583424,-0.043314304865135426,-0.5769722521094662,0.03125
170.788464744124,0.03148235643212007,-0.04331446807490573,-0.577127489037215,0.0546875
170.828471411902,0.03146547322848947,-0.043314625904882956,-0.5772826689982431,0.0390625
170.86847807967996,0.03144859469890333,-0.04331477781827091,-0.5774377920134546,0.0390625
170.90848474745792,0.031431718631446046,-0.04331492576855456,-0.5775928581037472,0.046875
170.94849141523588,0.031414844617200954,-0.04331507018580928,-0.5777478672900102,0.04296875
170.98849808301384,0.03139797279174581,-0.04331521101608205,-0.5779028195931255,0.046875
171.0285047507918,0.03138110342684633,-0.04331534807668887,-0.5780577150339674,0.05859375
171.06851141856976,0.031364236944627304,-0.04331548102903497,-0.5782125536334023,0.05859375
171.10851808634774,0.031347373929494146,-0.04331560935073567,-0.5783673354122894,0.05859375
171.1485247541257,0.031330515139009314,-0.04331573230619305,-0.5785220603914794,0.03125
171.18853142190366,0.03131366102456039,-0.043315849365831285,-0.5786767285918162,0.06640625
171.22853808968162,0.03129680937086924,-0.04331596247865528,-0.5788313400341358,0.05859375
171.26854475745958,0.03127995977488248,-0.04331607206784043,-0.5789858947392663,0.05078125
171.30855142523754,0.031263112372501345,-0.0433161780794158,-0.5791403927280283,0.03515625
171.3485580930155,0.03124626743608845,-0.043316280330941835,-0.579294834021235,0.0390625
171.38856476079349,0.03122942538823623,-0.04331637848470702,-0.5794492186396918,0.05078125
171.42857142857144,0.031212586814307792,-0.043316472019487524,-0.5796035466041959,0.05859375
171.4685780963494,0.031195752472732423,-0.04331656020163259,-0.5797578179355378,0.046875
171.50858476412736,0.03117892280916676,-0.04331664250868126,-0.5799120326545002,0.046875
171.54859143190532,0.031162095604913315,-0.04331672088518288,-0.5800661907818575,0.03125
171.58859809968328,0.031145270462910497,-0.043316795747373696,-0.5802202923383772,0.03125
171.62860476746124,0.03112844751930413,-0.04331686704132353,-0.5803743373448188,0.04296875
171.6686114352392,0.0311116270469741,-0.0433169345848964,-0.580528325821934,0.05078125
171.7086181030172,0.031094809469134933,-0.04331699804115238,-0.5806822577904678,0.03515625
171.74862477079515,0.031077995371950058,-0.04331705689014205,-0.5808361332711562,0.05859375
171.7886314385731,0.031061185514865534,-0.04331711040005147,-0.5809899522847289,0.03515625
171.82863810635106,0.031044380337590383,-0.04331715805565245,-0.581143714851907,0.03515625
171.86864477412902,0.031027577618265228,-0.04331720179683729,-0.5812974209934045,0.03515625
171.90865144190698,0.031010776965633483,-0.04331724203309102,-0.5814510707299281,0.0234375
171.94865810968494,0.03099397851620364,-0.04331727871044076,-0.5816046640821759,0.04296875
171.98866477746293,0.03097718254333358,-0.04331731164708377,-0.5817582010708396,0.0390625
172.0286714452409,0.03096038947085482,-0.04331734050685585,-0.5819116817166027,0.03515625
172.06867811301885,0.030943599885691776,-0.04331736477110939,-0.5820651060401411,0.046875
172.1086847807968,0.030926814548419942,-0.043317383709785086,-0.5822184740621228,0.0390625
172.14869144857477,0.03091003389258311,-0.043317396815004246,-0.5823717858032088,0.05078125
172.18869811635273,0.030893255693417693,-0.043317406021803034,-0.5825250412840526,0.0390625
172.22870478413068,0.03087647956528498,-0.043317411733101246,-0.5826782405252995,0.03125
172.26871145190867,0.030859705645214796,-0.043317413894772186,-0.5828313835475876,0.04296875
172.30871811968663,0.03084293420688014,-0.043317412325463656,-0.582984470371547,0.0546875
172.3487247874646,0.030826165674891604,-0.043317406689672086,-0.5831375010178013,0.0390625
172.38873145524255,0.030809400636848415,-0.04331739647011226,-0.5832904755069652,0.046875
172.4287381230205,0.0307926398543734,-0.04331738093853702,-0.5834433938596468,0.0546875
172.46874479079847,0.03077588375494253,-0.04331735959430787,-0.583596256096446,0.03125
172.50875145857643,0.0307591301108308,-0.043317334367632,-0.5837490622379562,0.0234375
172.5487581263544,0.030742378542145316,-0.04331730565482427,-0.5839018123047616,0.046875
172.58876479413237,0.030725629186278414,-0.043317273401719786,-0.58405450631744,0.05078125
172.62877146191033,0.03070888231737806,-0.043317237427303715,-0.5842071442965613,0.03515625
172.6687781296883,0.030692138360671212,-0.04331719739684988,-0.5843597262626883,0.04296875
172.70878479746625,0.030675397904548075,-0.04331715279435187,-0.5845122522363755,0.0390625
172.7487914652442,0.03065866171163488,-0.04331710289340422,-0.5846647222381702,0.046875
172.78879813302217,0.030641930203279846,-0.043317047200612066,-0.5848171362886125,0.0390625
172.82880480080013,0.03062520114889706,-0.043316987641268595,-0.5849694944082344,0.05078125
172.86881146857812,0.030608474174310597,-0.04331692460515576,-0.5851217966175613,0.0390625
172.90881813635608,0.030591749417232528,-0.04331685803810264,-0.5852740429371094,0.078125
172.94882480413403,0.03057502715240635,-0.043316787759347844,-0.585426233387389,0.0390625
172.988831471912,0.030558307805514683,-0.0433167134350565,-0.5855783679889018,0.0390625
173.02883813968995,0.030541591965893195,-0.043316634550391336,-0.5857304467621429,0.0390625
173.0688448074679,0.030524880397009582,-0.04331655038090117,-0.585882469727599,0.046875
173.10885147524587,0.03050817351418178,-0.04331646044032667,-0.5860344369057497,0.03125
173.14885814302383,0.030491469083906222,-0.043316366649073845,-0.5861863483170674,0.0546875
173.18886481080182,0.030474766737850253,-0.04331626939035407,-0.5863382039820164,0.046875
173.22887147857978,0.03045806661397006,-0.04331616861004525,-0.5864900039210539,0.0546875
173.26887814635774,0.030441368987521634,-0.043316064127699797,-0.5866417481546294,0.05078125
173.3088848141357,0.030424674284800026,-0.04331595561026332,-0.5867934367031846,0.06640625
173.34889148191365,0.03040798309592564,-0.043315842544181,-0.5869450695871544,0.05859375
173.3888981496916,0.030391296185360753,-0.04331572420684573,-0.5870966468269657,0.0546875
173.42890481746957,0.030374613962175487,-0.04331560011924791,-0.5872481684430381,0.0859375
173.46891148524756,0.030357934190208217,-0.04331547219671073,-0.5873996344557839,0.06640625
173.50891815302552,0.030341256506778453,-0.04331534081606074,-0.5875510448856067,0.04296875
173.54892482080348,0.03032458105020771,-0.043315205923140816,-0.5877023997529044,0.0390625
173.58893148858144,0.03030790809622309,-0.04331506733784773,-0.587853699078066,0.01953125
173.6289381563594,0.030291238071730096,-0.04331492472790928,-0.5880049428814741,0.03515625
173.66894482413736,0.030274571567591363,-0.04331477758108227,-0.5881561311835032,0.0625
173.70895149191531,0.03025790934937749,-0.043314625176522445,-0.5883072640045205,0.05078125
173.7489581596933,0.03024125181969436,-0.04331446704258152,-0.5884583413648856,0.0390625
173.78896482747126,0.03022459673997672,-0.04331430508931029,-0.5886093632849505,0.0390625
173.82897149524922,0.0302079437530145,-0.04331413968732748,-0.5887603297850601,0.0234375
173.86897816302718,0.03019129299764776,-0.04331397078233619,-0.5889112408855515,0.02734375
173.90898483080514,0.030174644749917233,-0.043313798194688426,-0.5890620966067548,0.03125
173.9489914985831,0.030157999437494455,-0.043313621592786226,-0.5892128969689923,0.046875
173.98899816636106,0.030141357651902404,-0.04331344046575421,-0.5893636419925786,0.0390625
174.02900483413902,0.03012472015973678,-0.043313254094567905,-0.5895143316978213,0.05859375
174.069011501917,0.03010808735723577,-0.043313062014832364,-0.5896649661050202,0.03515625
174.10901816969496,0.030091457003377578,-0.04331286613135245,-0.5898155452344682,0.015625
174.14902483747292,0.030074828746546052,-0.04331266680850221,-0.58996606910645,0.046875
174.18903150525088,0.03005820272594322,-0.04331246399195655,-0.5901165377412434,0.0625
174.22903817302884,0.030041579218079983,-0.04331225750241427,-0.5902669511591183,0.046875
174.2690448408068,0.030024958651234397,-0.043312047009063645,-0.5904173093803375,0.05859375
174.30905150858476,0.030008341617704853,-0.043311832002316,-0.5905676124251568,0.046875
174.34905817636275,0.029991728885069367,-0.04331161176499486,-0.5907178603138235,0.046875
174.3890648441407,0.02997512084313534,-0.04331138583996227,-0.5908680530665783,0.0390625
174.42907151191866,0.029958515248489845,-0.04331115612672125,-0.5910181907036542,0.0390625
174.46907817969662,0.02994191175519675,-0.04331092298339107,-0.5911682732452769,0.04296875
174.50908484747458,0.029925310502662318,-0.043310686355729336,-0.5913183007116645,0.0390625
174.54909151525254,0.02990871176802422,-0.04331044606467473,-0.5914682731230277,0.0234375
174.5890981830305,0.029892115980007544,-0.043310201780312245,-0.5916181904995701,0.0234375
174.6291048508085,0.02987552373184152,-0.04330995299423199,-0.5917680528614875,0.0625
174.66911151858645,0.029858935791920213,-0.04330969899121856,-0.5919178602289683,0.03125
174.7091181863644,0.029842352543724412,-0.0433094393212789,-0.5920676126221938,0.01953125
174.74912485414237,0.029825771741468728,-0.04330917587859114,-0.5922173100613372,0.05078125
174.78913152192032,0.029809193044788185,-0.04330890901514451,-0.5923669525665654,0.04296875
174.82913818969828,0.029792616593450647,-0.04330863867667188,-0.5925165401580367,0.0625
174.86914485747624,0.02977604266506201,-0.04330836468446295,-0.592666072855903,0.0234375
174.9091515252542,0.029759471688949938,-0.04330808670939196,-0.5928155506803083,0.046875
174.9491581930322,0.029742904259112798,-0.04330780424433933,-0.5929649736513893,0.03125
174.98916486081015,0.029726341144917033,-0.0433075165759406,-0.5931143417892757,0.03515625
175.0291715285881,0.02970978272329623,-0.043307223261459714,-0.5932636551140887,0.02734375
175.06917819636607,0.029693226746313726,-0.043306926189587994,-0.5934129136459434,0.046875
175.10918486414403,0.029676672879104866,-0.04330662570628202,-0.5935621174049467,0.0390625
175.14919153192199,0.029660121261798983,-0.043306321757251895,-0.5937112664111985,0.046875
175.18919819969994,0.029643572172469216,-0.04330601416414025,-0.5938603606847912,0.05078125
175.22920486747793,0.029627026041044918,-0.0433057025986115,-0.5940094002458102,0.0625
175.2692115352559,0.029610483462247823,-0.043305386554867105,-0.5941583851143326,0.0390625
175.30921820303385,0.02959394520653371,-0.043305065321311925,-0.594307315310429,0.05078125
175.3492248708118,0.029577411644070538,-0.04330473846257556,-0.594456190854162,0.03515625
175.38923153858977,0.029560880525030128,-0.04330440786167633,-0.5946050117655879,0.0625
175.42923820636773,0.029544351519858923,-0.043304073858715555,-0.594753778064754,0.04296875
175.4692448741457,0.029527824769205104,-0.04330373639927501,-0.594902489771702,0.046875
175.50925154192367,0.02951130055145165,-0.04330339530545883,-0.5950511469064648,0.046875
175.54925820970163,0.02949477929728079,-0.04330305024961894,-0.5951997494890688,0.03515625
175.5892648774796,0.02947826160206218,-0.043302700727328315,-0.595348297539533,0.03125
175.62927154525755,0.029461748237253407,-0.04330234602881977,-0.5954967910778683,0.05078125
175.6692782130355,0.029445239566355755,-0.04330198572597955,-0.5956452301240795,0.03125
175.70928488081347,0.029428733337594236,-0.043301621696183436,-0.5957936146981628,0.0390625
175.74929154859143,0.029412229226852167,-0.04330125427363873,-0.5959419448201078,0.01953125
175.7892982163694,0.02939572737513885,-0.04330088340390882,-0.5960902205098969,0.05859375
175.82930488414738,0.029379228061302526,-0.04330050890945408,-0.5962384417875046,0.0390625
175.86931155192534,0.029362731716622015,-0.043300130463421224,-0.5963866086728983,0.0546875
175.9093182197033,0.029346238937226727,-0.04329974756267766,-0.5965347211860383,0.046875
175.94932488748125,0.029329750495533276,-0.043299359499311664,-0.5966827793468772,0.05078125
175.9893315552592,0.029313266748316573,-0.043298965852465725,-0.5968307831753602,0.01953125
176.02933822303717,0.029296785441917987,-0.043298568493822714,-0.5969787326914259,0.0390625
176.06934489081513,0.02928030625774377,-0.04329816775168501,-0.5971266279150049,0.03515625
176.10935155859312,0.02926382933700776,-0.043297763571705464,-0.5972744688660212,0.046875
176.14935822637108,0.029247354959176727,-0.04329735577659815,-0.5974222555643904,0.05078125
176.18936489414904,0.029230883555969846,-0.04329694404041052,-0.5975699880300217,0.03515625
176.229371561927,0.029214415724429524,-0.04329652786120035,-0.5977176662828166,0.05078125
176.26937822970496,0.029197952237769435,-0.04329610653301898,-0.5978652903426692,0.0390625
176.30938489748291,0.029181493446136027,-0.043295679642157935,-0.5980128602294665,0.05078125
176.34939156526087,0.029165037094010977,-0.04329524905458404,-0.5981603759630886,0.0390625
176.38939823303883,0.029148582868212397,-0.04329481509281709,-0.5983078375634077,0.05859375
176.42940490081682,0.029132130910314975,-0.043294377702495,-0.5984552450502888,0.06640625
176.46941156859478,0.029115681500248708,-0.04329393670669224,-0.5986025984435899,0.04296875
176.50941823637274,0.02909923507032538,-0.04329349178025402,-0.5987498977631608,0.0546875
176.5494249041507,0.029082792218340817,-0.04329304242253598,-0.5988971430288459,0.02734375
176.58943157192866,0.029066353718458858,-0.0432925879294471,-0.5990443342604801,0.0390625
176.62943823970662,0.029049919913980364,-0.04329212789453343,-0.5991914714778928,0.0234375
176.66944490748457,0.029033488547748284,-0.04329166417789043,-0.5993385547009051,0.0546875
176.70945157526256,0.029017059311921944,-0.043291197096349425,-0.5994855839493312,0.01953125
176.74945824304052,0.029000632348433367,-0.04329072659553762,-0.5996325592429778,0.0390625
176.78946491081848,0.028984207937638645,-0.04329025249891581,-0.5997794806016445,0.0546875
176.82947157859644,0.028967786512557214,-0.043289774482050264,-0.5999263480451237,0.05078125
176.8694782463744,0.028951368671577736,-0.04328929204570152,-0.6000731615932005,0.0390625
176.90948491415236,0.028934955189967197,-0.043288804487532105,-0.6002199212656527,0.02734375
176.94949158193032,0.028918546403963824,-0.04328831140844619,-0.600366627082251,0.02734375
176.9894982497083,0.02890214005503349,-0.04328781466248745,-0.6005132790627583,0.0546875
177.02950491748626,0.028885735840482235,-0.04328731456097462,-0.6006598772269307,0.0546875
177.06951158526422,0.028869333902763222,-0.04328681104941667,-0.6008064215945172,0.0234375
177.10951825304218,0.028852934522574564,-0.04328630395171784,-0.6009529121852595,0.03515625
177.14952492082014,0.028836538133563676,-0.043285792944219616,-0.6010993490188915,0.03125
177.1895315885981,0.028820145334866317,-0.043285277528982945,-0.6012457321151402,0.015625
177.22953825637606,0.02880375690269074,-0.043284757005530985,-0.6013920614937256,0.04296875
177.26954492415402,0.028787373166310585,-0.04328423098201834,-0.6015383371743603,0.02734375
177.309551591932,0.02877099186575921,-0.04328370130646955,-0.6016845591767497,0.05078125
177.34955825970997,0.028754612703617292,-0.04328316828465048,-0.6018307275205919,0.05078125
177.38956492748792,0.02873823582269821,-0.043282631862061514,-0.6019768422255773,0.07421875
177.42957159526588,0.028721861504160215,-0.04328209186297228,-0.60212290331139,0.06640625
177.46957826304384,0.02870549018223733,-0.0432815479645275,-0.6022689107977063,0.0390625
177.5095849308218,0.02868912245680934,-0.043280999670090095,-0.6024148647041956,0.02734375
177.54959159859976,0.02867275910502124,-0.04328044628104509,-0.6025607650505198,0.03515625
177.58959826637775,0.02865640044912373,-0.04327988741279437,-0.6027066118563338,0.05078125
177.6296049341557,0.02864004422777843,-0.0432793249072987,-0.6028524051412849,0.03125
177.66961160193367,0.02862369014892891,-0.043278759064757755,-0.6029981449250135,0.03515625
177.70961826971163,0.02860733835559007,-0.04327818983077024,-0.6031438312271529,0.0546875
177.74962493748959,0.028590989129536754,-0.0432776170298689,-0.6032894640673289,0.0546875
177.78963160526754,0.02857464290543009,-0.04327704034010739,-0.6034350434651601,0.03125
177.8296382730455,0.028558300284048144,-0.04327645926604802,-0.6035805694402582,0.0390625
177.8696449408235,0.028541962043311858,-0.04327587311104224,-0.6037260420122277,0.0390625
177.90965160860145,0.02852562849854276,-0.043275281497635404,-0.6038714612006655,0.0390625
177.9496582763794,0.02850929738706199,-0.04327468626169975,-0.6040168270251618,0.03125
177.98966494415737,0.02849296842205975,-0.04327408769799097,-0.6041621395052991,0.078125
178.02967161193533,0.028476641746910725,-0.04327348575210258,-0.6043073986606532,0.03125
178.0696782797133,0.028460317643847904,-0.043272880248936864,-0.6044526045107924,0.046875
178.10968494749125,0.028443996548114952,-0.04327227086735358,-0.6045977570752776,0.02734375
178.1496916152692,0.028427679061227604,-0.04327165711322036,-0.6047428563736635,0.046875
178.1896982830472,0.028411365962034703,-0.043271038291752585,-0.6048879024254968,0.046875
178.22970495082515,0.028395057558715,-0.04327041403273811,-0.6050328952503168,0.03125
178.2697116186031,0.0283787515874677,-0.04326978616581333,-0.6051778348676563,0.03125
178.30971828638107,0.02836244776665795,-0.04326915498038153,-0.6053227212970408,0.04296875
178.34972495415903,0.028346146240020055,-0.04326852042203306,-0.6054675545579882,0.03515625
178.389731621937,0.02832984729020465,-0.04326788231606727,-0.6056123346700095,0.0390625
178.42973828971495,0.028313551353154037,-0.043267240342074374,-0.6057570616526087,0.03515625
178.46974495749294,0.028297259030962092,-0.043266594007331106,-0.6059017355252826,0.046875
178.5097516252709,0.028280971103555288,-0.04326594261881717,-0.6060463563075206,0.04296875
178.54975829304885,0.028264687871756206,-0.043265285813660195,-0.6061909240188048,0.0390625
178.5897649608268,0.0282484070709022,-0.04326462541508805,-0.6063354386786107,0.05078125
178.62977162860477,0.02823212842434239,-0.04326396170732035,-0.6064799003064066,0.03515625
178.66977829638273,0.02821585207632784,-0.04326329463584345,-0.6066243089216534,0.05078125
178.7097849641607,0.028199578309847123,-0.04326262402640676,-0.6067686645438052,0.0234375
178.74979163193865,0.02818330756146039,-0.04326194955938454,-0.6069129671923079,0.046875
178.78979829971664,0.028167040433992933,-0.043261270743361294,-0.607057216886602,0.05078125
178.8298049674946,0.028150777708290116,-0.043260586887183566,-0.6072014136461189,0.0546875
178.86981163527255,0.028134519677913337,-0.043259897635213575,-0.6073455574902846,0.04296875
178.9098183030505,0.028118264077285786,-0.04325920480430357,-0.6074896484385169,0.04296875
178.94982497082847,0.02810201063486411,-0.04325850867345181,-0.607633686510227,0.02734375
178.98983163860643,0.02808575949525853,-0.043257809188145785,-0.6077776717248188,0.02734375
179.0298383063844,0.02806951094191261,-0.04325710617450939,-0.6079216041016889,0.015625
179.06984497416238,0.028053265411963988,-0.04325639931372766,-0.6080654836602274,0.0390625
179.10985164194034,0.02803702350896291,-0.0432556881156964,-0.6082093104198163,0.05859375
179.1498583097183,0.028020786014633148,-0.043254971891153564,-0.6083530843998314,0.05078125
179.18986497749626,0.02800455321533271,-0.04325425029161592,-0.6084968056196408,0.0390625
179.22987164527422,0.027988322844517313,-0.04325352512759313,-0.6086404740986061,0.0546875
179.26987831305217,0.02797209463587463,-0.043252796672825354,-0.608784089856081,0.0390625
179.30988498083013,0.027955868734216335,-0.04325206487290496,-0.6089276529114127,0.03125
179.34989164860812,0.027939645423598333,-0.04325132955422966,-0.6090711632839413,0.02734375
179.38989831638608,0.027923425141572172,-0.04325059039890143,-0.6092146209929993,0.0390625
179.42990498416404,0.027907208492573637,-0.04324984691802292,-0.6093580260579123,0.046875
179.469911651942,0.027890996259117496,-0.04324909842427813,-0.6095013784979989,0.04296875
179.50991831971996,0.027874788720221623,-0.04324834457638441,-0.6096446783325709,0.04296875
179.54992498749792,0.027858583608635943,-0.043247587178338334,-0.6097879255809331,0.0390625
179.58993165527588,0.02784238066308749,-0.04324682649878904,-0.6099311202623823,0.05859375
179.62993832305384,0.02782618002874669,-0.04324606248333346,-0.6100742623962089,0.03515625
179.66994499083182,0.027809981990122218,-0.043245294958747835,-0.6102173520016964,0.03125
179.70995165860978,0.027793786985338048,-0.043244523607948435,-0.6103603890981204,0.0625
179.74995832638774,0.027777595619551752,-0.04324374794335033,-0.6105033737047505,0.0390625
179.7899649941657,0.02776140867618375,-0.04324296727950751,-0.6106463058408483,0.0390625
179.82997166194366,0.02774522642681342,-0.043242181282358384,-0.6107891855256687,0.0625
179.86997832972162,0.027729046603589276,-0.04324139174931917,-0.61093201277846,0.01953125
179.90998499749958,0.02771286895024342,-0.04324059894401236,-0.6110747876184623,0.015625
179.94999166527757,0.0276966936123058,-0.043239802812040644,-0.6112175100649103,0.05078125
179.98999833305552,0.02768052087469422,-0.043239003180587876,-0.61136018013703,0.05859375
180.03000500083348,0.02766435117622424,-0.043238199733308565,-0.6115027978540408,0.0390625
180.07001166861144,0.027648185122613776,-0.04323739198403305,-0.611645363235156,0.03125
180.1100183363894,0.02763202349834163,-0.04323657924908586,-0.6117878762995803,0.03515625
180.15002500416736,0.02761586656733248,-0.043235761201721574,-0.6119303370665127,0.03515625
180.19003167194532,0.02759971206139518,-0.04323493963260895,-0.6120727455551441,0.03125
180.2300383397233,0.027583559729076217,-0.04323411480050769,-0.6122151017846595,0.03125
180.27004500750127,0.027567409716417756,-0.04323328665093057,-0.6123574057742359,0.03125
180.31005167527923,0.02755126230867357,-0.04323245501151658,-0.6124996575430438,0.03125
180.35005834305719,0.02753511794526571,-0.04323161956671367,-0.6126418571102462,0.03125
180.39006501083514,0.027518977232627626,-0.04323077983166701,-0.6127840044949996,0.02734375
180.4300716786131,0.027502840956134752,-0.04322993512457388,-0.6129260997164531,0.04296875
180.47007834639106,0.027486709372155506,-0.04322908512589828,-0.6130681427937487,0.03125
180.51008501416902,0.027470580212106438,-0.043228231619596734,-0.6132101337460216,0.0390625
180.550091681947,0.027454453229469968,-0.04322737485952951,-0.6133520725924003,0.03125
180.59009834972497,0.027438328570646077,-0.04322651479122013,-0.6134939593520053,0.0390625
180.63010501750293,0.02742220652133819,-0.04322565124269106,-0.6136357940439513,0.0546875
180.6701116852809,0.027406087521534568,-0.04322478389920974,-0.6137775766873449,0.03515625
180.71011835305885,0.027389972178380996,-0.04322391227723762,-0.6139193073012866,0.03125
180.7501250208368,0.02737386127810584,-0.0432230356968707,-0.6140609859048689,0.0390625
180.79013168861476,0.027357755069580277,-0.0432221538457015,-0.6142026125171784,0.05078125
180.83013835639275,0.027341651283777177,-0.04322126850100835,-0.6143441871572937,0.0234375
180.8701450241707,0.027325549679233986,-0.043220379911717885,-0.614485709844287,0.0234375
180.91015169194867,0.027309450402554322,-0.043219488023463655,-0.6146271805972234,0.04296875
180.95015835972663,0.02729335374004629,-0.04321859266455461,-0.614768599435161,0.046875
180.9901650275046,0.02727726013210511,-0.04321769352117872,-0.6149099663771508,0.0390625
181.03017169528255,0.027261170186742942,-0.043216790111015674,-0.6150512814422368,0.046875
181.0701783630605,0.027245084690957946,-0.04321588175611091,-0.6151925446494563,0.0703125
181.1101850308385,0.027229003885987816,-0.043214968151228404,-0.6153337560178391,0.03515625
181.15019169861645,0.02721292550261959,-0.043214051066806806,-0.6154749155664083,0.03515625
181.1901983663944,0.02719684930425989,-0.043213130746997855,-0.6156160233141803,0.05859375
181.23020503417237,0.02718077543786867,-0.04321220713744992,-0.6157570792801641,0.04296875
181.27021170195033,0.027164704190201373,-0.043211280066859356,-0.6158980834833616,0.0234375
181.3102183697283,0.0271486360022154,-0.043210349222236405,-0.6160390359427688,0.06640625
181.35022503750625,0.02713257148262884,-0.04320941412258012,-0.616179936677373,0.04296875
181.3902317052842,0.027116511419323187,-0.04320847409181169,-0.6163207857061559,0.01953125
181.4302383730622,0.027100456045803512,-0.04320752883188532,-0.6164615830480921,0.0234375
181.47024504084015,0.02708440309277931,-0.04320658010633457,-0.6166023287221483,0.05078125
181.5102517086181,0.02706835232844861,-0.04320562815462539,-0.616743022747285,0.046875
181.55025837639607,0.027052303900246363,-0.04320467292234833,-0.6168836651424559,0.02734375
181.59026504417403,0.027036258095217154,-0.04320371423868739,-0.6170242559266073,0.01953125
181.630271711952,0.02702021535503562,-0.04320275179137825,-0.6171647951186788,0.0546875
181.67027837972995,0.027004176288965454,-0.04320178510083908,-0.6173052827376025,0.01171875
181.71028504750794,0.02698814168592519,-0.04320081349276891,-0.6174457188023049,0.03515625
181.7502917152859,0.02697211177146837,-0.043199836676405125,-0.6175861033317039,0.04296875
181.79029838306386,0.026956084276492355,-0.04319885640821348,-0.6177264363447115,0.046875
181.83030505084182,0.026940058973871656,-0.04319787292308577,-0.6178667178602324,0.03125
181.87031171861977,0.02692403601143729,-0.04319688616660633,-0.6180069478971644,0.0546875
181.91031838639773,0.026908015676679053,-0.043195895968349586,-0.6181471264743985,0.01171875
181.9503250541757,0.026891998411829595,-0.04319490201687714,-0.6182872536108187,0.02734375
181.99033172195365,0.026875984826852183,-0.043193903833928765,-0.618427329325302,0.046875
182.03033838973164,0.026859975711539728,-0.04319290074708189,-0.6185673536367189,0.0234375
182.0703450575096,0.026843971283596037,-0.043191892472748766,-0.6187073265639319,0.0625
182.11035172528756,0.026827969274051223,-0.04319088076036611,-0.6188472481257974,0.03515625
182.15035839306552,0.02681196946053967,-0.04318986584023878,-0.6189871183411654,0.0390625
182.19036506084348,0.026795971991248856,-0.04318884765797132,-0.6191269372288777,0.03515625
182.23037172862144,0.02677997715411272,-0.043187826043530435,-0.6192667048077699,0.03515625
182.2703783963994,0.026763985391919806,-0.043186800686305135,-0.619406421096671,0.01953125
182.31038506417738,0.026747997315330882,-0.04318577110935753,-0.619546086114402,0.0390625
182.35039173195534,0.026732013714966245,-0.043184736642170825,-0.6196856998797784,0.0390625
182.3903983997333,0.026716034800742593,-0.043183697008249144,-0.6198252624116075,0.0546875
182.43040506751126,0.02670005830376994,-0.04318265395003713,-0.6199647737286909,0.0390625
182.47041173528922,0.0266840840065639,-0.04318160769321681,-0.6201042338498224,0.01953125
182.51041840306718,0.026668112057511045,-0.043180558183511984,-0.620243642793789,0.05078125
182.55042507084514,0.02665214274514545,-0.043179505251186336,-0.6203830005793711,0.01953125
182.59043173862312,0.026636176512653445,-0.04317844858655415,-0.6205223072253423,0.02734375
182.63043840640108,0.026620213971542905,-0.04317738771390692,-0.6206615627504688,0.02734375
182.67044507417904,0.026604255913184938,-0.04317632196467897,-0.6208007671735103,0.02734375
182.710451741957,0.026588302539567878,-0.04317525106950966,-0.6209399205132197,0.04296875
182.75045840973496,0.026572351582145357,-0.043174176763693006,-0.621079022788343,0.046875
182.79046507751292,0.026556402828121148,-0.043173099268446744,-0.6212180740176189,0.01953125
182.83047174529088,0.0265404564262378,-0.04317201852951829,-0.6213570742197796,0.01953125
182.87047841306884,0.02652451266547121,-0.0431709343775675,-0.6214960234135499,0.04296875
182.91048508084683,0.0265085719895595,-0.04316984650373873,-0.6216349216176492,0.01171875
182.95049174862478,0.026492635010700535,-0.043168754433649606,-0.6217737688507881,0.04296875
182.99049841640274,0.026476702521126425,-0.0431676575006156,-0.6219125651316714,0.02734375
183.0305050841807,0.026460774714800597,-0.04316655544242616,-0.6220513104789969,0.03125
183.07051175195866,0.026444849323625844,-0.043165449987165254,-0.6221900049114556,0.07421875
183.11051841973662,0.026428926139418885,-0.043164341351671055,-0.6223286484477315,0.0234375
183.15052508751458,0.02641300531139558,-0.0431632294816443,-0.6224672411065019,0.0234375
183.19053175529257,0.02639708712881665,-0.043162114208238206,-0.6226057829064371,0.03515625
183.23053842307053,0.026381172036123723,-0.043160995223334726,-0.6227442738662002,0.05078125
183.2705450908485,0.026365260646047668,-0.043159872053972856,-0.6228827140044484,0.01171875
183.31055175862645,0.026349353751833064,-0.04315874403525499,-0.623021103339831,0.046875
183.3505584264044,0.02633345153920322,-0.043157610912207545,-0.6231594418909913,0.0390625
183.39056509418236,0.0263175517407727,-0.04315647440554993,-0.6232977296765652,0.03515625
183.43057176196032,0.026301654152856443,-0.04315533472784854,-0.6234359667151816,0.0234375
183.4705784297383,0.02628575892506594,-0.04315419182480727,-0.6235741530254639,0.02734375
183.51058509751627,0.026269866347098318,-0.043153045527980494,-0.6237122886260269,0.02734375
183.55059176529423,0.026253976863946003,-0.043151895530081766,-0.6238503735354793,0.02734375
183.5905984330722,0.026238091089022433,-0.043150741359478995,-0.6239884077724237,0.03125
183.63060510085015,0.02622220981642421,-0.04314958235315832,-0.6241263913554546,0.015625
183.6706117686281,0.02620633322373342,-0.043148418263277234,-0.6242643243031603,0.03125
183.71061843640607,0.026190459044225147,-0.04314725080322904,-0.6244022066341227,0.03515625
183.75062510418402,0.026174587078793936,-0.043146080181296016,-0.624540038366916,0.03515625
183.790631771962,0.026158717477406255,-0.04314490634321178,-0.6246778195201085,0.0234375
183.83063843973997,0.026142850530197683,-0.04314372912093157,-0.6248155501122609,0.03125
183.87064510751793,0.026126986682666976,-0.0431425482080279,-0.6249532301619273,0.015625
183.9106517752959,0.026111126549025657,-0.043141363134126906,-0.6250908596876549,0.02734375
183.95065844307385,0.026095270924061005,-0.04314017323819448,-0.6252284387079847,0.046875
183.9906651108518,0.026079419977312696,-0.043138978279414354,-0.6253659672414507,0.046875
184.03067177862977,0.026063571442665284,-0.043137779963891634,-0.6255034453065791,0.03515625
184.07067844640775,0.02604772512571438,-0.043136578495588385,-0.6256408729218906,0.02734375
184.1106851141857,0.026031881176620957,-0.04313537382036657,-0.6257782501058984,0.0390625
184.15069178196367,0.026016039886118118,-0.04313416577048737,-0.6259155768771092,0.01953125
184.19069844974163,0.02600020170012923,-0.04313295404043151,-0.6260528532540228,0.0390625
184.2307051175196,0.025984367233582273,-0.0431317381611326,-0.6261900792551324,0.01953125
184.27071178529755,0.02596853728210764,-0.04313051747344183,-0.6263272548989238,0.03125
184.3107184530755,0.02595271200698774,-0.04312929174365447,-0.626464380203877,0.03515625
184.3507251208535,0.025936889142980462,-0.04312806267043501,-0.6266014551884638,0.05078125
184.39073178863146,0.025921068500184653,-0.04312683045358232,-0.6267384798711508,0.05859375
184.43073845640941,0.025905250229118784,-0.043125595038989425,-0.6268754542703967,0.02734375
184.47074512418737,0.0258894346209511,-0.04312435625932293,-0.6270123784046542,0.0234375
184.51075179196533,0.025873622122146292,-0.04312311380990126,-0.6271492522923687,0.0234375
184.5507584597433,0.025857813348306346,-0.043121867222990606,-0.6272860759519787,0.01953125
184.59076512752125,0.025842009095900304,-0.04312061584132845,-0.6274228494019168,0.0390625
184.6307717952992,0.02582620951789539,-0.04311935943831099,-0.6275595726606078,0.03125
184.6707784630772,0.025810412350027845,-0.043118099705107264,-0.6276962457464703,0.0390625
184.71078513085516,0.025794617406826828,-0.04311683683743315,-0.627832868677916,0.0234375
184.75079179863312,0.025778824839282486,-0.043115570781146084,-0.6279694414733499,0.03515625
184.79079846641108,0.025763034938841207,-0.0431143013694131,-0.6281059641511704,0.03125
184.83080513418903,0.025747248152663764,-0.04311302829829798,-0.6282424367297689,0.04296875
184.870811801967,0.025731465096866107,-0.04311175110149446,-0.6283788592275302,0.0234375
184.91081846974495,0.02571568656890833,-0.04311046912353371,-0.628515231662832,0.04296875
184.95082513752294,0.02569991271322889,-0.04310918214499484,-0.6286515540540459,0.0234375
184.9908318053009,0.025684141266802053,-0.04310789184940512,-0.628787826419536,0.03125
185.03083847307886,0.025668372048475205,-0.04310659842850035,-0.6289240487776605,0.03125
185.07084514085682,0.025652605209630138,-0.04310530182815226,-0.62906022114677,0.046875
185.11085180863478,0.025636841042147272,-0.04310400188193564,-0.6291963435452088,0.05078125
185.15085847641274,0.025621079993724448,-0.043102698286755496,-0.6293324159913145,0.02734375
185.1908651441907,0.02560532268114523,-0.043101390577640106,-0.629468438503418,0.02734375
185.23087181196865,0.025589569902699394,-0.04310007810100942,-0.6296044110998438,0.05078125
185.27087847974664,0.025573821794394706,-0.043098760644520784,-0.6297403337989088,0.04296875
185.3108851475246,0.025558076094396028,-0.043097439884097775,-0.6298762066189236,0.0546875
185.35089181530256,0.025542332625946202,-0.043096116007485495,-0.6300120295781925,0.0234375
185.39089848308052,0.025526591540780297,-0.043094788960594724,-0.630147802695012,0.03125
185.43090515085848,0.025510853131211483,-0.04309345857740967,-0.6302835259876735,0.03125
185.47091181863644,0.025495117845433412,-0.04309212455570121,-0.6304191994744601,0.0390625
185.5109184864144,0.02547938630101161,-0.04309078643176388,-0.6305548231736493,0.046875
185.55092515419238,0.025463659296905417,-0.04308944355399946,-0.6306903971035115,0.03515625
185.59093182197034,0.02544793696078782,-0.04308809571704117,-0.6308259212823099,0.0234375
185.6309384897483,0.025432217031966964,-0.04308674458924637,-0.6309613957283017,0.046875
185.67094515752626,0.02541649933819957,-0.04308539035433509,-0.6310968204597371,0.02734375
185.71095182530422,0.025400784031416844,-0.04308403295835149,-0.6312321954948601,0.0546875
185.75095849308218,0.025385071404520308,-0.04308267223559846,-0.6313675208519072,0.03515625
185.79096516086014,0.025369361906118944,-0.04308130788476025,-0.6315027965491085,0.02734375
185.83097182863813,0.025353656154479716,-0.04307993944344509,-0.6316380226046878,0.015625
185.8709784964161,0.02533795494937951,-0.043078566261946845,-0.6317731990368618,0.03125
185.91098516419405,0.025322258409948704,-0.043077188141951904,-0.6319083258638402,0.05078125
185.950991831972,0.02530656427689753,-0.04307580674410855,-0.6320434031038271,0.0078125
185.99099849974996,0.025290872382303427,-0.04307442224826122,-0.6321784307750187,0.046875
186.03100516752792,0.025275182878450188,-0.04307303460049639,-0.6323134088956054,0.01953125
186.07101183530588,0.025259496058669714,-0.04307164363553023,-0.6324483374837704,0.046875
186.11101850308384,0.025243812372101798,-0.04307024905289213,-0.6325832165576907,0.03125
186.15102517086183,0.025228132437671323,-0.04306885039152912,-0.6327180461355362,0.046875
186.1910318386398,0.025212457055971547,-0.04306744700362623,-0.6328528262354702,0.0234375
186.23103850641775,0.025196786337490337,-0.043066038697935446,-0.6329875568756496,0.01953125
186.2710451741957,0.025181118024564998,-0.043064627127274865,-0.6331222380742244,0.01953125
186.31105184197366,0.025165451953399445,-0.04306321246776188,-0.6332568698493378,0.0390625
186.35105850975162,0.025149788276786364,-0.043061794665435485,-0.633391452219127,0.03125
186.39106517752958,0.02513412728833022,-0.043060373555518366,-0.6335259852017214,0.01953125
186.43107184530757,0.025118469437857192,-0.04305894883829439,-0.6336604688152452,0.02734375
186.47107851308553,0.02510281534478702,-0.0430575200541439,-0.6337949030778147,0.03515625
186.5110851808635,0.025087165810684726,-0.043056086557050816,-0.63392928800754,0.0234375
186.55109184864145,0.025071520937258944,-0.043054648162866055,-0.6340636236225249,0.03515625
186.5910985164194,0.025055878468502133,-0.043053206516573024,-0.6341979099408661,0.04296875
186.63110518419737,0.025040238244863705,-0.04305176179052629,-0.6343321469806538,0.01953125
186.67111185197533,0.025024600419488084,-0.043050313930811275,-0.6344663347599716,0.0234375
186.7111185197533,0.025008965286408925,-0.0430488627730662,-0.6346004732968967,0.0390625
186.75112518753127,0.024993333295975723,-0.04304740801842538,-0.634734562609499,0.02734375
186.79113185530923,0.024977705068262964,-0.04304594920860801,-0.6348686027158423,0.03515625
186.8311385230872,0.024962081405641975,-0.04304448569949214,-0.6350025936339834,0.0234375
186.87114519086515,0.024946462401103518,-0.043043017313945116,-0.635136535381973,0.046875
186.9111518586431,0.024930845800362526,-0.04304154568908843,-0.6352704279778549,0.015625
186.95115852642107,0.024915231448075982,-0.04304007099356991,-0.6354042714396659,0.01171875
186.99116519419903,0.02489961949773981,-0.04303859317352323,-0.6355380657854373,0.03125
187.03117186197701,0.024884010243814536,-0.043037112065004476,-0.6356718110331925,0.02734375
187.07117852975497,0.024868404137134887,-0.04303562737002056,-0.6358055072009486,0.0390625
187.11118519753293,0.02485280179854114,-0.04303413863156478,-0.6359391543067169,0.02734375
187.1511918653109,0.024837204031050903,-0.043032645207499984,-0.6360727523685011,0.02734375
187.19119853308885,0.02482161091903648,-0.04303114692760618,-0.6362063014042988,0.02734375
187.2312052008668,0.02480602020988537,-0.04302964542118397,-0.6363398014321007,0.0546875
187.27121186864477,0.024790431752580697,-0.04302814085313978,-0.6364732524698913,0.02734375
187.31121853642276,0.024774845700813904,-0.04302663316974698,-0.6366066545356485,0.0390625
187.35122520420072,0.0247592623496246,-0.043025122207392894,-0.6367400076473431,0.04296875
187.39123187197868,0.024743682150255585,-0.04302360766900148,-0.6368733118229394,0.03125
187.43123853975663,0.024728105724230242,-0.043022089098887564,-0.6370065670803957,0.0078125
187.4712452075346,0.02471253387536471,-0.043020565856808926,-0.637139773437663,0.03515625
187.51125187531255,0.024696966679199142,-0.04301903777953519,-0.6372729309126862,0.03125
187.5512585430905,0.024681401885056777,-0.04301750648840674,-0.6374060395234034,0.02734375
187.59126521086847,0.024665839346052154,-0.04301597214473463,-0.637539099287746,0.03125
187.63127187864646,0.024650279216227394,-0.04301443469484369,-0.637672110223639,0.04296875
187.67127854642442,0.0246347217910466,-0.04301289397554287,-0.6378050723490012,0.03125
187.71128521420238,0.024619167522272757,-0.04301134969060858,-0.637937985681744,0.015625
187.75129188198034,0.024603617032071076,-0.043009801385700375,-0.6380708502397727,0.03125
187.7912985497583,0.024588071125051698,-0.043008248422471786,-0.6382036660409861,0.0234375
187.83130521753625,0.024572529867826598,-0.04300669064469033,-0.6383364331032759,0.04296875
187.8713118853142,0.02455699101187877,-0.04300512966562131,-0.6384691514445284,0.0234375
187.9113185530922,0.02454145441426052,-0.04300356564312407,-0.6386018210826223,0.02734375
187.95132522087016,0.024525920229517488,-0.04300199852348928,-0.6387344420354297,0.04296875
187.99133188864812,0.02451038875338387,-0.04300042814403657,-0.6388670143208166,0.05859375
188.03133855642608,0.02449486043829599,-0.04299885420930759,-0.6389995379566422,0.03515625
188.07134522420404,0.024479335906901312,-0.042997276266397,-0.6391320129607597,0.02734375
188.111351891982,0.0244638159647559,-0.0429956936787659,-0.6392644393510148,0.02734375
188.15135855975996,0.024448300669408483,-0.04299410629720948,-0.6393968171452475,0.0390625
188.19136522753794,0.02443278777453139,-0.04299251572691548,-0.639529146361291,0.03125
188.2313718953159,0.024417277141228474,-0.042990922122258676,-0.6396614270169715,0.0234375
188.27137856309386,0.02440176892439843,-0.04298932542958349,-0.6397936591301088,0.01953125
188.31138523087182,0.024386263420196508,-0.04298772548663464,-0.6399258427185168,0.03515625
188.35139189864978,0.024370761081574904,-0.0429861219988095,-0.6400579778000026,0.03125
188.39139856642774,0.024355262531816482,-0.04298451451454937,-0.6401900643923661,0.015625
188.4314052342057,0.024339768577262378,-0.04298290239921325,-0.6403221025134016,0.0390625
188.47141190198366,0.024324279266458686,-0.04298128551054217,-0.6404540921808962,0.0390625
188.51141856976164,0.02430879235533356,-0.04297966544562294,-0.6405860334126308,0.0546875
188.5514252375396,0.024293307709007145,-0.04297804235539812,-0.6407179262263794,0.03125
188.59143190531756,0.024277825482688448,-0.04297641618629159,-0.6408497706399102,0.05859375
188.63143857309552,0.02426234597307094,-0.042974786776407925,-0.6409815666709845,0.04296875
188.67144524087348,0.024246869633464174,-0.04297315383208998,-0.6411133143373566,0.04296875
188.71145190865144,0.02423139708793955,-0.0429715169030386,-0.6412450136567753,0.02734375
188.7514585764294,0.024215929143462427,-0.04296987535659977,-0.6413766646469816,0.046875
188.7914652442074,0.024200465839677027,-0.04296822905735633,-0.6415082673257111,0.01953125
188.83147191198535,0.024185004934714656,-0.04296657959433868,-0.6416398217106924,0.04296875
188.8714785797633,0.024169546297832578,-0.04296492711502099,-0.6417713278196476,0.02734375
188.91148524754126,0.024154090084470503,-0.04296327156595287,-0.6419027856702924,0.01171875
188.95149191531922,0.024138636591780685,-0.04296161278564502,-0.6420341952803362,0.03125
188.99149858309718,0.024123186273584264,-0.04295995048129836,-0.6421655566674815,0.03515625
189.03150525087514,0.02410773975458154,-0.04295828420396309,-0.6422968698494246,0.0390625
189.07151191865313,0.024092297842515147,-0.04295661332288387,-0.642428134843855,0.02734375
189.1115185864311,0.024076860567910193,-0.042954937709560784,-0.642559351668456,0.03125
189.15152525420905,0.024061425691370847,-0.04295325894483084,-0.642690520340904,0.05078125
189.191531921987,0.024045993086091955,-0.04295157717284424,-0.6428216408788698,0.0234375
189.23153858976497,0.02403056290786188,-0.04294989234021114,-0.6429527133000169,0.0234375
189.27154525754293,0.02401513545425135,-0.04294820428587208,-0.6430837376220021,0.04296875
189.31155192532088,0.023999711179590967,-0.04294651271788747,-0.6432147138624768,0.0390625
189.35155859309884,0.02398429070920672,-0.04294481718865803,-0.6433456420390848,0.03515625
189.39156526087683,0.023968874851612962,-0.0429431170693285,-0.6434765221694646,0.0546875
189.4315719286548,0.02395346362812338,-0.0429414122383203,-0.6436073542712468,0.03515625
189.47157859643275,0.023938054802035848,-0.04293970426816957,-0.643738138362057,0.0390625
189.5115852642107,0.023922648250288756,-0.04293799329984201,-0.6438688744595129,0.0390625
189.55159193198867,0.0239072441291749,-0.04293627927992312,-0.6439995625812268,0.0234375
189.59159859976663,0.02389184273652606,-0.04293456204787186,-0.6441302027448039,0.02734375
189.6316052675446,0.023876444527336317,-0.0429328413125226,-0.6442607949678436,0.01953125
189.67161193532257,0.023861050127399034,-0.04293111662771403,-0.6443913392679385,0.03125
189.71161860310053,0.023845660346148694,-0.042929387366406696,-0.6445218356626743,0.01953125
189.7516252708785,0.023830275195556527,-0.04292765341396852,-0.6446522841696309,0.02734375
189.79163193865645,0.023814892441641686,-0.042925916334636195,-0.6447826848063816,0.03515625
189.8316386064344,0.023799511965203385,-0.042924176266156015,-0.6449130375904929,0.015625
189.87164527421237,0.02378413392288214,-0.04292243315517807,-0.6450433425395253,0.046875
189.91165194199033,0.02376875861292581,-0.04292068684159398,-0.6451735996710324,0.02734375
189.95165860976832,0.023753386490834624,-0.042918937035100274,-0.6453038090025622,0.01953125
189.99166527754628,0.023738018183018027,-0.04291718329088969,-0.6454339705516552,0.06640625
190.03167194532423,0.023722654499676428,-0.04291542498382314,-0.6455640843358459,0.03515625
190.0716786131022,0.02370729544349516,-0.04291366200613546,-0.6456941503726625,0.0390625
190.11168528088015,0.023691938783283753,-0.042911895913742566,-0.6458241686796267,0.0234375
190.1516919486581,0.02367658440366298,-0.04291012684122367,-0.6459541392742538,0.02734375
190.19169861643607,0.023661232461581604,-0.04290835473531675,-0.6460840621740526,0.03515625
190.23170528421403,0.023645883255819435,-0.042906579436283176,-0.6462139373965258,0.04296875
190.27171195199202,0.023630537242223547,-0.04290480065476959,-0.6463437649591688,0.046875
190.31171861976998,0.023615195047975497,-0.04290301794723618,-0.6464735448794714,0.01953125
190.35172528754794,0.02359985748387787,-0.0429012306905327,-0.6466032771749168,0.0234375
190.3917319553259,0.023584524543431185,-0.04289943878365751,-0.6467329618629815,0.0390625
190.43173862310385,0.02356919399818616,-0.04289764377424987,-0.6468625989611358,0.01171875
190.4717452908818,0.023553865736701967,-0.04289584579368807,-0.646992188486844,0.02734375
190.51175195865977,0.02353853991615717,-0.04289404478884246,-0.6471217304575636,0.0234375
190.55175862643776,0.023523216835785243,-0.042892240600388536,-0.6472512248907449,0.04296875
190.59176529421572,0.023507896951930875,-0.04289043293983982,-0.6473806718038334,0.03125
190.63177196199368,0.02349258089239157,-0.0428886213650096,-0.647510071214267,0.015625
190.67177862977164,0.02347726946872268,-0.042886805254651564,-0.6476394231394774,0.03125
190.7117852975496,0.0234619626650278,-0.0428849845145966,-0.6477687275968904,0.02734375
190.75179196532756,0.023446658255862014,-0.04288316068408018,-0.647897984603925,0.03125
190.79179863310551,0.02343135613352726,-0.04288133389141726,-0.648027194177994,0.0390625
190.83180530088347,0.023416056455548586,-0.04287950408354781,-0.6481563563365037,0.02734375
190.87181196866146,0.023400759521571786,-0.04287767110158524,-0.648285471096854,0.01171875
190.91181863643942,0.023385465788440217,-0.04287583465790942,-0.6484145384764379,0.0390625
190.95182530421738,0.0233701758845609,-0.04287399431168974,-0.6485435584926431,0.0234375
190.99183197199534,0.023354890622238524,-0.04287214944358387,-0.6486725311628503,0.04296875
191.0318386397733,0.02333960997608492,-0.042870299966258914,-0.6488014565044338,0.05078125
191.07184530755126,0.023324331723883478,-0.042868447410442656,-0.6489303345347617,0.0234375
191.11185197532922,0.023309055761483465,-0.04286659190152284,-0.6490591652711954,0.02734375
191.1518586431072,0.02329378224691294,-0.04286473338642533,-0.6491879487310906,0.01171875
191.19186531088516,0.02327851148006968,-0.042862871706789575,-0.649316684931796,0.0390625
191.23187197866312,0.023263243918452636,-0.042861006575776746,-0.6494453738906538,0.03515625
191.27187864644108,0.023247980190918057,-0.04285913755399854,-0.6495740156250004,0.03125
191.31188531421904,0.023232721110671532,-0.042857264023932924,-0.6497026101521657,0.046875
191.351891981997,0.02321746664269938,-0.0428553859051073,-0.6498311574894728,0.0390625
191.39189864977496,0.023202214568042317,-0.04285350471974514,-0.6499596576542392,0.03515625
191.43190531755295,0.023186964786214327,-0.04285162059027184,-0.6500881106637758,0.015625
191.4719119853309,0.0231717174555858,-0.042849733463688644,-0.6502165165353866,0.02734375
191.51191865310886,0.023156472876467566,-0.04284784318207389,-0.6503448752863696,0.03515625
191.55192532088682,0.02314123150685178,-0.04284594945945882,-0.6504731869340166,0.046875
191.59193198866478,0.023125993976197794,-0.04284405185781293,-0.6506014514956129,0.02734375
191.63193865644274,0.023110761098451567,-0.04284214976152017,-0.6507296689884374,0.02734375
191.6719453242207,0.02309553282903528,-0.04284024309688623,-0.650857839429763,0.01953125
191.71195199199866,0.02308030695231502,-0.042838333377612836,-0.6509859628368557,0.02734375
191.75195865977665,0.023065083371428697,-0.04283642072321413,-0.6511140392269759,0.03515625
191.7919653275546,0.023049862245052698,-0.042834505080787566,-0.651242068617377,0.05078125
191.83197199533257,0.02303464387402342,-0.042832586292790804,-0.6513700510253064,0.046875
191.87197866311053,0.023019428716669288,-0.0428306640742099,-0.6514979864680048,0.04296875
191.91198533088848,0.023004217403205282,-0.042828737988289324,-0.6516258749627071,0.03515625
191.95199199866644,0.022989010748157478,-0.04282680742140349,-0.6517537165266413,0.0390625
191.9919986664444,0.02297380869748418,-0.04282487230653408,-0.6518815111770299,0.0234375
192.0320053342224,0.02295860903882923,-0.04282293414890623,-0.6520092589310886,0.0390625
192.07201200200035,0.022943411679067063,-0.04282099306509089,-0.6521369598060265,0.03125
192.1120186697783,0.02292821677710507,-0.042819049002323493,-0.6522646138190467,0.03125
192.15202533755627,0.022913024634224826,-0.04281710180348552,-0.6523922209873461,0.03125
192.19203200533423,0.022897835709244724,-0.04281515118443478,-0.6525197813281147,0.03515625
192.23203867311219,0.022882650632976287,-0.04281319670977607,-0.6526472948585371,0.03515625
192.27204534089014,0.022867470220677127,-0.04281123776779085,-0.652774761595791,0.0390625
192.31205200866813,0.022852294408631443,-0.042809274298201326,-0.6529021815570482,0.02734375
192.3520586764461,0.022837120988019467,-0.04280730779763706,-0.653029554759473,0.03515625
192.39206534422405,0.02282194986926279,-0.04280533837985612,-0.6531568812202252,0.01171875
192.432072012002,0.022806781211611803,-0.042803365992172875,-0.6532841609564568,0.03515625
192.47207867977997,0.022791615316754228,-0.0428013904779147,-0.6534113939853147,0.03125
192.51208534755793,0.02277645264399623,-0.04279941155381251,-0.6535385803239386,0.0390625
192.5520920153359,0.022761293824742616,-0.042797428785832425,-0.6536657199894623,0.01171875
192.59209868311385,0.022746139674978016,-0.04279544156416366,-0.6537928129990134,0.0234375
192.63210535089183,0.022730990121217334,-0.04279344983527089,-0.6539198593697129,0.03125
192.6721120186698,0.022715842958404203,-0.04279145508708798,-0.6540468591186757,0.02734375
192.71211868644775,0.022700698100308316,-0.04278945743069368,-0.6541738122630103,0.0234375
192.7521253542257,0.022685555706679437,-0.04278745681340003,-0.6543007188198193,0.02734375
192.79213202200367,0.02267041607945438,-0.0427854530790643,-0.6544275788061985,0.0234375
192.83213868978163,0.022655279678580602,-0.04278344594520937,-0.6545543922392377,0.03515625
192.8721453575596,0.0226401471358973,-0.04278143497924617,-0.6546811591360205,0.015625
192.91215202533758,0.02262501926826841,-0.04277941957318943,-0.6548078795136244,0.03125
192.95215869311554,0.02260989599230335,-0.04277739968026932,-0.65493455338912,0.04296875
192.9921653608935,0.022594775106741512,-0.042775376779728376,-0.6550611807795719,0.03515625
193.03217202867145,0.022579656528815172,-0.04277335097993243,-0.655187761702039,0.015625
193.0721786964494,0.022564540418617187,-0.04277132222827594,-0.655314296173573,0.03125
193.11218536422737,0.022549427078488046,-0.04276929036906473,-0.65544078421122,0.03125
193.15219203200533,0.022534316968858513,-0.04276725512069784,-0.65556722583202,0.03125
193.1921986997833,0.022519210722154605,-0.04276521605194912,-0.6556936210530061,0.0390625
193.23220536756128,0.022504109155958373,-0.04276317255674296,-0.6558199698912056,0.02734375
193.27221203533924,0.022489012177038664,-0.04276112459499123,-0.6559462723636393,0.02734375
193.3122187031172,0.02247391758799559,-0.04275907363723253,-0.656072528487322,0.046875
193.35222537089516,0.022458825309484756,-0.04275701978916786,-0.656198738279262,0.0234375
193.39223203867311,0.02244373550190274,-0.04275496299829623,-0.6563249017564615,0.0234375
193.43223870645107,0.02242864846810902,-0.04275290310931226,-0.6564510189359166,0.046875
193.47224537422903,0.022413564668859978,-0.042750839841574136,-0.656577089834617,0.03515625
193.51225204200702,0.022398484737321832,-0.04274877276513755,-0.6567031144695458,0.02734375
193.55225870978498,0.02238340949163154,-0.04274670127592041,-0.6568290928576808,0.015625
193.59226537756294,0.022368338828821187,-0.04274462534041279,-0.6569550250159923,0.0234375
193.6322720453409,0.022353270555302104,-0.042742546420497185,-0.6570809109614457,0.046875
193.67227871311886,0.02233820459526823,-0.042740464619176494,-0.6572067507109995,0.03515625
193.71228538089682,0.022323141109341704,-0.042738379884096546,-0.6573325442816058,0.0234375
193.75229204867478,0.022308080400821856,-0.04273629206038359,-0.6574582916902109,0.02734375
193.79229871645276,0.022293022930945185,-0.04273420086827363,-0.6575839929537546,0.0234375
193.83230538423072,0.022277969333454994,-0.04273210587918939,-0.6577096480891704,0.03125
193.87231205200868,0.022262920427200676,-0.04273000649095765,-0.6578352571133862,0.04296875
193.91231871978664,0.022247876099262914,-0.04272790267671024,-0.657960820043323,0.0390625
193.9523253875646,0.022232834160127904,-0.04272579588955763,-0.658086336895896,0.0078125
193.99233205534256,0.02221779453733188,-0.042723686229934256,-0.6582118076880139,0.03125
194.03233872312052,0.022202757391838662,-0.04272157364557317,-0.6583372324365795,0.03515625
194.07234539089848,0.022187723027347304,-0.04271945798205425,-0.6584626111584888,0.0234375
194.11235205867646,0.022172691905571165,-0.04271733896049311,-0.6585879438706326,0.015625
194.15235872645442,0.022157664660791682,-0.04271521615369906,-0.6587132305898944,0.05078125
194.19236539423238,0.02214264211267959,-0.0427130889613496,-0.6588384713331524,0.02734375
194.23237206201034,0.022127624138155146,-0.04271095736327732,-0.6589636661172781,0.0390625
194.2723787297883,0.022112608552041956,-0.04270882280370749,-0.6590888149591372,0.015625
194.31238539756626,0.02209759528502244,-0.04270668538063395,-0.6592139178755885,0.03125
194.35239206534422,0.02208258449855698,-0.04270454504179831,-0.6593389748834855,0.03125
194.3923987331222,0.02206757649658878,-0.042702401633315415,-0.6594639859996752,0.0390625
194.43240540090017,0.022052571741457964,-0.04270025487710316,-0.6595889512409977,0.02734375
194.47241206867812,0.022037570867906465,-0.04269810434739666,-0.659713870624288,0.01953125
194.51241873645608,0.022022574696343014,-0.04269594944576608,-0.6598387441663741,0.04296875
194.55242540423404,0.022007583093628488,-0.04269379015864249,-0.6599635718840784,0.02734375
194.592432072012,0.021992593878875335,-0.04269162792141484,-0.660088353794217,0.0234375
194.63243873978996,0.021977606986026944,-0.042689462829602606,-0.6602130899136,0.015625
194.67244540756795,0.02196262257688534,-0.04268729483103795,-0.6603377802590304,0.046875
194.7124520753459,0.02194764095578773,-0.04268512377229362,-0.660462424847306,0.01953125
194.75245874312387,0.021932662585549843,-0.04268294937616853,-0.660587023695218,0.02734375
194.79246541090183,0.02191768810148309,-0.042680771218266265,-0.660711576819552,0.0234375
194.83247207867979,0.021902718324692046,-0.042678588702069906,-0.6608360842370864,0.03125
194.87247874645774,0.02188775311192369,-0.042676401820587295,-0.6609605459645946,0.0234375
194.9124854142357,0.02187279028668638,-0.04267421200033991,-0.661084962018843,0.0234375
194.95249208201366,0.021857829786143597,-0.042672019334419484,-0.6612093324165924,0.01171875
194.99249874979165,0.021842871772398666,-0.04266982377077096,-0.6613336571745969,0.015625
195.0325054175696,0.021827916550301148,-0.042667625156365276,-0.661457936309605,0.03125
195.07251208534757,0.021812964582981657,-0.04266542321496466,-0.6615821698383585,0.015625
195.11251875312553,0.021798016506474192,-0.0426632175234622,-0.6617063577775937,0.03515625
195.1525254209035,0.021783073142419403,-0.04266100748733389,-0.6618305001440399,0.0234375
195.19253208868145,0.021768134337551405,-0.04265879310606308,-0.6619545969544214,0.02734375
195.2325387564594,0.021753197919726238,-0.042656575797352485,-0.6620786482254554,0.0390625
195.2725454242374,0.021738263829442786,-0.042654355651832725,-0.6622026539738536,0.0078125
195.31255209201535,0.02172333222902436,-0.04265213261760426,-0.6623266142163209,0.01171875
195.3525587597933,0.02170840342375706,-0.042649906542076205,-0.6624505289695565,0.03125
195.39256542757127,0.021693477877238493,-0.04264767714989608,-0.6625743982502533,0.0234375
195.43257209534923,0.021678556226066667,-0.04264544401932725,-0.6626982220750985,0.01171875
195.4725787631272,0.021663639292569148,-0.04264320655775947,-0.6628220004607726,0.03125
195.51258543090515,0.021648726913257733,-0.04264096477120902,-0.6629457334239507,0.0390625
195.55259209868314,0.021633816920599465,-0.042638720068449834,-0.663069420981301,0.05078125
195.5925987664611,0.021618909258228066,-0.04263647253777916,-0.6631930631494858,0.0234375
195.63260543423905,0.02160400408880912,-0.04263422212739181,-0.6633166599451612,0.015625
195.672612102017,0.021589101718020955,-0.04263196868515862,-0.6634402113849781,0.02734375
195.71261876979497,0.021574202609926978,-0.04262971193661314,-0.6635637174855801,0.046875
195.75262543757293,0.02155930740164714,-0.04262745146140956,-0.6636871782636053,0.015625
195.7926321053509,0.021544416916307846,-0.042625186668793176,-0.6638105937356856,0.04296875
195.83263877312885,0.021529530979989473,-0.04262291757136894,-0.6639339639184464,0.03515625
195.87264544090684,0.02151464743003101,-0.04262064556887521,-0.6640572888285079,0.03515625
195.9126521086848,0.02149976621300799,-0.04261837074739816,-0.6641805684824832,0.03515625
195.95265877646275,0.02148488749207965,-0.04261609305515191,-0.6643038028969799,0.03515625
195.9926654442407,0.021470011573161203,-0.04261381234054833,-0.6644269920885995,0.015625
196.03267211201867,0.021455138920934695,-0.04261152832993004,-0.6645501360739371,0.03515625
196.07267877979663,0.021440270172961323,-0.04260924060438183,-0.664673234869582,0.0234375
196.1126854475746,0.021425406153084192,-0.04260694857504478,-0.664796288492117,0.03515625
196.15269211535258,0.021410546677054658,-0.04260465226101023,-0.6649192969581197,0.01171875
196.19269878313054,0.02139568958703219,-0.042602353053033004,-0.6650422602841606,0.0234375
196.2327054509085,0.021380834832651303,-0.04260005103495306,-0.6651651784868047,0.03515625
196.27271211868646,0.021365982577408082,-0.042597746155084826,-0.6652880515826103,0.01171875
196.31271878646442,0.021351133127608477,-0.04259543826230401,-0.6654108795881307,0.03515625
196.35272545424237,0.02133628694839583,-0.042593127083842164,-0.6655336625199123,0.03125
196.39273212202033,0.021321444677885618,-0.04259081220215674,-0.6656564003944956,0.02734375
196.4327387897983,0.021306607140594496,-0.04258849303030477,-0.6657790932284153,0.04296875
196.47274545757628,0.021291774141889944,-0.042586169593841205,-0.6659017410381997,0.02734375
196.51275212535424,0.021276943528823266,-0.042583843274527515,-0.6660243438403708,0.01953125
196.5527587931322,0.021262115254159598,-0.04258151415394588,-0.6661469016514452,0.02734375
196.59276546091016,0.021247289481577537,-0.042579182180589585,-0.6662694144879329,0.0390625
196.63277212868812,0.021232466517927307,-0.04257684720372236,-0.6663918823663382,0.03125
196.67277879646608,0.021217646828656476,-0.04257450895154316,-0.6665143053031594,0.0234375
196.71278546424404,0.02120283105258642,-0.04257216700780583,-0.6666366833148882,0.03125
196.75279213202202,0.021188020014749072,-0.04256982078756055,-0.6667590164180108,0.03515625
196.79279879979998,0.021173213510226118,-0.042567470322726786,-0.6668813046290067,0.01953125
196.83280546757794,0.02115840939099333,-0.04256511698608255,-0.6670035479643505,0.0390625
196.8728121353559,0.021143607612826458,-0.04256276085703632,-0.6671257464405098,0.02734375
196.91281880313386,0.02112880833974106,-0.042560401884184244,-0.6672479000739464,0.0390625
196.95282547091182,0.021114011878975363,-0.042558039917257234,-0.667370008881116,0.0390625
196.99283213868978,0.021099218696433886,-0.04255567468534524,-0.6674920728784682,0.015625
197.03283880646777,0.021084429431486723,-0.04255330577357644,-0.6676140920824468,0.02734375
197.07284547424572,0.021069644909827316,-0.04255093259891932,-0.6677360665094897,0.01953125
197.11285214202368,0.02105486491604959,-0.0425485551997082,-0.6678579961760281,0.02734375
197.15285880980164,0.021040087307272515,-0.0425461749396556,-0.667979881098488,0.01953125
197.1928654775796,0.0210253120422033,-0.04254379189605927,-0.6681017212932887,0.0390625
197.23287214535756,0.02101053928519387,-0.04254140601761984,-0.668223516776844,0.02734375
197.27287881313552,0.020995769343869167,-0.04253901715453699,-0.6683452675655612,0.046875
197.31288548091348,0.020981002684588388,-0.0425366250367928,-0.668466973675842,0.02734375
197.35289214869147,0.020966239947227405,-0.04253422925091034,-0.6685886351240815,0.03515625
197.39289881646943,0.020951481958255937,-0.04253182921571813,-0.6687102519266694,0.03515625
197.43290548424739,0.02093672849156889,-0.042529424976018956,-0.6688318240999893,0.02734375
197.47291215202534,0.02092197740969101,-0.042527017886357675,-0.6689533516604184,0.03125
197.5129188198033,0.020907228674064658,-0.04252460802204128,-0.6690748346243283,0.01953125
197.55292548758126,0.020892482449532256,-0.04252219533180042,-0.669196273008084,0.0078125
197.59293215535922,0.020877739043949413,-0.04251977966638108,-0.6693176668280455,0.01953125
197.6329388231372,0.020862998924283588,-0.04251736075658216,-0.6694390161005659,0.015625
197.67294549091517,0.020848262730832644,-0.04251493819036197,-0.6695603208419927,0.0234375
197.71295215869313,0.02083353129076389,-0.042512511388446486,-0.6696815810686672,0.0234375
197.7529588264711,0.020818804367373756,-0.04251008040200627,-0.6698027967969248,0.0234375
197.79296549424905,0.020804079828544667,-0.04250764657647043,-0.6699239680430951,0.0390625
197.832972162027,0.02078935763856725,-0.042505209985122,-0.6700450948235013,0.01953125
197.87297882980496,0.020774637962619164,-0.04250277057679995,-0.6701661771544614,0.02734375
197.91298549758295,0.020759921108941103,-0.04250032820272101,-0.6702872150522862,0.015625
197.9529921653609,0.02074520754494762,-0.0424978825945807,-0.6704082085332814,0.0234375
197.99299883313887,0.020730497911477665,-0.04249543334171283,-0.6705291576137465,0.01953125
198.03300550091683,0.02071579303634876,-0.04249297986676269,-0.670650062309975,0.03125
198.0730121686948,0.020701092672206968,-0.042490522227243165,-0.6707709226382542,0.0
198.11301883647275,0.02068639469236036,-0.042488061759462493,-0.6708917386148661,0.03125
198.1530255042507,0.020671699064022043,-0.04248559853466636,-0.671012510256086,0.0390625
198.19303217202867,0.020657005952549694,-0.04248313250187895,-0.6711332375781832,0.0234375
198.23303883980665,0.020642315666721374,-0.04248066351271455,-0.6712539205974217,0.01953125
198.2730455075846,0.020627628674245002,-0.042478191299839985,-0.6713745593300591,0.02734375
198.31305217536257,0.02061294561664881,-0.04247571545389209,-0.6714951537923473,0.01953125
198.35305884314053,0.020598267322242594,-0.04247323539951036,-0.6716157040005313,0.03125
198.3930655109185,0.020583593533123626,-0.042470751200449845,-0.6717362099708516,0.03515625
198.43307217869645,0.020568922128055077,-0.042468264183912016,-0.6718566717195418,0.015625
198.4730788464744,0.020554253077053292,-0.04246577441918581,-0.6719770892628295,0.03125
198.5130855142524,0.020539586545811145,-0.0424632818554062,-0.6720974626169371,0.01953125
198.55309218203035,0.020524922843484873,-0.04246078634466369,-0.6722177917980803,0.01953125
198.5930988498083,0.020510262438231387,-0.04245828762052049,-0.6723380768224688,0.015625
198.63310551758627,0.0204956059721092,-0.042455785274993274,-0.6724583177063066,0.03125
198.67311218536423,0.02048095427407056,-0.04245327873464086,-0.6725785144657923,0.03125
198.7131188531422,0.020466307075456637,-0.042450768069510286,-0.6726986671171179,0.0078125
198.75312552092015,0.020451662260708145,-0.04244825459761723,-0.6728187756764694,0.03515625
198.79313218869814,0.020437019802565223,-0.042445738386354556,-0.6729388401600271,0.03125
198.8331388564761,0.020422379867051102,-0.04244321938497177,-0.6730588605839657,0.02734375
198.87314552425406,0.02040774276366661,-0.042440697446052444,-0.6731788369644531,0.01953125
198.91315219203202,0.020393108961126966,-0.04243817230400178,-0.6732987693176521,0.0390625
198.95315885980997,0.020378479101864355,-0.042435643552290805,-0.6734186576597191,0.0546875
198.99316552758793,0.020363854015623427,-0.042433110619324046,-0.6735385020068048,0.0234375
199.0331721953659,0.02034923342278231,-0.04243057358148881,-0.6736583023750538,0.03125
199.07317886314385,0.020334615213720108,-0.04242803374751908,-0.6737780587806048,0.02734375
199.11318553092184,0.020319999363703357,-0.04242549118302811,-0.6738977712395907,0.03515625
199.1531921986998,0.020305386039242555,-0.04242294583730609,-0.674017439768138,0.03125
199.19319886647776,0.020290775550101472,-0.04242039756346948,-0.6741370643823682,0.03515625
199.23320553425572,0.02027616836547519,-0.04241784609680463,-0.6742566450983963,0.01953125
199.27321220203368,0.02026156512832078,-0.04241529103216323,-0.6743761819323313,0.03125
199.31321886981164,0.020246966669016403,-0.0424127317998705,-0.6744956749002767,0.02734375
199.3532255375896,0.02023237269707906,-0.04241016848255321,-0.6746151240183298,0.02734375
199.39323220536758,0.020217781108779382,-0.042407602379716705,-0.6747345293025817,0.0546875
199.43323887314554,0.020203191882019446,-0.042405033555163285,-0.6748538907691183,0.00390625
199.4732455409235,0.02018860518364523,-0.04240246195829831,-0.6749732084340191,0.015625
199.51325220870146,0.02017402132379684,-0.04239988744271737,-0.6750924823133577,0.01953125
199.55325887647942,0.020159440772108378,-0.042397309744607675,-0.6752117124232021,0.0390625
199.59326554425738,0.020144864172058526,-0.04239472846020237,-0.6753308987796142,0.0234375
199.63327221203534,0.020130292354654467,-0.04239214302174788,-0.67545004139865,0.02734375
199.6732788798133,0.020115725018499866,-0.04238955351808406,-0.6755691402963594,0.03125
199.71328554759128,0.020101160065823583,-0.04238696123948591,-0.6756881954887871,0.01953125
199.75329221536924,0.02008659747723996,-0.04238436624792965,-0.6758072069919714,0.0234375
199.7932988831472,0.020072037419772447,-0.04238176849301216,-0.6759261748219443,0.03515625
199.83330555092516,0.020057480204091392,-0.042379167828735985,-0.676045098994733,0.046875
199.87331221870312,0.020042926300113492,-0.04237656399226339,-0.6761639795263578,0.03125
199.91331888648108,0.020028376351989938,-0.04237395658113684,-0.6762828164328337,0.015625
199.95332555425904,0.02001383119119837,-0.042371345029597315,-0.6764016097301694,0.0234375
199.99333222203703,0.019999290505532133,-0.04236872943259759,-0.6765203594343687,0.03515625
200.03333888981498,0.019984752203204458,-0.042366111071200495,-0.676639065561428,0.01953125
200.07334555759294,0.019970216267425706,-0.042363490005632415,-0.6767577281273389,0.015625
200.1133522253709,0.01995568286554944,-0.04236086618561037,-0.6768763471480872,0.00390625
200.15335889314886,0.019941152308620612,-0.04235823946561881,-0.6769949226396523,0.015625
200.19336556092682,0.01992662506699052,-0.04235560958372278,-0.6771134546180079,0.0078125
200.23337222870478,0.019912101785325344,-0.04235297613884825,-0.6772319430991218,0.03125
200.27337889648277,0.019897583295724035,-0.0423503385671574,-0.6773503880989561,0.03125
200.31338556426073,0.01988306927495917,-0.04234769696976408,-0.6774687896334668,0.03515625
200.3533922320387,0.019868557637456596,-0.04234505261844203,-0.6775871477186044,0.015625
200.39339889981665,0.019854048368937612,-0.04234240557172865,-0.6777054623703135,0.01953125
200.4334055675946,0.019839541637086372,-0.04233975577946229,-0.6778237336045323,0.03125
200.47341223537256,0.019825037753282565,-0.04233710309662872,-0.6779419614371941,0.03515625
200.51341890315052,0.01981053718842534,-0.04233444726214285,-0.6780601458842253,0.0234375
200.55342557092848,0.019796040587538602,-0.04233178787638706,-0.6781782869615474,0.0234375
200.59343223870647,0.019781548783491122,-0.0423291243773736,-0.6782963846850751,0.03125
200.63343890648443,0.019767061441832004,-0.04232645687242044,-0.6784144390707181,0.02734375
200.6734455742624,0.01975257648345673,-0.042323786623923644,-0.6785324501343801,0.015625
200.71345224204035,0.019738093896402284,-0.04232111368884313,-0.6786504178919585,0.02734375
200.7534589098183,0.01972361384883671,-0.04231843801706836,-0.6787683423593451,0.01953125
200.79346557759627,0.01970913665239614,-0.042315759464123595,-0.6788862235524267,0.01171875
200.83347224537422,0.019694662778448255,-0.04231307776981116,-0.6790040614870825,0.02734375
200.8734789131522,0.01968019287252655,-0.04231039253589766,-0.6791218561791876,0.015625
200.91348558093017,0.019665727768107932,-0.04230770320231986,-0.6792396076446101,0.03515625
200.95349224870813,0.01965126711962361,-0.04230500988249814,-0.6793573158992132,0.02734375
200.9934989164861,0.01963680885438963,-0.042302313829506256,-0.6794749809588535,0.0390625
201.03350558426405,0.01962235296287029,-0.04229961509869408,-0.6795926028393819,0.01953125
201.073512252042,0.019607899613562914,-0.04229691364007613,-0.6797101815566438,0.015625
201.11351891981997,0.019593449118474184,-0.042294209309662385,-0.6798277171264793,0.00390625
201.15352558759795,0.019579001949400668,-0.04229150184816133,-0.6799452095647213,0.0234375
201.1935322553759,0.019564558752377923,-0.04228879085872651,-0.6800626588871977,0.01953125
201.23353892315387,0.019550120361454384,-0.042286075783234366,-0.680180065109731,0.01953125
201.27354559093183,0.019535686420003036,-0.042283356741128424,-0.6802974282481368,0.02734375
201.3135522587098,0.01952125486171373,-0.04228063497621387,-0.6804147483182259,0.0234375
201.35355892648775,0.019506825679589397,-0.042277910542198927,-0.6805320253358029,0.01953125
201.3935655942657,0.01949239904230221,-0.042275183389295784,-0.6806492593166669,0.02734375
201.43357226204367,0.01947797526238189,-0.04227245337393062,-0.6807664502766103,0.02734375
201.47357892982166,0.01946355481189666,-0.04226972023779051,-0.680883598231421,0.03125
201.51358559759962,0.019449138337537884,-0.04226698358534452,-0.6810007031968797,0.02734375
201.55359226537757,0.01943472667384109,-0.042264242860445826,-0.6811177651887624,0.0234375
201.59359893315553,0.019420319452993703,-0.04226149818856818,-0.6812347842228393,0.03125
201.6336056009335,0.01940591461531923,-0.042258750804160604,-0.6813517603148742,0.02734375
201.67361226871145,0.01939151215616281,-0.04225600075940019,-0.6814686934806251,0.03515625
201.7136189364894,0.019377112244524673,-0.04225324800462701,-0.6815855837358448,0.01171875
201.7536256042674,0.01936271519330335,-0.04225049239675575,-0.68170243109628,0.01953125
201.79363227204536,0.0193483214749873,-0.04224773367838341,-0.6818192355776714,0.03125
201.83363893982332,0.01933393173676963,-0.042244971455365016,-0.6819359971957546,0.02734375
201.87364560760128,0.019319546813782885,-0.04224220517347803,-0.6820527159662585,0.0234375
201.91365227537923,0.019305166326939224,-0.04223943496421555,-0.6821693919049071,0.02734375
201.9536589431572,0.019290788223301672,-0.04223666205265504,-0.6822860250274179,0.03125
201.99366561093515,0.019276412500514935,-0.04223388648948112,-0.6824026153495033,0.03125
202.0336722787131,0.019262039327906703,-0.042231108225163454,-0.6825191628868696,0.02734375
202.0736789464911,0.019247669018703503,-0.0422283271171246,-0.6826356676552172,0.0078125
202.11368561426906,0.019233302045930052,-0.04222554290881851,-0.6827521296702412,0.0234375
202.15369228204702,0.019218939057121225,-0.042222755207558534,-0.6828685489476299,0.03125
202.19369894982498,0.019204580888156794,-0.04221996346097634,-0.6829849255030673,0.0234375
202.23370561760294,0.019190227148468984,-0.04221716780662525,-0.6831012593522306,0.02734375
202.2737122853809,0.01917587579211974,-0.04221436946012672,-0.6832175505107918,0.0390625
202.31371895315885,0.019161526818857015,-0.04221156847078098,-0.6833337989944167,0.0234375
202.35372562093684,0.01914718039848999,-0.04220876478911869,-0.6834500048187656,0.0234375
202.3937322887148,0.01913283684449187,-0.042205958273107795,-0.6835661679994931,0.04296875
202.43373895649276,0.019118496630347682,-0.04220314866709436,-0.6836822885522478,0.0234375
202.47374562427072,0.01910416040408336,-0.04220033557978072,-0.6837983664926724,0.05078125
202.51375229204868,0.019089829002167873,-0.04219751846072353,-0.6839144018364053,0.0390625
202.55375895982664,0.01907550202265624,-0.04219469745343679,-0.6840303945990769,0.03125
202.5937656276046,0.019061177426561285,-0.04219187376414217,-0.6841463447963136,0.03515625
202.63377229538258,0.019046855215846294,-0.04218904744072287,-0.6842622524437354,0.03125
202.67377896316054,0.019032535560643347,-0.042186218433844166,-0.6843781175569567,0.015625
202.7137856309385,0.019018218774792525,-0.04218338660196537,-0.6844939401515859,0.015625
202.75379229871646,0.019003905332194253,-0.04218055169034514,-0.6846097202432261,0.03515625
202.79379896649442,0.01898959588136336,-0.04217771330907513,-0.6847254578474742,0.0078125
202.83380563427238,0.01897529125931511,-0.04217487090965459,-0.6848411529799214,0.02734375
202.87381230205034,0.018960991052791733,-0.042172024641476825,-0.6849568056561544,0.02734375
202.9138189698283,0.01894669322970914,-0.042169175701419474,-0.6850724158917526,0.03515625
202.9538256376063,0.018932397794355398,-0.04216632413591781,-0.6851879837022904,0.0234375
202.99383230538425,0.01891810491703466,-0.04216346989584089,-0.6853035091033362,0.015625
203.0338389731622,0.0189038149121027,-0.042160612840073254,-0.6854189921104528,0.03125
203.07384564094016,0.018889528253720755,-0.0421577527148556,-0.6855344327391977,0.0234375
203.11385230871812,0.01887524559104266,-0.042154889131600974,-0.6856498310051218,0.01953125
203.15385897649608,0.018860967761548914,-0.04215202154378562,-0.6857651869237712,0.0234375
203.19386564427404,0.018846694340541564,-0.04214915010668723,-0.6858805005106858,0.02734375
203.23387231205203,0.01883242330309963,-0.04214627600775697,-0.6859957717814003,0.02734375
203.27387897983,0.018818154655636472,-0.04214339929209017,-0.6861110007514427,0.01953125
203.31388564760795,0.01880388856878432,-0.04214051991069056,-0.6862261874363363,0.01953125
203.3538923153859,0.018789625357258713,-0.04213763772293908,-0.6863413318515984,0.03125
203.39389898316387,0.01877536549563293,-0.04213475247599034,-0.6864564340127405,0.01953125
203.43390565094182,0.01876110963354298,-0.042131863782648514,-0.686571493935268,0.0234375
203.47391231871978,0.018746858609045344,-0.04212897109831551,-0.6866865116346813,0.01953125
203.51391898649777,0.018732611985914086,-0.04212607458413997,-0.686801487126475,0.015625
203.55392565427573,0.0187183677464926,-0.04212317541813655,-0.6869164204261381,0.015625
203.5939323220537,0.018704125899244622,-0.04212027364411176,-0.6870313115491531,0.03515625
203.63393898983165,0.01868988661524048,-0.04211736921315648,-0.6871461605109976,0.01953125
203.6739456576096,0.018675650209401925,-0.042114461985216935,-0.6872609673271438,0.04296875
203.71395232538757,0.018661417156865177,-0.04211155170829471,-0.6873757320130572,0.0234375
203.75395899316553,0.018647188107592035,-0.04210863799665389,-0.6874904545841986,0.01171875
203.79396566094348,0.018632963900363626,-0.04210572030755442,-0.6876051350560222,0.01171875
203.83397232872147,0.018618744087221653,-0.042102798808053676,-0.6877197734439776,0.01953125
203.87397899649943,0.01860452665803541,-0.04209987466664945,-0.6878343697635076,0.0234375
203.9139856642774,0.018590311623196364,-0.04209694792593109,-0.68794892403005,0.03515625
203.95399233205535,0.01857609915413664,-0.04209401853711215,-0.6880634362590372,0.0234375
203.9939989998333,0.018561889566136122,-0.04209108636063714,-0.6881779064658954,0.0078125
204.03400566761127,0.018547683334738406,-0.04208815114542405,-0.6882923346660451,0.0234375
204.07401233538923,0.018533481110381052,-0.04208521250712918,-0.6884067208749014,0.02734375
204.11401900316721,0.018519283732413225,-0.042082269904938636,-0.688521065107874,0.015625
204.15402567094517,0.01850509074124425,-0.04207932351172102,-0.6886353673803662,0.03125
204.19403233872313,0.018490900134224456,-0.042076374486513496,-0.6887496277077765,0.03515625
204.2340390065011,0.01847671192374386,-0.04207342287067378,-0.6888638461054968,0.046875
204.27404567427905,0.018462526281557458,-0.04207046861555675,-0.6889780225889144,0.0078125
204.314052342057,0.018448343523301807,-0.04206751158210651,-0.6890921571734103,0.0390625
204.35405900983497,0.018434164124925646,-0.04206455152015859,-0.6892062498743601,0.02734375
204.39406567761296,0.01841998873734005,-0.042061588046761716,-0.6893203007071333,0.03125
204.43407234539092,0.01840581820041538,-0.04205862062304709,-0.6894343096870944,0.015625
204.47407901316888,0.018391652042999678,-0.04205564942761037,-0.6895482768296017,0.0078125
204.51408568094683,0.01837748826987221,-0.042052675610087145,-0.6896622021500083,0.05859375
204.5540923487248,0.018363326895532505,-0.042049699210571945,-0.6897760856636618,0.01953125
204.59409901650275,0.018349168091904764,-0.04204672018062945,-0.6898899273859033,0.01953125
204.6341056842807,0.018335012175133815,-0.04204373838163792,-0.690003727332069,0.0234375
204.67411235205867,0.018320859621418266,-0.042040753564418165,-0.6901174855174896,0.02734375
204.71411901983666,0.018306711082291337,-0.042037765347345823,-0.6902312019574899,0.015625
204.75412568761462,0.01829256739806686,-0.04203477319352927,-0.6903448766673885,0.02734375
204.79413235539258,0.01827842808590215,-0.0420317772872951,-0.6904585096624994,0.01953125
204.83413902317054,0.01826429115826449,-0.042028778768800366,-0.6905721009581305,0.01953125
204.8741456909485,0.01825015663156677,-0.04202577767697924,-0.6906856505695842,0.03515625
204.91415235872645,0.018236024678054765,-0.0420227739635405,-0.6907991585121569,0.0234375
204.9541590265044,0.018221895614227074,-0.042019767490365144,-0.6909126248011399,0.01953125
204.9941656942824,0.018207769916683998,-0.04201675800919267,-0.6910260494518184,0.02734375
205.03417236206036,0.01819364823742148,-0.042013745139794854,-0.6911394324794727,0.01953125
205.07417902983832,0.018179531417310282,-0.042010728347205775,-0.6912527738993766,0.02734375
205.11418569761628,0.0181654189617281,-0.04200770782146854,-0.6913660737267989,0.015625
205.15419236539424,0.01815130889093515,-0.04200468469325322,-0.6914793319770028,0.0234375
205.1941990331722,0.01813720122317624,-0.042001659000385265,-0.6915925486652457,0.01953125
205.23420570095016,0.01812309613113265,-0.04199863069466971,-0.691705723806779,0.02734375
205.27421236872812,0.01810899393150263,-0.041995599638557514,-0.6918188574168493,0.0234375
205.3142190365061,0.01809489510143756,-0.041992565584642504,-0.6919319495106973,0.01953125
205.35422570428406,0.01808080029324317,-0.041989528154157664,-0.6920450001035581,0.0234375
205.39423237206202,0.018066710348492415,-0.04198648681399869,-0.6921580092106608,0.0234375
205.43423903983998,0.018052624760582215,-0.04198344175995851,-0.6922709768472296,0.01953125
205.47424570761794,0.01803854155782321,-0.0419803941131468,-0.6923839030284828,0.03125
205.5142523753959,0.01802446076017259,-0.04197734391034767,-0.6924967877696331,0.0234375
205.55425904317386,0.018010382540670004,-0.04197429110349732,-0.6926096310858872,0.03515625
205.59426571095184,0.01799630721636576,-0.04197123555555132,-0.6927224329924473,0.0390625
205.6342723787298,0.017982235264804112,-0.04196817702002645,-0.692835193504509,0.01953125
205.67427904650776,0.017968167338753317,-0.04196511511954999,-0.6929479126372626,0.02734375
205.71428571428572,0.017954104280330133,-0.04196204932294614,-0.6930605904058931,0.02734375
205.75429238206368,0.01794004557105435,-0.04195897983165921,-0.6931732268255797,0.01171875
205.79429904984164,0.017925989247238844,-0.04195590775729759,-0.6932858219114961,0.0234375
205.8343057176196,0.01791193533062453,-0.04195283313558888,-0.69339837567881,0.03125
205.8743123853976,0.017897883994571557,-0.041949755918618124,-0.6935108881426846,0.01953125
205.91431905317555,0.01788383555647672,-0.04194667596984858,-0.6936233593182765,0.01171875
205.9543257209535,0.017869790494242952,-0.04194359304373459,-0.693735789220737,0.02734375
205.99433238873146,0.017855749461208017,-0.04194050676425141,-0.6938481778652124,0.015625
206.03433905650942,0.017841713299876563,-0.04193741660221653,-0.6939605252668425,0.0234375
206.07434572428738,0.0178276814799947,-0.0419343227646282,-0.6940728314407623,0.015625
206.11435239206534,0.017813652045829548,-0.041931226353652,-0.6941850964021009,0.01171875
206.1543590598433,0.01779962502101494,-0.041928127403928206,-0.6942973201659819,0.0234375
206.1943657276213,0.017785600579077257,-0.04192502586775761,-0.6944095027475236,0.02734375
206.23437239539925,0.017771579037914032,-0.04192192160904633,-0.694521644161838,0.01171875
206.2743790631772,0.017757560875705264,-0.0419188143832208,-0.6946337444240327,0.03125
206.31438573095517,0.017743546746279534,-0.04191570381563736,-0.6947458035492088,0.01953125
206.35439239873313,0.017729537492677715,-0.04191258937904171,-0.6948578215524622,0.02734375
206.39439906651108,0.01771553257267066,-0.041909471286018386,-0.6949697984488833,0.01953125
206.43440573428904,0.017701530038736715,-0.04190635062921924,-0.6950817342535572,0.01953125
206.47441240206703,0.017687529916207763,-0.04190322744229579,-0.6951936289815629,0.0234375
206.514419069845,0.017673532378925196,-0.0419001016777022,-0.695305482647974,0.04296875
206.55442573762295,0.017659537745136372,-0.041896973199852666,-0.6954172952678588,0.01953125
206.5944324054009,0.017645546493409443,-0.04189384176509831,-0.6955290668562802,0.01171875
206.63443907317887,0.01763155927802243,-0.041890707000193476,-0.6956407974282954,0.00390625
206.67444574095683,0.017617576942547956,-0.041887568379812196,-0.6957524869989558,0.02734375
206.7144524087348,0.017603598932732903,-0.04188442612209231,-0.6958641355833077,0.015625
206.75445907651277,0.01758962330937223,-0.041881281310166385,-0.6959757431963917,0.03515625
206.79446574429073,0.017575650099410138,-0.04187813397674833,-0.6960873098532424,0.01953125
206.8344724120687,0.017561679477122887,-0.04187498407439665,-0.6961988355688902,0.03515625
206.87447907984665,0.01754771176094967,-0.04187183146810058,-0.6963103203583585,0.03125
206.9144857476246,0.017533747429997915,-0.04186867591507265,-0.6964217642366662,0.015625
206.95449241540257,0.017519787138839473,-0.04186551704352961,-0.6965331672188261,0.03125
206.99449908318053,0.017505831731726602,-0.04186235433001033,-0.6966445293198457,0.02734375
207.0345057509585,0.01749188064218141,-0.04185918799823624,-0.696755850554727,0.01953125
207.07451241873648,0.017477931939570812,-0.041856019121753046,-0.6968671309384668,0.0390625
207.11451908651443,0.01746398565233495,-0.041852847732400375,-0.6969783704860555,0.03125
207.1545257542924,0.01745004195510482,-0.0418496737828763,-0.697089569212479,0.01953125
207.19453242207035,0.017436101166663557,-0.041846497138681694,-0.6972007271327174,0.03515625
207.2345390898483,0.017422163766503105,-0.041843317557955714,-0.6973118442617449,0.01953125
207.27454575762627,0.017408230409638258,-0.04184013467031393,-0.6974229206145305,0.01953125
207.31455242540423,0.017394301940844133,-0.04183694795422444,-0.697533956206038,0.0390625
207.35455909318222,0.017380377781523102,-0.0418337576388939,-0.6976449510512251,0.0234375
207.39456576096018,0.017366456009562558,-0.041830564788343,-0.6977559051650446,0.01953125
207.43457242873814,0.01735253665497251,-0.041827369433520334,-0.6978668185624433,0.015625
207.4745790965161,0.01733861989269886,-0.04182417152728161,-0.6979776912583626,0.01171875
207.51458576429405,0.017324706041867206,-0.041820970935640536,-0.6980885232677392,0.03125
207.554592432072,0.017310795582313698,-0.04181776741767971,-0.6981993146055032,0.0234375
207.59459909984997,0.017296889169606908,-0.04181456060436686,-0.6983100652865796,0.03515625
207.63460576762796,0.01728298764888933,-0.04181134997616207,-0.6984207753258885,0.01171875
207.67461243540592,0.01726909042954332,-0.041808135767662055,-0.6985314447383439,0.03515625
207.71461910318388,0.01725519559793482,-0.04180491903341969,-0.6986420735388542,0.04296875
207.75462577096184,0.017241303185748073,-0.0418016998034638,-0.6987526617423228,0.015625
207.7946324387398,0.017227413368092158,-0.041798478030871604,-0.6988632093636475,0.0078125
207.83463910651776,0.017213526464585766,-0.041795253582108324,-0.6989737164177207,0.0078125
207.87464577429571,0.017199642955330954,-0.04179202621723203,-0.699084182919429,0.03125
207.91465244207367,0.017185763496370646,-0.04178879556859514,-0.6991946088836539,0.02734375
207.95465910985166,0.017171888933361457,-0.041785561118586945,-0.6993049943252714,0.0234375
207.99466577762962,0.017158018663468652,-0.041782323107221936,-0.6994153392591514,0.01953125
208.03467244540758,0.01714415078178954,-0.041779082579520926,-0.6995256437001592,0.0078125
208.07467911318554,0.017130285321487925,-0.041775839564687715,-0.6996359076631544,0.03125
208.1146857809635,0.017116422457987508,-0.041772594015959424,-0.6997461311629908,0.02734375
208.15469244874146,0.017102562511246457,-0.04176934580031713,-0.6998563142145173,0.02734375
208.19469911651942,0.017088705961744548,-0.0417660946787481,-0.6999664568325771,0.03125
208.2347057842974,0.017074853465958793,-0.041762840285005376,-0.7000765590320077,0.02734375
208.27471245207536,0.01706100587005243,-0.041759582103408875,-0.7001866208276415,0.01953125
208.31471911985332,0.017047162558928873,-0.041756320379355026,-0.7002966422343054,0.0234375
208.35472578763128,0.017033321636519373,-0.04175305614833137,-0.7004066232668208,0.03515625
208.39473245540924,0.017019483137385733,-0.04174978943876379,-0.7005165639400033,0.01953125
208.4347391231872,0.017005647237379476,-0.041746520204004406,-0.7006264642686638,0.01953125
208.47474579096516,0.016991814256644904,-0.041743248311613336,-0.7007363242676072,0.0234375
208.51475245874312,0.016977984676189144,-0.04173997352344613,-0.7008461439516334,0.01171875
208.5547591265211,0.016964159152767035,-0.04173669547471925,-0.7009559233355362,0.0390625
208.59476579429906,0.01695033853319902,-0.0417334136516204,-0.7010656624341046,0.0390625
208.63477246207702,0.016936522189924093,-0.04173012830495612,-0.7011753612621218,0.03125
208.67477912985498,0.01692270823596377,-0.04172684046061755,-0.7012850198343662,0.0234375
208.71478579763294,0.016908896707158377,-0.04172355014631459,-0.7013946381656098,0.0234375
208.7547924654109,0.016895087779710473,-0.04172025731554724,-0.7015042162706199,0.03125
208.79479913318886,0.016881281774101066,-0.04171696183639365,-0.7016137541641579,0.0078125
208.83480580096685,0.016867479171711316,-0.04171366347164044,-0.7017232518609808,0.015625
208.8748124687448,0.01685368062971953,-0.04171036185790713,-0.7018327093758387,0.02734375
208.91481913652277,0.016839886995450092,-0.04170705648331027,-0.7019421267234773,0.0234375
208.95482580430073,0.016826097628980973,-0.041703747603969554,-0.7020515039186366,0.02734375
208.99483247207868,0.016812310652375397,-0.041700436236241645,-0.7021608409760512,0.015625
209.03483913985664,0.016798526102822495,-0.04169712240710477,-0.7022701379104505,0.03515625
209.0748458076346,0.016784744156837162,-0.04169380607022385,-0.702379394736558,0.02734375
209.1148524754126,0.01677096513523664,-0.041690487094195934,-0.702488611469092,0.01953125
209.15485914319055,0.01675718951973182,-0.041687165242756626,-0.702597788122766,0.046875
209.1948658109685,0.016743417968041116,-0.04168384015388074,-0.7027069247122868,0.01171875
209.23487247874647,0.016729651327832704,-0.041680511317676465,-0.7028160212523573,0.02734375
209.27487914652443,0.016715888946928898,-0.04167717899548001,-0.7029250777576742,0.02734375
209.3148858143024,0.01670212895638619,-0.04167384419417466,-0.7030340942429287,0.02734375
209.35489248208034,0.01668837139485041,-0.041670506939976766,-0.7031430707228069,0.015625
209.3948991498583,0.016674616438996488,-0.04166716718677849,-0.7032520072119893,0.0
209.4349058176363,0.016660864410127027,-0.041663824803636784,-0.7033609037251514,0.02734375
209.47491248541425,0.01664711579020765,-0.041660479555265945,-0.7034697602769628,0.015625
209.5149191531922,0.01663337123741458,-0.04165713108102889,-0.7035785768820882,0.0234375
209.55492582097017,0.016619631599908168,-0.04165377887296378,-0.7036873535551866,0.046875
209.59493248874813,0.016605896213056227,-0.041650423197648875,-0.7037960903109117,0.04296875
209.6349391565261,0.016592163217163274,-0.041647065052433915,-0.7039047871639117,0.02734375
209.67494582430405,0.016578432652136484,-0.04164370446286482,-0.7040134441288294,0.0234375
209.71495249208203,0.01656470469496274,-0.0416403413830009,-0.7041220612203027,0.01953125
209.75495915986,0.016550979667273757,-0.04163697568242261,-0.7042306384529637,0.03125
209.79496582763795,0.01653725805140448,-0.04163360712677691,-0.7043391758414397,0.015625
209.8349724954159,0.01652354050594673,-0.04163023535683098,-0.7044476734003516,0.0234375
209.87497916319387,0.016509827879548588,-0.04162685986655311,-0.7045561311443156,0.01953125
209.91498583097183,0.01649611949503859,-0.041623480927742616,-0.7046645490879424,0.01171875
209.9549924987498,0.016482413502185746,-0.04162009952817235,-0.7047729272458378,0.015625
209.99499916652778,0.01646870994196442,-0.04161671569280725,-0.7048812656326013,0.015625
210.03500583430574,0.016455008991820026,-0.04161332937581707,-0.7049895642628281,0.03515625
210.0750125020837,0.016441310973566735,-0.04160994044736445,-0.7050978231511068,0.015625
210.11501916986165,0.016427616370053716,-0.04160654867397167,-0.7052060423120218,0.01171875
210.1550258376396,0.01641392584013476,-0.041603153697870154,-0.7053142217601516,0.03125
210.19503250541757,0.01640024023309268,-0.04159975501489858,-0.7054223615100697,0.01953125
210.23503917319553,0.01638655885909438,-0.04159635290207085,-0.7055304615763437,0.0234375
210.2750458409735,0.01637287987740027,-0.041592948337615634,-0.7056385219735362,0.03515625
210.31505250875148,0.016359203330158636,-0.04158954134588648,-0.7057465427162046,0.02734375
210.35505917652944,0.016345529395124268,-0.04158613188122418,-0.7058545238189006,0.01953125
210.3950658443074,0.01633185839444066,-0.04158271981431567,-0.7059624652961708,0.015625
210.43507251208536,0.01631819081131853,-0.04157930491261941,-0.7060703671625566,0.0234375
210.47507917986331,0.01630452730502177,-0.041575886819771334,-0.7061782294325933,0.02734375
210.51508584764127,0.016290868725312137,-0.04157246503354088,-0.7062860521208121,0.00390625
210.55509251541923,0.016277214369761893,-0.041569039836074795,-0.7063938352417377,0.0078125
210.59509918319722,0.016263562407188584,-0.04156561219607519,-0.7065015788098903,0.046875
210.63510585097518,0.016249912880867558,-0.04156218213731469,-0.7066092828397841,0.02734375
210.67511251875314,0.016236265968865328,-0.041558749614305356,-0.7067169473459285,0.02734375
210.7151191865311,0.016222621993652243,-0.04155531449826015,-0.7068245723428273,0.02734375
210.75512585430906,0.016208981438760407,-0.041551876557589344,-0.7069321578449792,0.0234375
210.79513252208702,0.016195344963973936,-0.04154843543728963,-0.7070397038668775,0.0234375
210.83513918986498,0.016181713419377953,-0.04154499063712024,-0.7071472104230099,0.015625
210.87514585764293,0.016168086090054858,-0.041541542444265056,-0.707254677527859,0.03125
210.91515252542092,0.016154461154329662,-0.04153809181796266,-0.707362105195902,0.0234375
210.95515919319888,0.016140838656715124,-0.04153463878137344,-0.7074694934416115,0.03125
210.99516586097684,0.016127218775434524,-0.04153118328924228,-0.7075768422794532,0.02734375
211.0351725287548,0.01611360183343573,-0.04152772521325029,-0.7076841517238891,0.01171875
211.07517919653276,0.01609998831449441,-0.04152426432278957,-0.7077914217893754,0.0234375
211.11518586431072,0.016086378878835968,-0.04152080026424806,-0.7078986524903625,0.01171875
211.15519253208868,0.016072774377015722,-0.0415173325393154,-0.7080058438412957,0.015625
211.19519919986666,0.016059174081429872,-0.041513861440234494,-0.7081129958566158,0.03125
211.23520586764462,0.016045576180161246,-0.04151038791672659,-0.708220108550757,0.015625
211.27521253542258,0.016031980718768105,-0.041506911991426386,-0.7083271819381491,0.01953125
211.31521920320054,0.01601838787577987,-0.04150343361925439,-0.7084342160332163,0.02734375
211.3552258709785,0.016004797974469263,-0.04149995267242014,-0.7085412108503779,0.01171875
211.39523253875646,0.015991211498966606,-0.04149646892125418,-0.7086481664040469,0.01171875
211.43523920653442,0.01597762910989748,-0.04149298201355089,-0.708755082708632,0.03125
211.4752458743124,0.01596405165828413,-0.04148949145293011,-0.7088619597785364,0.015625
211.51525254209037,0.015950478403748615,-0.04148599753667241,-0.7089687976281578,0.00390625
211.55525920986832,0.01593690754435311,-0.04148250120494081,-0.7090755962718888,0.0234375
211.59526587764628,0.015923339126502466,-0.04147900247993207,-0.7091823557241166,0.03125
211.63527254542424,0.01590977332918344,-0.041475501316685454,-0.7092890759992231,0.03125
211.6752792132022,0.01589621047584123,-0.04147199758799809,-0.709395757111585,0.01953125
211.71528588098016,0.015882651051109347,-0.04146849106508198,-0.7095023990755738,0.0234375
211.75529254875812,0.015869095715859448,-0.04146498139719626,-0.7096090019055555,0.0234375
211.7952992165361,0.015855545321726082,-0.041461468089833635,-0.7097155656158912,0.03515625
211.83530588431407,0.015841999115439154,-0.04145795144530224,-0.7098220902209365,0.01953125
211.87531255209203,0.015828455305063438,-0.04145443239424305,-0.7099285757350413,0.01953125
211.91531921986999,0.01581491393795855,-0.041450910958383935,-0.7100350221725508,0.02734375
211.95532588764794,0.01580137519341681,-0.041447387092942725,-0.7101414295478051,0.02734375
211.9953325554259,0.015787839395205408,-0.0414438606712471,-0.7102477978751384,0.015625
212.03533922320386,0.015774307028307764,-0.04144033146544959,-0.71035412716888,0.046875
212.07534589098185,0.01576077875399028,-0.04143679912621606,-0.7104604174433542,0.01171875
212.1153525587598,0.01574725542434141,-0.041433263160971394,-0.7105666687128795,0.0234375
212.15535922653777,0.015733736273269638,-0.04142972387696864,-0.7106728809917695,0.03515625
212.19536589431573,0.015720219518905253,-0.04142618219534792,-0.7107790542943323,0.01953125
212.2353725620937,0.01570670520951882,-0.04142263813739569,-0.7108851886348712,0.01953125
212.27537922987165,0.015693193524707424,-0.04141909165850988,-0.7109912840276836,0.02734375
212.3153858976496,0.01567968478855876,-0.04141554263254987,-0.7110973404870623,0.0078125
212.3553925654276,0.01566617948636717,-0.041411990832623514,-0.7112033580272945,0.01171875
212.39539923320555,0.01565267827989945,-0.04140843591076263,-0.7113093366626622,0.0234375
212.4354059009835,0.015639182021549108,-0.04140487737637899,-0.7114152764074417,0.01171875
212.47541256876147,0.015625689932504246,-0.04140131554157697,-0.7115211772759055,0.02734375
212.51541923653943,0.015612200240912779,-0.041397751318059325,-0.7116270392823192,0.02734375
212.5554259043174,0.01559871299606284,-0.04139418472664139,-0.711732862440944,0.0234375
212.59543257209535,0.015585228377704964,-0.04139061572295939,-0.7118386467660358,0.02734375
212.6354392398733,0.015571746710396385,-0.041387044181348934,-0.7119443922718449,0.02734375
212.6754459076513,0.015558268479663838,-0.04138346987590266,-0.7120500989726171,0.01171875
212.71545257542925,0.015544794347698837,-0.041379892460046475,-0.7121557668825924,0.0234375
212.7554592432072,0.01553132516734326,-0.04137631144512289,-0.7122613960160058,0.0234375
212.79546591098517,0.015517860146869913,-0.04137272714810609,-0.7123669863870865,0.00390625
212.83547257876313,0.015504397524696427,-0.04136914047121171,-0.7124725380100595,0.02734375
212.8754792465411,0.015490937350933934,-0.041365551434867975,-0.7125780508991438,0.01953125
212.91548591431905,0.015477479805636291,-0.041361959994893845,-0.7126835250685537,0.0078125
212.95549258209704,0.015464025213679164,-0.04135836602615901,-0.7127889605324977,0.046875
212.995499249875,0.015450574060929268,-0.041354769303700085,-0.7128943573051796,0.01171875
213.03550591765296,0.015437127009964973,-0.041351169482350666,-0.7129997154007979,0.0078125
213.07551258543091,0.015423684914071126,-0.04134756607538435,-0.7131050348335455,0.0
213.11551925320887,0.01541024696852257,-0.041343959404620476,-0.7132103156176102,0.01953125
213.15552592098683,0.01539681142222077,-0.04134035036275374,-0.7133155577671753,0.01953125
213.1955325887648,0.01538337832590548,-0.04133673896990775,-0.7134207612964178,0.0234375
213.23553925654278,0.015369947860084549,-0.04133312518202925,-0.7135259262195105,0.02734375
213.27554592432074,0.015356520349796064,-0.041329508874580784,-0.7136310525506203,0.015625
213.3155525920987,0.015343096281400908,-0.0413258898234855,-0.7137361403039091,0.01953125
213.35555925987666,0.015329676317706584,-0.041322267685042526,-0.713841189493534,0.01953125
213.39556592765462,0.015316261312587919,-0.04131864197440042,-0.7139462001336465,0.0234375
213.43557259543257,0.015302850448201878,-0.041315013018212374,-0.7140511722383927,0.015625
213.47557926321053,0.015289441983959436,-0.04131138169968942,-0.7141561058219139,0.02734375
213.5155859309885,0.015276035971335625,-0.04130774803862028,-0.7142610008983467,0.0234375
213.55559259876648,0.015262632591139887,-0.04130411199113767,-0.714365857481821,0.01953125
213.59559926654444,0.015249232168724872,-0.04130047343324064,-0.7144706755864625,0.03125
213.6356059343224,0.015235835190789726,-0.04129683214179727,-0.714575455226392,0.015625
213.67561260210036,0.015222442320519286,-0.04129318777451599,-0.7146801964157248,0.0234375
213.71561926987832,0.015209054412223515,-0.04128953984847647,-0.7147848991685706,0.015625
213.75562593765628,0.015195670635009734,-0.041285888695084455,-0.7148895634990348,0.01171875
213.79563260543424,0.015182289258861722,-0.04128223518809078,-0.7149941894212164,0.015625
213.83563927321222,0.015168910335946818,-0.04127857934697467,-0.7150987769492108,0.01953125
213.87564594099018,0.015155534047334693,-0.04127492112807127,-0.715203326097107,0.0234375
213.91565260876814,0.015142160718806703,-0.04127126040787486,-0.715307836878989,0.0078125
213.9556592765461,0.015128790837246782,-0.0412675969642547,-0.715412309308936,0.00390625
213.99566594432406,0.015115425066363954,-0.04126393045627387,-0.7155167434010216,0.02734375
214.03567261210202,0.01510206426074887,-0.041260260402998294,-0.715621139169315,0.0078125
214.07567927987998,0.01508870757656481,-0.04125658714049161,-0.7157254966278794,0.01171875
214.11568594765794,0.015075353294318998,-0.041252911533109615,-0.7158298157907732,0.0234375
214.15569261543592,0.015062001466976177,-0.04124923359999301,-0.71593409667205,0.0234375
214.19569928321388,0.015048652275793563,-0.041245553297706954,-0.7160383392857574,0.01953125
214.23570595099184,0.01503530604690143,-0.04124187050327109,-0.7161425436459385,0.01171875
214.2757126187698,0.015021963267517452,-0.04123818499550089,-0.716246709766631,0.01171875
214.31571928654776,0.015008624601721334,-0.04123449643487004,-0.7163508376618676,0.0078125
214.35572595432572,0.014995290904530258,-0.04123080434237508,-0.7164549273456755,0.0234375
214.39573262210368,0.014981961318969029,-0.041227109058753306,-0.7165589788320774,0.0234375
214.43573928988167,0.014968634136320083,-0.041223411438920526,-0.7166629921350902,0.0234375
214.47574595765963,0.0149553094101483,-0.04121971150176038,-0.716766967268726,0.01171875
214.51575262543759,0.01494198732201335,-0.041216009204026904,-0.7168709042469914,0.02734375
214.55575929321554,0.014928668198354367,-0.04121230442328062,-0.7169748030838885,0.01171875
214.5957659609935,0.014915352526720431,-0.04120859693928389,-0.7170786637934139,0.03515625
214.63577262877146,0.014902040971558643,-0.04120488641392144,-0.7171824863895587,0.02734375
214.67577929654942,0.014888734388308348,-0.04120117237012049,-0.7172862708863097,0.0234375
214.7157859643274,0.014875431906775444,-0.041197455153265006,-0.7173900172976476,0.03125
214.75579263210537,0.014862131829226116,-0.04119373560880316,-0.7174937256375491,0.03125
214.79579929988333,0.014848834209637802,-0.041190013755438154,-0.7175973959199846,0.01171875
214.8358059676613,0.014835539230017507,-0.04118628955006183,-0.7177010281589198,0.01171875
214.87581263543925,0.014822247216962929,-0.041182562870830317,-0.7178046223683157,0.01171875
214.9158193032172,0.014808958658502042,-0.0411788334983998,-0.7179081785621277,0.01171875
214.95582597099516,0.014795674219296222,-0.041175101096120326,-0.7180116967543066,0.02734375
214.99583263877312,0.01478239475535247,-0.041171365188795814,-0.7181151769587975,0.0234375
215.0358393065511,0.014769119383138008,-0.04116762612644384,-0.7182186191895403,0.02734375
215.07584597432907,0.014755846415931011,-0.04116388474508325,-0.7183220234604706,0.02734375
215.11585264210703,0.014742575908224352,-0.041160141063207846,-0.718425389785518,0.0234375
215.155859309885,0.01472930804232265,-0.04115639503790283,-0.7185287181786075,0.03125
215.19586597766295,0.014716043145130572,-0.041152646547866684,-0.718632008653659,0.01953125
215.2358726454409,0.014702781705002726,-0.04114889537470461,-0.7187352612245868,0.02734375
215.27587931321887,0.014689524386961436,-0.04114514118317806,-0.7188384759053006,0.01953125
215.31588598099685,0.014676272047428105,-0.04114138350002151,-0.7189416527097049,0.03125
215.3558926487748,0.014663023789597,-0.04113762267980593,-0.719044791651699,0.01953125
215.39589931655277,0.014649777937823825,-0.04113385954914598,-0.7191478927451769,0.015625
215.43590598433073,0.014636534547071875,-0.04113009412635063,-0.7192509560040281,0.02734375
215.4759126521087,0.01462329379990518,-0.04112632636871313,-0.7193539814421364,0.03515625
215.51591931988665,0.014610056023646085,-0.04112255615543558,-0.7194569690733806,0.01171875
215.5559259876646,0.014596821706823866,-0.04111878326912613,-0.7195599189116351,0.0078125
215.5959326554426,0.014583591514969133,-0.0411150073759045,-0.7196628309707681,0.01171875
215.63593932322055,0.014570366304759677,-0.04111122800449031,-0.7197657052646436,0.01953125
215.6759459909985,0.014557145166229073,-0.04110744551391184,-0.7198685418071197,0.02734375
215.71595265877647,0.01454392643475666,-0.041103660721447347,-0.7199713406120505,0.01171875
215.75595932655443,0.014530710165882742,-0.04109987364519138,-0.7200741016932842,0.03125
215.7959659943324,0.014517496542355237,-0.04109608424267297,-0.720176825064664,0.01953125
215.83597266211035,0.01450428589183769,-0.041092292393625975,-0.720279510740028,0.0078125
215.8759793298883,0.01449107870318149,-0.04108849788160872,-0.7203821587332098,0.0234375
215.9159859976663,0.014477875642271498,-0.04108470037415348,-0.7204847690580372,0.01953125
215.95599266544426,0.01446467756619028,-0.04108089940191026,-0.7205873417283334,0.03125
215.99599933322222,0.0144514835516148,-0.04107709532837822,-0.720689876757916,0.00390625
216.03600600100017,0.01443829194519824,-0.04107328896145938,-0.7207923741605983,0.0078125
216.07601266877813,0.014425102802864298,-0.04106948031911056,-0.7208948339501878,0.01171875
216.1160193365561,0.014411916307656153,-0.04106566935905813,-0.7209972561404874,0.01171875
216.15602600433405,0.014398732787539678,-0.04106185596158212,-0.7210996407452946,0.015625
216.19603267211204,0.014385552731686995,-0.041058039911191446,-0.7212019877784023,0.01953125
216.23603933989,0.014372376806293554,-0.04105422087684551,-0.7213042972535978,0.01953125
216.27604600766796,0.014359205868957479,-0.04105039839108431,-0.7214065691846636,0.015625
216.31605267544592,0.014346038982805677,-0.04104657282188912,-0.7215088035853772,0.01171875
216.35605934322388,0.014332874506013867,-0.041042744967748054,-0.721611000469511,0.03125
216.39606601100184,0.01431971249469582,-0.041038914846555585,-0.7217131598508325,0.01171875
216.4360726787798,0.014306553132338497,-0.04103508241618465,-0.7218152817431034,0.0078125
216.47607934655778,0.014293396747060282,-0.041031247557514326,-0.7219173661600817,0.0078125
216.51608601433574,0.01428024382849689,-0.041027410055954346,-0.7220194131155189,0.015625
216.5560926821137,0.014267095043082646,-0.0410235695819152,-0.722121422623162,0.015625
216.59609934989166,0.0142539512488506,-0.04101972566985449,-0.7222233946967537,0.01171875
216.63610601766962,0.014240811495477419,-0.041015878692141836,-0.7223253293500307,0.01171875
216.67611268544758,0.014227674152618911,-0.04101202943791844,-0.7224272265967251,0.02734375
216.71611935322554,0.014214539276681796,-0.04100817792498687,-0.7225290864505639,0.01171875
216.7561260210035,0.014201407051446544,-0.04100432411142057,-0.7226309089252688,0.0234375
216.79613268878148,0.014188277805330884,-0.041000467878646724,-0.7227326940345571,0.01953125
216.83613935655944,0.014175152028285492,-0.04099660901302792,-0.7228344417921402,0.015625
216.8761460243374,0.014162030387089245,-0.040992747186387964,-0.722936152211725,0.01171875
216.91615269211536,0.014148913740124761,-0.04098888193513489,-0.7230378253070131,0.0078125
216.95615935989332,0.014135801123709971,-0.04098501363592408,-0.723139461091702,0.01953125
216.99616602767128,0.014122690918945613,-0.04098114306862638,-0.723241059579483,0.015625
217.03617269544924,0.014109583182532075,-0.040977270250954656,-0.7233426207840427,0.01953125
217.07617936322723,0.014096478098506214,-0.040973395141196724,-0.7234441447190632,0.01171875
217.11618603100518,0.014083375995692378,-0.04096951762129166,-0.7235456313982205,0.0234375
217.15619269878314,0.01407027736420784,-0.040965637478605835,-0.7236470808351866,0.01953125
217.1961993665611,0.01405718287132076,-0.040961754386325794,-0.723748493043628,0.0234375
217.23620603433906,0.014044093375566261,-0.0409578678828816,-0.7238498680372066,0.02734375
217.27621270211702,0.014031007900141269,-0.04095397834905971,-0.7239512058295788,0.02734375
217.31621936989498,0.014017924837410049,-0.0409500865555896,-0.7240525064343961,0.00390625
217.35622603767294,0.01400484424451538,-0.040946192520044986,-0.724153769865305,0.01171875
217.39623270545093,0.01399176630567428,-0.04094229620095525,-0.7242549961359476,0.03125
217.4362393732289,0.013978691350044543,-0.04093839748079727,-0.7243561852599598,0.01953125
217.47624604100685,0.013965619868053785,-0.04093449614789147,-0.7244573372509739,0.01953125
217.5162527087848,0.013952552527308097,-0.04093059187683874,-0.7245584521226158,0.03125
217.55625937656276,0.013939490186596208,-0.04092668420805958,-0.7246595298885071,0.0078125
217.59626604434072,0.013926431855933787,-0.040922773526420306,-0.7247605705622648,0.01953125
217.63627271211868,0.013913375939065156,-0.040918860593534986,-0.7248615741575004,0.01171875
217.67627937989667,0.013900322493427198,-0.040914945426890906,-0.7249625406878201,0.01953125
217.71628604767463,0.01388727170352493,-0.04091102798522288,-0.7250634701668257,0.04296875
217.7562927154526,0.013874223898813869,-0.0409071081515586,-0.7251643626081137,0.015625
217.79629938323055,0.013861179570028668,-0.04090318571517364,-0.7252652180252757,0.01171875
217.8363060510085,0.0138481393850728,-0.040899260352096053,-0.7253660364318983,0.01953125
217.87631271878647,0.013835104203052194,-0.04089533160471869,-0.7254668178415634,0.03125
217.91631938656442,0.013822073020741555,-0.040891399861936094,-0.7255675622678474,0.015625
217.9563260543424,0.013809044253382339,-0.04088746587627333,-0.725668269724322,0.01953125
217.99633272212037,0.013796017958552387,-0.0408835296651846,-0.7257689402245537,0.01953125
218.03633938989833,0.013782994321198769,-0.04087959118755926,-0.7258695737821046,0.0078125
218.0763460576763,0.01376997367092036,-0.04087565032702845,-0.7259701704105311,0.015625
218.11635272545425,0.013756956498906204,-0.040871706873773075,-0.7260707301233849,0.0078125
218.1563593932322,0.013743943473279657,-0.040867760505273715,-0.7261712529342128,0.01171875
218.19636606101017,0.013730935453341317,-0.04086381076594039,-0.7262717388565566,0.03515625
218.23637272878813,0.01371793142286302,-0.04085985804854385,-0.7263721879039532,0.01171875
218.2763793965661,0.013704929808400568,-0.040855903096647925,-0.7264726000899346,0.01171875
218.31638606434407,0.0136919306678244,-0.04085194592762363,-0.7265729754280276,0.015625
218.35639273212203,0.01367893418637087,-0.04084798650056794,-0.726673313931754,0.01171875
218.3963993999,0.013665940693930555,-0.040844024699665596,-0.7267736156146309,0.0078125
218.43640606767795,0.013652950681995723,-0.04084006031605421,-0.7268738804901702,0.0078125
218.4764127354559,0.013639964819017912,-0.04083609302862918,-0.726974108571879,0.015625
218.51641940323387,0.013626983964407218,-0.040832122383849374,-0.7270742998732596,0.015625
218.55642607101186,0.01361400708902305,-0.04082814877826083,-0.7271744544078089,0.0234375
218.59643273878982,0.01360103263066224,-0.040824172946555944,-0.7272745721890191,0.0
218.63643940656777,0.013588060647602011,-0.040820194905986026,-0.7273746532303774,0.01953125
218.67644607434573,0.01357509132521765,-0.04081621461590684,-0.7274746975453665,0.0234375
218.7164527421237,0.013562124993838371,-0.04081223196100855,-0.7275747051474633,0.015625
218.75645940990165,0.01354916214510881,-0.04080824673343531,-0.7276746760501401,0.01953125
218.7964660776796,0.013536203447953914,-0.04080425861344855,-0.7277746102668645,0.0078125
218.8364727454576,0.01352324976169787,-0.04080026714962346,-0.7278745078110994,0.0078125
218.87647941323556,0.013510300044521565,-0.04079627274213376,-0.727974368696302,0.01171875
218.91648608101352,0.013497352745361593,-0.04079227611689868,-0.728074192935925,0.01171875
218.95649274879148,0.01348440792282325,-0.040788277291078014,-0.7281739805434159,0.01171875
218.99649941656943,0.013471465762569475,-0.040784276224237505,-0.7282737315322176,0.0234375
219.0365060843474,0.013458526595217983,-0.04078027280162351,-0.7283734459157678,0.0078125
219.07651275212535,0.013445590912712056,-0.040776266816337975,-0.7284731237075,0.01953125
219.1165194199033,0.013432659384298176,-0.04077225795005809,-0.7285727649208413,0.015625
219.1565260876813,0.013419732869314242,-0.04076824575344449,-0.7286723695692156,0.02734375
219.19653275545926,0.013406810313206828,-0.040764230630248,-0.72877193766604,0.00390625
219.23653942323722,0.01339389017612721,-0.04076021329765421,-0.7288714692247287,0.0078125
219.27654609101518,0.013380972516972352,-0.04075619377274506,-0.7289709642586895,0.01953125
219.31655275879314,0.013368057521692017,-0.040752172015297704,-0.7290704227813253,0.0078125
219.3565594265711,0.013355145521190874,-0.04074814791111576,-0.7291698448060351,0.0078125
219.39656609434905,0.013342237007708452,-0.04074412125425956,-0.7292692303462125,0.00390625
219.43657276212704,0.013329332650773476,-0.04074009172783427,-0.7293685794152457,0.0234375
219.476579429905,0.013316433309797789,-0.04073605888456858,-0.7294678920265185,0.0078125
219.51658609768296,0.013303537917438308,-0.040732023131739445,-0.7295671681934099,0.02734375
219.55659276546092,0.013290644945174627,-0.04072798517782607,-0.7296664079292936,0.0234375
219.59659943323888,0.013277754452046885,-0.040723945039882456,-0.7297656112475384,0.0078125
219.63660610101684,0.013264866624438959,-0.040719902677850264,-0.7298647781615086,0.0234375
219.6766127687948,0.013251981793392745,-0.040715857978139765,-0.7299639086845633,0.01953125
219.71661943657276,0.013239100451589906,-0.040711810735722165,-0.7300630028300565,0.01953125
219.75662610435074,0.013226223268763035,-0.040707760635155084,-0.7301620606113376,0.015625
219.7966327721287,0.013213351104278863,-0.04070370723127652,-0.7302610820417513,0.01953125
219.83663943990666,0.01320048287823998,-0.04069965093474414,-0.7303600671346371,0.0
219.87664610768462,0.013187617073273195,-0.040695592445454024,-0.7304590159033295,0.03125
219.91665277546258,0.013174753748709852,-0.040691531780385246,-0.7305579283611583,0.0078125
219.95665944324054,0.013161893091218822,-0.04068746889969398,-0.7306568045214481,0.0234375
219.9966661110185,0.013149035432125925,-0.04068340369034958,-0.730755644397519,0.01171875
220.0366727787965,0.0131361812644053,-0.04067933594828303,-0.7308544480026864,0.01953125
220.07667944657445,0.013123331258098364,-0.04067526535946929,-0.7309532153502606,0.015625
220.1166861143524,0.0131104862724448,-0.04067119148088421,-0.7310519464535465,0.015625
220.15669278213036,0.013097645215082034,-0.04066711472646944,-0.7311506413258446,0.04296875
220.19669944990832,0.013084806579713237,-0.04066303578762451,-0.7312492999804505,0.0078125
220.23670611768628,0.013071970426071581,-0.04065895468121937,-0.7313479224306548,0.0234375
220.27671278546424,0.013059136940962104,-0.040654871367673734,-0.7314465086897436,0.00390625
220.31671945324223,0.013046306456141951,-0.04065078573446921,-0.7315450587709974,0.015625
220.3567261210202,0.01303347946472344,-0.04064669757854614,-0.7316435726876926,0.01171875
220.39673278879815,0.013020656637207473,-0.04064260658724758,-0.7317420504531003,0.0078125
220.4367394565761,0.013007838832506969,-0.04063851231975291,-0.7318404920804866,0.03125
220.47674612435407,0.012995024946033345,-0.040634415193143945,-0.7319388975831129,0.015625
220.51675279213202,0.01298221348245818,-0.04063031589042132,-0.732037266974236,0.0234375
220.55675945990998,0.012969404501842079,-0.04062621442837165,-0.7321356002671076,0.0234375
220.59676612768794,0.012956598191273429,-0.040622110767631586,-0.7322338974749742,0.0078125
220.63677279546593,0.012943794882790087,-0.040618004796244285,-0.7323321586110786,0.0234375
220.6767794632439,0.012930995069791283,-0.04061389631211129,-0.7324303836886572,0.01953125
220.71678613102185,0.012918199423083098,-0.04060978500399282,-0.7325285727209425,0.0078125
220.7567927987998,0.012905408801352809,-0.040605670433240315,-0.7326267257211616,0.02734375
220.79679946657777,0.012892622087728367,-0.040601553020028026,-0.7327248427025373,0.01171875
220.83680613435573,0.012879837797926471,-0.040597433438995766,-0.7328229236782875,0.01953125
220.87681280213368,0.012867055992297902,-0.040593311706860306,-0.7329209686616247,0.0234375
220.91681946991167,0.012854276858214511,-0.04058918778447629,-0.7330189776657574,0.03515625
220.95682613768963,0.012841500727953354,-0.04058506156046216,-0.7331169507038883,0.01953125
220.9968328054676,0.012828728095311952,-0.040580932833645264,-0.7332148877892155,0.01953125
221.03683947324555,0.01281595963124969,-0.04057680129425029,-0.733312788934933,0.01171875
221.0768461410235,0.012803196194328022,-0.04057266650577045,-0.7334106541542291,0.03515625
221.11685280880147,0.012790436655334426,-0.04056852889142418,-0.7335084834602881,0.02734375
221.15685947657943,0.012777679541143937,-0.04056438911751739,-0.7336062768662882,0.0234375
221.19686614435741,0.012764924912250602,-0.04056024720074489,-0.733704034385404,0.0078125
221.23687281213537,0.012752172956452382,-0.040556103102135435,-0.7338017560308046,0.0078125
221.27687947991333,0.012739424006196308,-0.04055195671090495,-0.7338994418156543,0.00390625
221.3168861476913,0.012726678555597889,-0.040547807826832274,-0.733997091753113,0.0078125
221.35689281546925,0.012713937275915277,-0.040543656141559366,-0.7340947058563354,0.0234375
221.3968994832472,0.012701201025388647,-0.04053950122078427,-0.7341922841384714,0.01171875
221.43690615102517,0.012688468662703416,-0.040535343490628546,-0.7342898266126662,0.0078125
221.47691281880313,0.012675738725710697,-0.04053118360918427,-0.73438733329206,0.0078125
221.51691948658112,0.012663011275194208,-0.04052702159307932,-0.7344848041897887,0.01953125
221.55692615435908,0.012650286499232449,-0.04052285740356386,-0.7345822393189823,0.015625
221.59693282213703,0.012637564730548615,-0.04051869093041811,-0.734679638692767,0.03125
221.636939489915,0.012624846463537905,-0.040514521974384425,-0.734777002324264,0.02734375
221.67694615769295,0.012612132369753982,-0.04051035022852233,-0.7348743302265892,0.0078125
221.7169528254709,0.012599423307068015,-0.04050617526075032,-0.7349716224128543,0.0390625
221.75695949324887,0.01258671812215425,-0.0405019974999998,-0.7350688788961655,0.03125
221.79696616102686,0.012574015363769378,-0.04049781759623287,-0.7351660996896249,0.01953125
221.83697282880482,0.01256131509309386,-0.04049363556597868,-0.7352632848063293,0.01171875
221.87697949658278,0.012548617498341621,-0.040489451370754936,-0.735360434259371,0.0078125
221.91698616436074,0.012535922912656691,-0.040485264900861836,-0.7354575480618373,0.01171875
221.9569928321387,0.012523231830564353,-0.04048107595805159,-0.7355546262268107,0.03125
221.99699949991665,0.01251054492405778,-0.04047688423675583,-0.7356516687673691,0.015625
222.0370061676946,0.012497863050444176,-0.040472689307174466,-0.7357486756965854,0.01953125
222.0770128354726,0.012485185044625872,-0.04046849160091029,-0.7358456470275279,0.0234375
222.11701950325056,0.01247250946615266,-0.04046429175989162,-0.7359425827732595,0.01953125
222.15702617102852,0.012459836376533742,-0.04046008980057189,-0.7360394829468393,0.0234375
222.19703283880648,0.012447165964260891,-0.040455885684692786,-0.7361363475613208,0.02734375
222.23703950658444,0.012434498562751084,-0.040451679303121296,-0.736233176629753,0.0078125
222.2770461743624,0.012421834666804679,-0.04044747045857412,-0.7363299701651802,0.0078125
222.31705284214036,0.012409174948703722,-0.04044325884690116,-0.7364267281806417,0.01171875
222.35705950991832,0.012396520265291157,-0.040439044040552874,-0.7365234506891722,0.01171875
222.3970661776963,0.012383869439640174,-0.04043482647375761,-0.7366201377038016,0.03125
222.43707284547426,0.0123712210421722,-0.04043060678044677,-0.7367167892375548,0.02734375
222.47707951325222,0.012358575134684972,-0.04042638497701193,-0.7368134053034521,0.015625
222.51708618103018,0.012345931905948253,-0.04042216102541989,-0.7369099859145093,0.02734375
222.55709284880814,0.012333291689613595,-0.040417934817116655,-0.7370065310837368,0.03125
222.5970995165861,0.012320654980864343,-0.04041370615575032,-0.7371030408241409,0.0078125
222.63710618436406,0.012308022452121151,-0.04040947473863414,-0.7371995151487224,0.01953125
222.67711285214205,0.012295394959863105,-0.04040524014043875,-0.7372959540704782,0.01953125
222.71711951992,0.012282771315275474,-0.040401002797972554,-0.7373923576023997,0.015625
222.75712618769796,0.012270150099766168,-0.040396763337195996,-0.7374887257574734,0.0234375
222.79713285547592,0.01225753137527315,-0.040392521774485476,-0.7375850585486816,0.01953125
222.83713952325388,0.012244915330990234,-0.04038827807198954,-0.7376813559890016,0.01953125
222.87714619103184,0.012232302300728502,-0.04038403212175637,-0.7377776180914065,0.01953125
222.9171528588098,0.012219692779978366,-0.04037978372838889,-0.7378738448688638,0.015625
222.95715952658776,0.012207087441442931,-0.04037553259061871,-0.7379700363343364,0.01953125
222.99716619436575,0.012194487141041715,-0.04037127828539645,-0.738066192500783,0.01171875
223.0371728621437,0.012181890678313574,-0.040367021251974035,-0.7381623133811568,0.01171875
223.07717952992166,0.012169296645467462,-0.04036276210845832,-0.7382583989884065,0.02734375
223.11718619769962,0.012156705104729321,-0.04035850087116671,-0.7383544493354764,0.01953125
223.15719286547758,0.012144116245569044,-0.040354237502475854,-0.7384504644353059,0.01953125
223.19719953325554,0.012131530402065993,-0.04034997189500341,-0.7385464443008293,0.0234375
223.2372062010335,0.012118948069978482,-0.040345703854319036,-0.7386423889449767,0.01953125
223.2772128688115,0.012106369922289832,-0.04034143308057248,-0.7387382983806732,0.0234375
223.31721953658945,0.012093796814272703,-0.0403371591530204,-0.7388341726208383,0.015625
223.3572262043674,0.012081227534024165,-0.040332882513234476,-0.7389300116783881,0.0234375
223.39723287214537,0.012068660684371004,-0.04032860377158327,-0.7390258155662337,0.015625
223.43723953992333,0.012056096327973524,-0.040324322944282884,-0.7391215842972809,0.0078125
223.47724620770128,0.012043534654430048,-0.040320039993983245,-0.7392173178844315,0.0234375
223.51725287547924,0.012030975998233323,-0.04031575481382865,-0.7393130163405813,0.01171875
223.55725954325723,0.012018420855261579,-0.04031146721039958,-0.7394086796786231,0.0234375
223.5972662110352,0.012005869898917713,-0.040307176885221625,-0.7395043079114433,0.0078125
223.63727287881315,0.011993323983712768,-0.040302883419891,-0.7395999010519245,0.01953125
223.6772795465911,0.011980781886316124,-0.0402985872582337,-0.739695459112945,0.00390625
223.71728621436907,0.011968242220284685,-0.04029428900290594,-0.7397909821073771,0.0234375
223.75729288214703,0.011955705048565897,-0.04028998867006835,-0.7398864700480895,0.01953125
223.797299549925,0.011943170561032444,-0.04028568622260129,-0.7399819229479454,0.015625
223.83730621770295,0.011930639092442092,-0.040281381554220855,-0.7400773408198038,0.0234375
223.87731288548093,0.011918111138936349,-0.04027707447247511,-0.7401727236765188,0.0234375
223.9173195532589,0.011905587374190736,-0.04027276468030883,-0.7402680715309397,0.02734375
223.95732622103685,0.011893068652014248,-0.04026845176163911,-0.7403633843959109,0.01953125
223.9973328888148,0.011880553737704603,-0.04026413616246854,-0.7404586622842728,0.01171875
224.03733955659277,0.011868041255513068,-0.04025981847781129,-0.7405539052088604,0.0234375
224.07734622437073,0.01185553126867391,-0.04025549872377409,-0.7406491131825047,0.0234375
224.1173528921487,0.011843023967333268,-0.04025117686346905,-0.7407442862180308,0.01171875
224.15735955992668,0.0118305196864767,-0.04024685279119552,-0.74083942432826,0.01171875
224.19736622770463,0.011818018922613461,-0.040242526315438336,-0.740934527526009,0.02734375
224.2373728954826,0.01180552234954498,-0.04023819714060376,-0.7410295958240894,0.0078125
224.27737956326055,0.011793030820476206,-0.04023386485290023,-0.7411246292353082,0.0234375
224.3173862310385,0.011780543089278683,-0.040229529900462135,-0.7412196277724675,0.01171875
224.35739289881647,0.011768057791008509,-0.04022519287068865,-0.741314591448365,0.01171875
224.39739956659443,0.011755574989040032,-0.04022085377967706,-0.7414095202757933,0.03125
224.43740623437242,0.01174309487393926,-0.04021651259072934,-0.7415044142675415,0.0078125
224.47741290215038,0.011730617780840858,-0.04021216919875158,-0.7415992734363924,0.0234375
224.51741956992834,0.011718144206552168,-0.040207823413186086,-0.7416940977951251,0.03125
224.5574262377063,0.01170567482513979,-0.0402034749398585,-0.7417888873565135,0.015625
224.59743290548425,0.011693210489011716,-0.04019912336732438,-0.7418836421333274,0.02734375
224.6374395732622,0.011680749940851743,-0.04019476914571976,-0.7419783621383312,0.01171875
224.67744624104017,0.011668291826338299,-0.04019041285494158,-0.7420730473842853,0.01171875
224.71745290881813,0.011655836209131952,-0.040186054511036,-0.7421676978839449,0.00390625
224.75745957659612,0.01164338328007016,-0.04018169407753973,-0.7422623136500607,0.015625
224.79746624437408,0.011630933374547956,-0.04017733144993322,-0.7423568946953788,0.01171875
224.83747291215204,0.011618486989628777,-0.04017296643862857,-0.7424514410326407,0.015625
224.87747957993,0.011606044799642166,-0.040168598750870636,-0.742545952674583,0.00390625
224.91748624770796,0.011593607656115276,-0.040164227977585155,-0.7426404296339375,0.02734375
224.95749291548591,0.011581174290745814,-0.04015985457079182,-0.742734871923432,0.00390625
224.99749958326387,0.011568743359652247,-0.04015547910299671,-0.7428292795557888,0.01953125
225.03750625104186,0.011556314926928067,-0.04015110159015407,-0.7429236525437257,0.01953125
225.07751291881982,0.011543889183532203,-0.04014672199607954,-0.7430179908999563,0.0078125
225.11751958659778,0.011531466465267525,-0.04014234021678611,-0.7431122946371895,0.015625
225.15752625437574,0.01151904726930416,-0.0401379560636984,-0.7432065637681292,0.01171875
225.1975329221537,0.011506632270377359,-0.04013356924543877,-0.7433007983054747,0.01171875
225.23753958993166,0.011494222319013165,-0.040129179355335956,-0.7433949982619203,0.015625
225.27754625770962,0.011481816135942197,-0.04012478684722931,-0.7434891636501568,0.0234375
225.31755292548758,0.011469412387832896,-0.04012039228626033,-0.743583294482869,0.015625
225.35755959326556,0.011457011139064072,-0.04011599568833566,-0.7436773907727376,0.0078125
225.39756626104352,0.011444612580864403,-0.04011159701750793,-0.7437714525324389,0.0078125
225.43757292882148,0.011432217049293819,-0.04010719617036675,-0.7438654797746442,0.015625
225.47757959659944,0.011419825041773923,-0.04010279295930737,-0.7439594725120202,0.01953125
225.5175862643774,0.01140743723329628,-0.04009838709437193,-0.7440534307572292,0.0234375
225.55759293215536,0.011395054473448166,-0.04009397817127239,-0.7441473545229282,0.02734375
225.59759959993332,0.01138267547204886,-0.04008956664559338,-0.7442412438217708,0.00390625
225.6376062677113,0.011370298906281303,-0.040085153075180124,-0.7443350986664046,0.01171875
225.67761293548926,0.011357924840769836,-0.04008073747590438,-0.744428919069473,0.01953125
225.71761960326722,0.011345553467124297,-0.04007631981202513,-0.7445227050436154,0.015625
225.75762627104518,0.011333185121513233,-0.04007189998075133,-0.7446164566014658,0.01171875
225.79763293882314,0.011320820301753184,-0.04006747779540796,-0.7447101737556536,0.01171875
225.8376396066011,0.011308459682942997,-0.04006305296749843,-0.7448038565188042,0.02734375
225.87764627437906,0.011296104113829763,-0.04005862509508823,-0.7448975049035379,0.0234375
225.91765294215705,0.01128375229326898,-0.0400541946354639,-0.7449911189224702,0.01171875
225.957659609935,0.011271402909063291,-0.04004976213920264,-0.7450846985882122,0.01171875
225.99766627771297,0.011259056026015315,-0.040045327622161474,-0.7451782439133702,0.01953125
226.03767294549093,0.011246711836038113,-0.04004089104882923,-0.7452717549105465,0.01171875
226.07767961326888,0.011234370675554203,-0.04003645231699312,-0.7453652315923379,0.00390625
226.11768628104684,0.011222033042626808,-0.04003201124095019,-0.7454586739713372,0.015625
226.1576929488248,0.011209699612604663,-0.04002756753362352,-0.7455520820601323,0.0078125
226.19769961660276,0.011197371233201608,-0.04002312079548484,-0.7456454558713068,0.00390625
226.23770628438075,0.011185046592546741,-0.040018671485398075,-0.7457387954174391,0.0078125
226.2777129521587,0.011172724388882782,-0.04001422014678066,-0.7458321007111034,0.015625
226.31771961993667,0.011160404687296687,-0.04000976679544627,-0.7459253717648694,0.015625
226.35772628771463,0.011148087679968307,-0.04000531139612493,-0.7460186085913016,0.015625
226.3977329554926,0.011135773703572553,-0.04000085384718309,-0.7461118112029609,0.01171875
226.43773962327055,0.01112346325641691,-0.039996393963890375,-0.7462049796124024,0.01953125
226.4777462910485,0.011111157014096807,-0.0399919314605896,-0.7462981138321773,0.0078125
226.5177529588265,0.011098855823210326,-0.03998746594017953,-0.7463912138748322,0.015625
226.55775962660445,0.011086558361358814,-0.03998299786298916,-0.7464842797529089,0.0078125
226.5977662943824,0.01107426333704579,-0.039978527765383146,-0.7465773114789445,0.015625
226.63777296216037,0.011061970815786568,-0.03997405566309339,-0.7466703090654718,0.02734375
226.67777962993833,0.011049680989881416,-0.0399695815211326,-0.746763272525019,0.01953125
226.7177862977163,0.011037394196401451,-0.039965105238407225,-0.746856201870109,0.03125
226.75779296549425,0.011025110933750646,-0.03996062663120009,-0.7469490971132611,0.015625
226.79779963327223,0.011012831877914271,-0.039956145415233596,-0.7470419582669895,0.03125
226.8378063010502,0.011000557874250982,-0.03995166119586495,-0.7471347853438035,0.00390625
226.87781296882815,0.010988287589860136,-0.0399471744348251,-0.7472275783562089,0.01171875
226.9178196366061,0.010976019743610626,-0.0399426856614534,-0.7473203373167059,0.015625
226.95782630438407,0.010963754401301212,-0.03993819489144186,-0.7474130622377901,0.03125
226.99783297216203,0.01095149175549716,-0.039933702090046576,-0.7475057531319531,0.01171875
227.03783963994,0.010939232143518681,-0.039929207156755464,-0.7475984100116815,0.0234375
227.07784630771795,0.010926976064009383,-0.03992470990882466,-0.7476910328894576,0.01171875
227.11785297549594,0.010914724193194591,-0.03992021006339684,-0.7477836217777588,0.01171875
227.1578596432739,0.010902477375258679,-0.039915707228266865,-0.7478761766890583,0.0078125
227.19786631105185,0.010890234266852351,-0.03991120186649711,-0.7479686976358242,0.00390625
227.2378729788298,0.01087799359717381,-0.03990669450046816,-0.7480611846305206,0.0078125
227.27787964660777,0.010865755432268483,-0.03990218514584353,-0.7481536376856066,0.0078125
227.31788631438573,0.01085351996507463,-0.03989767376809432,-0.7482460568135372,0.015625
227.3578929821637,0.010841287533014733,-0.03989316026733034,-0.7483384420267619,0.015625
227.39789964994168,0.010829058635115843,-0.03988864446174184,-0.748430793337727,0.015625
227.43790631771964,0.010816833947692006,-0.039884126069932135,-0.748523110758873,0.015625
227.4779129854976,0.01080461431385439,-0.03987960470210335,-0.7486153943026363,0.0234375
227.51791965327556,0.010792398379751808,-0.03987508082260838,-0.7487076439814492,0.0234375
227.55792632105351,0.01078018488501958,-0.039870554946895995,-0.7487998598077388,0.01171875
227.59793298883147,0.010767973895876994,-0.039866027090622314,-0.7488920417939275,0.0078125
227.63793965660943,0.010755765605561575,-0.03986149721949476,-0.7489841899524337,0.015625
227.67794632438742,0.010743560351742776,-0.03985696523420587,-0.7490763042956712,0.02734375
227.71795299216538,0.010731358633679461,-0.03985243095392138,-0.749168384836049,0.015625
227.75795965994334,0.010719161127922384,-0.03984789409866393,-0.7492604315859714,0.015625
227.7979663277213,0.0107069686763134,-0.039843354281093396,-0.7493524445578388,0.0
227.83797299549926,0.01069477991473851,-0.039838811966733154,-0.7494444237640461,0.01171875
227.87797966327722,0.010682593593087618,-0.03983426766420596,-0.7495363692169843,0.01171875
227.91798633105518,0.010670409777862322,-0.03982972138913227,-0.74962828092904,0.015625
227.95799299883313,0.010658228662562184,-0.03982517310746703,-0.7497201589125944,0.02734375
227.99799966661112,0.010646050585101003,-0.039820622720486684,-0.7498120031800252,0.01171875
228.03800633438908,0.01063387604497011,-0.03981607004833217,-0.749903813743705,0.015625
228.07801300216704,0.010621705718950682,-0.03981151481244622,-0.7499955906160017,0.01171875
228.118019669945,0.010609540447533226,-0.03980695662796524,-0.7500873338092792,0.01171875
228.15802633772296,0.010597378856542546,-0.03980239596147492,-0.7501790433358964,0.01171875
228.19803300550092,0.010585219705940794,-0.03979783331487612,-0.7502707192082078,0.0078125
228.23803967327888,0.010573063062656264,-0.039793268703716696,-0.7503623614385636,0.01953125
228.27804634105686,0.010560909120305825,-0.03978870209423856,-0.7504539700393092,0.01953125
228.31805300883482,0.010548758217187806,-0.03978413338826539,-0.7505455450227854,0.015625
228.35805967661278,0.010536610852881797,-0.03977956240695137,-0.7506370864013285,0.0234375
228.39806634439074,0.010524467704539976,-0.03977498887312139,-0.7507285941872707,0.0234375
228.4380730121687,0.010512329611182397,-0.039770412404416325,-0.750820068392939,0.0234375
228.47807967994666,0.01050019518859313,-0.03976583346842516,-0.7509115090306566,0.0234375
228.51808634772462,0.010488063206913931,-0.0397612525603534,-0.7510029161127418,0.015625
228.55809301550258,0.010475933733354469,-0.039756669695716555,-0.751094289651508,0.0078125
228.59809968328057,0.010463806961791843,-0.03975208484100629,-0.7511856296592649,0.00390625
228.63810635105852,0.010451683230765382,-0.039747497898632356,-0.751276936148317,0.0078125
228.67811301883648,0.010439563040082521,-0.03974290869072481,-0.7513682091309644,0.015625
228.71811968661444,0.010427447067119266,-0.039738316941529093,-0.751459448619503,0.01171875
228.7581263543924,0.010415336149487156,-0.03973372227117023,-0.7515506546262238,0.01171875
228.79813302217036,0.010403228892986416,-0.03972912514817238,-0.751641827163414,0.015625
228.83813968994832,0.010391124077900694,-0.03972452606111053,-0.7517329662433554,0.00390625
228.8781463577263,0.010379021771685442,-0.03971992502547865,-0.7518240718783261,0.01171875
228.91815302550427,0.010366922168582449,-0.03971532200799184,-0.7519151440805987,0.01953125
228.95815969328223,0.010354825607228918,-0.039710716911683736,-0.7520061828624425,0.01953125
228.99816636106019,0.010342732587801218,-0.03970610955962335,-0.752097188236121,0.0234375
229.03817302883814,0.010330643787751484,-0.03970149967751436,-0.752188160213894,0.03515625
229.0781796966161,0.01031856004338052,-0.03969688688793671,-0.7522790988080172,0.0078125
229.11818636439406,0.010306479950453478,-0.039692271660310065,-0.752370004030741,0.01953125
229.15819303217205,0.010294402299503427,-0.0396876544766058,-0.7524608758943113,0.02734375
229.19819969995,0.010282327158155092,-0.03968303535231749,-0.75255171441097,0.015625
229.23820636772797,0.010270254720947534,-0.03967841425440248,-0.7526425195929543,0.015625
229.27821303550593,0.010258185326754857,-0.03967379108648222,-0.7527332914524967,0.0078125
229.3182197032839,0.010246119475976388,-0.039669165672602896,-0.7528240300018257,0.01953125
229.35822637106185,0.010234057846281806,-0.039664537739888484,-0.7529147352531651,0.02734375
229.3982330388398,0.010222001272469913,-0.03965990691341992,-0.7530054072187337,0.01953125
229.43823970661776,0.010209948340508618,-0.039655273663397876,-0.7530960459107466,0.02734375
229.47824637439575,0.010197897850996916,-0.0396506384652925,-0.7531866513414138,0.0078125
229.5182530421737,0.010185849871839736,-0.03964600133456932,-0.7532772235229416,0.0078125
229.55825970995167,0.010173804597833357,-0.039641362238439434,-0.753367762467531,0.01953125
229.59826637772963,0.010161762368088158,-0.03963672108111274,-0.7534582681873787,0.01171875
229.6382730455076,0.010149723683187976,-0.03963207768762233,-0.7535487406946773,0.01171875
229.67827971328555,0.010137689221124936,-0.03962743178648473,-0.7536391800016145,0.0078125
229.7182863810635,0.010125659815005142,-0.03962278300532653,-0.7537295861203734,0.015625
229.7582930488415,0.010113634041237699,-0.03961813181501653,-0.7538199590631338,0.0234375
229.79829971661945,0.010101610710302343,-0.039613478684625135,-0.7539102988420696,0.0078125
229.8383063843974,0.01008958989053087,-0.03960882362955381,-0.7540006054693508,0.0078125
229.87831305217537,0.010077571776830661,-0.039604166617305626,-0.7540908789571433,0.03125
229.91831971995333,0.010065556708690877,-0.039599507552643055,-0.7541811193176076,0.01171875
229.9583263877313,0.010053545186805514,-0.03959484626160482,-0.7542713265629006,0.0
229.99833305550925,0.010041537889413688,-0.039590182474118774,-0.7543615007051749,0.01171875
230.03833972328724,0.010029535648027598,-0.03958551582032714,-0.7544516417565779,0.0078125
230.0783463910652,0.010017537029442705,-0.03958084677172986,-0.7545417497292524,0.0078125
230.11835305884316,0.010005540854131457,-0.03957617579102256,-0.7546318246353375,0.015625
230.15835972662111,0.009993547190703885,-0.03957150289358223,-0.7547218664869675,0.01171875
230.19836639439907,0.009981556234322736,-0.0395668280471678,-0.7548118752962722,0.015625
230.23837306217703,0.00996956832471005,-0.0395621511571323,-0.7549018510753773,0.02734375
230.278379729955,0.009957583962775827,-0.0395574720504927,-0.7549917938364037,0.0078125
230.31838639773295,0.00994560382696686,-0.03955279045859747,-0.7550817035914676,0.02734375
230.35839306551094,0.009933628747154036,-0.03954810601411187,-0.7551715803526813,0.01171875
230.3983997332889,0.009921657280615562,-0.03954341918909181,-0.7552614241321525,0.00390625
230.43840640106686,0.009909688257775332,-0.03953873043992204,-0.7553512349419843,0.03515625
230.47841306884482,0.00989772174748617,-0.03953403978196533,-0.7554410127942754,0.015625
230.51841973662277,0.009885757945273126,-0.03952934718321074,-0.7555307577011204,0.015625
230.55842640440073,0.009873797190945666,-0.03952465254963866,-0.7556204696746089,0.0234375
230.5984330721787,0.009861839985771191,-0.039519955709208854,-0.7557101487268262,0.01171875
230.63843973995668,0.009849887008258151,-0.039515256394726084,-0.7557997948698536,0.02734375
230.67844640773464,0.009837939086730581,-0.03951055424135032,-0.7558894081157674,0.015625
230.7184530755126,0.009825994768902146,-0.03950584972165474,-0.7559789884766396,0.01171875
230.75845974329056,0.009814052895252473,-0.03950114328574062,-0.7560685359645383,0.00390625
230.79846641106852,0.009802113534804984,-0.039496434948975714,-0.7561580505915271,0.01953125
230.83847307884648,0.00979017688337391,-0.03949172467959871,-0.756247532369664,0.01171875
230.87847974662444,0.009778243280998541,-0.03948701238418198,-0.7563369813110039,0.01171875
230.91848641440242,0.009766313229158337,-0.03948229789166454,-0.7564263974275965,0.01171875
230.95849308218038,0.009754387406560172,-0.039477580936272086,-0.7565157807314875,0.0
230.99849974995834,0.00974246663979694,-0.039472861155700624,-0.7566051312347182,0.00390625
231.0385064177363,0.009730549467251211,-0.03946813902293239,-0.7566944489493255,0.01953125
231.07851308551426,0.009718634739276954,-0.03946341498188349,-0.7567837338873412,0.015625
231.11851975329222,0.0097067225251756,-0.03945868904790115,-0.7568729860607937,0.0234375
231.15852642107018,0.009694813021013653,-0.039453961189483924,-0.7569622054817062,0.00390625
231.19853308884814,0.009682906567058558,-0.039449231313796934,-0.7570513921620976,0.00390625
231.23853975662612,0.009671003664962634,-0.039444499250768005,-0.7571405461139831,0.01171875
231.27854642440408,0.009659104993738496,-0.03943976473601662,-0.7572296673493727,0.01171875
231.31855309218204,0.009647211378055246,-0.039435027409817,-0.7573187558802719,0.01953125
231.35855975996,0.009635321347202434,-0.03943028774545255,-0.7574078117186827,0.01953125
231.39856642773796,0.009623433761226251,-0.039425546180751565,-0.7574968348766018,0.0078125
231.43857309551592,0.009611548689849094,-0.03942080273100713,-0.7575858253660221,0.015625
231.47857976329388,0.009599666329245367,-0.039416057365013836,-0.7576747831989318,0.0
231.51858643107187,0.009587787020053404,-0.03941130999049533,-0.7577637083873144,0.00390625
231.55859309884983,0.00957591126402141,-0.03940656043838663,-0.7578526009431497,0.0234375
231.59859976662779,0.00956403974039562,-0.03940180844571824,-0.7579414608784126,0.0078125
231.63860643440574,0.009552173272017796,-0.03939705365531314,-0.7580302882050737,0.00390625
231.6786131021837,0.009540310379034495,-0.03939229654071976,-0.7581190829350994,0.00390625
231.71861976996166,0.009528449931288971,-0.03938753753370496,-0.7582078450804514,0.0078125
231.75862643773962,0.009516591998780596,-0.039382776649544544,-0.7582965746530875,0.015625
231.79863310551758,0.009504736777934161,-0.03937801385729502,-0.7583852716649605,0.0234375
231.83863977329557,0.009492884609612773,-0.03937324906527492,-0.758473936128019,0.03125
231.87864644107353,0.00948103599576876,-0.03936848210539973,-0.7585625680542076,0.02734375
231.9186531088515,0.009469191615839891,-0.039363712716120346,-0.7586511674554662,0.00390625
231.95865977662945,0.009457352290795503,-0.039358940542814094,-0.7587397343437303,0.01953125
231.9986664444074,0.009445516531732851,-0.0393541660592233,-0.7588282687309309,0.01953125
232.03867311218536,0.009433683218253384,-0.03934938969111484,-0.7589167706289952,0.01171875
232.07867977996332,0.009421852420597178,-0.039344611453757304,-0.7590052400498453,0.015625
232.1186864477413,0.009410024335546777,-0.03933983131644438,-0.7590936770053991,0.01171875
232.15869311551927,0.009398199304042341,-0.03933504918812529,-0.7591820815075704,0.0
232.19869978329723,0.009386377828383977,-0.039330264901661485,-0.7592704535682686,0.0078125
232.2387064510752,0.009374560588053749,-0.039325478196958676,-0.7593587931993987,0.01171875
232.27871311885315,0.009362748402245592,-0.03932068872191964,-0.7594471004128612,0.015625
232.3187197866311,0.009350939772958136,-0.03931589695044435,-0.7595353752205521,0.0234375
232.35872645440907,0.009339133589655064,-0.039311103302326796,-0.7596236176343637,0.01171875
232.39873312218705,0.00932732992274624,-0.03930630779284646,-0.759711827666183,0.01171875
232.438739789965,0.009315528969295344,-0.039301510391553836,-0.7598000053278932,0.01171875
232.47874645774297,0.00930373107046709,-0.039296711007993576,-0.7598881506313729,0.0234375
232.51875312552093,0.00929193672875983,-0.039291909476009065,-0.7599762635884969,0.0078125
232.5587597932989,0.009280146623840885,-0.039287105536926006,-0.7600643442111349,0.01171875
232.59876646107685,0.009268361572939655,-0.03928229884121216,-0.7601523925111525,0.0234375
232.6387731288548,0.009256580069193101,-0.03927748986282099,-0.7602404085004112,0.0078125
232.67877979663277,0.009244801011744914,-0.039272679015668784,-0.7603283921907681,0.02734375
232.71878646441075,0.009233024471280627,-0.03926786631502186,-0.7604163435940755,0.00390625
232.7587931321887,0.009221250645111211,-0.039263051730696545,-0.7605042627221819,0.01953125
232.79879979996667,0.009209479874621368,-0.03925823517283453,-0.760592149586931,0.01171875
232.83880646774463,0.00919771266247061,-0.03925341647626963,-0.7606800042001625,0.00390625
232.8788131355226,0.00918594968861539,-0.03924859538372236,-0.7607678265737116,0.01953125
232.91881980330055,0.009174191768131895,-0.03924377154826367,-0.760855616719409,0.015625
232.9588264710785,0.009162437385531994,-0.03923894544379811,-0.7609433746490816,0.0078125
232.9988331388565,0.009150685449458407,-0.03923411747845783,-0.7610311003745514,0.03125
233.03883980663446,0.00913893603101172,-0.039229287667464814,-0.761118793907636,0.00390625
233.07884647441242,0.009127189327609373,-0.03922445598093498,-0.7612064552601494,0.0234375
233.11885314219037,0.009115445680996141,-0.03921962232957488,-0.7612940844439003,0.0078125
233.15885980996833,0.00910370559391903,-0.039214786549225604,-0.7613816814706942,0.0078125
233.1988664777463,0.0090919697465489,-0.039209948384019484,-0.7614692463523309,0.015625
233.23887314552425,0.009080238951905833,-0.039205107489601286,-0.761556779100607,0.0078125
233.27887981330224,0.009068511685828527,-0.03920026433979184,-0.7616442797273142,0.01953125
233.3188864810802,0.009056786866558447,-0.03919541933696648,-0.7617317482442401,0.00390625
233.35889314885816,0.009045064565473701,-0.03919057249633654,-0.7618191846631679,0.0078125
233.39889981663612,0.009033344980236169,-0.039185723788286074,-0.7619065889958764,0.01171875
233.43890648441408,0.00902162845280718,-0.03918087312412064,-0.7619939612541403,0.0234375
233.47891315219204,0.009009915486125978,-0.039176020340663906,-0.76208130144973,0.03125
233.51891981997,0.0089982067605389,-0.03917116518346821,-0.7621686095944109,0.01171875
233.55892648774795,0.008986503086964205,-0.039166307310756335,-0.7622558856999451,0.0
233.59893315552594,0.0089748029326247,-0.039161447196206095,-0.7623431297780898,0.0078125
233.6389398233039,0.008963105225431006,-0.03915658523647052,-0.7624303418405979,0.01953125
233.67894649108186,0.00895141003689289,-0.03915172144678519,-0.7625175218992181,0.0078125
233.71895315885982,0.00893971756505903,-0.0391468557977706,-0.7626046699656945,0.01171875
233.75895982663778,0.00892802815196328,-0.03914198820136462,-0.7626917860517676,0.00390625
233.79896649441574,0.008916342300877159,-0.03913711849534141,-0.7627788701691727,0.015625
233.8389731621937,0.008904660692176847,-0.03913224642670569,-0.7628659223296413,0.01171875
233.87897982997168,0.008892984134776525,-0.0391273716562295,-0.7629529425449009,0.01953125
233.91898649774964,0.008881311087302954,-0.03912249465739734,-0.7630399308266735,0.01171875
233.9589931655276,0.008869640487227961,-0.039117615821215326,-0.7631268871866784,0.01171875
233.99899983330556,0.008857972406334106,-0.03911273516291194,-0.7632138116366296,0.015625
234.03900650108352,0.0088463070429133,-0.039107852653378204,-0.7633007041882369,0.015625
234.07901316886148,0.008834644739212808,-0.039102968205152334,-0.763387564853206,0.0
234.11901983663944,0.008822985998691526,-0.03909808165699209,-0.7634743936432382,0.015625
234.1590265044174,0.008811331501894821,-0.039093192757321725,-0.7635611905700306,0.00390625
234.19903317219539,0.008799682055543668,-0.03908830116949903,-0.7636479556452759,0.01953125
234.23903983997334,0.00878803610987254,-0.039083407366723645,-0.7637346888806626,0.01171875
234.2790465077513,0.008776392611836357,-0.03907851173442274,-0.7638213902878745,0.01953125
234.31905317552926,0.008764751633490959,-0.0390736142878189,-0.7639080598785918,0.03515625
234.35905984330722,0.008753113373370454,-0.039068714998074856,-0.76399469766449,0.01953125
234.39906651108518,0.008741478173933894,-0.03906381377832991,-0.7640813036572404,0.00390625
234.43907317886314,0.00872984653878962,-0.03905891046833377,-0.7641678778685101,0.01953125
234.47907984664113,0.008718219148756527,-0.0390540048179061,-0.7642544203099617,0.00390625
234.5190865144191,0.00870659680817192,-0.03904909649302608,-0.7643409309932537,0.015625
234.55909318219705,0.008694977959116902,-0.03904418596651044,-0.7644274099300404,0.015625
234.599099849975,0.008683361557846792,-0.03903927361829803,-0.7645138571319713,0.03515625
234.63910651775296,0.008671747676832237,-0.039034359463575335,-0.7646002726106924,0.0078125
234.67911318553092,0.008660136514706531,-0.03902944347380958,-0.7646866563778452,0.0078125
234.71911985330888,0.008648528414280833,-0.03902452556271039,-0.7647730084450663,0.01171875
234.75912652108687,0.008636923879240617,-0.03901960557103519,-0.764859328823989,0.0234375
234.79913318886483,0.008625323590600014,-0.03901468325001595,-0.7649456175262412,0.0078125
234.8391398566428,0.008613728350415304,-0.039009758268222894,-0.7650318745634477,0.00390625
234.87914652442075,0.008602136592562102,-0.039004831098057746,-0.7651180999472285,0.00390625
234.9191531921987,0.008590547282699515,-0.038999902113997155,-0.7652042936891988,0.015625
234.95915985997667,0.008578960493570348,-0.03899497133122492,-0.7652904558009707,0.015625
234.99916652775462,0.008567376424048173,-0.03899003872148195,-0.765376586294151,0.015625
235.03917319553258,0.008555795417152495,-0.03898510419908094,-0.765462685180343,0.0078125
235.07917986331057,0.008544217976749162,-0.03898016760576368,-0.7655487524711453,0.03125
235.11918653108853,0.008532644784011743,-0.038975228694181636,-0.765634788178152,0.0078125
235.1591931988665,0.008521076638667219,-0.03897028713549934,-0.7657207923129538,0.0234375
235.19919986664445,0.008509511966445251,-0.038965343401646764,-0.7658067648871363,0.015625
235.2392065344224,0.008497949742475192,-0.03896039786167316,-0.7658927059122814,0.0078125
235.27921320220037,0.00848639003962973,-0.038955450530792045,-0.7659786153999661,0.00390625
235.31921986997833,0.008474833057163456,-0.03895050138098824,-0.7660644933617644,0.01171875
235.3592265377563,0.0084632791381618,-0.0389455503272089,-0.7661503398092444,0.0078125
235.39923320553427,0.008451728786807404,-0.03894059721215043,-0.7662361547539712,0.015625
235.43923987331223,0.008440182684291295,-0.03893564178991374,-0.7663219382075052,0.01171875
235.4792465410902,0.008428641628106602,-0.03893068373422955,-0.7664076901814026,0.01171875
235.51925320886815,0.008417104035860275,-0.03892572351650766,-0.7664934106872154,0.0078125
235.5592598766461,0.008405568892040936,-0.038920761500443345,-0.7665790997364913,0.0078125
235.59926654442407,0.008394036269792578,-0.03891579770125001,-0.7666647573407739,0.015625
235.63927321220206,0.008382506368608818,-0.03891083209118856,-0.7667503835116023,0.00390625
235.67927987998002,0.008370979531777394,-0.03890586458581107,-0.7668359782605114,0.01171875
235.71928654775797,0.008359456263659326,-0.03890089502879873,-0.766921541599032,0.0078125
235.75929321553593,0.008347937245597835,-0.038895923175671525,-0.767007073538691,0.0078125
235.7992998833139,0.008336423272666189,-0.03889094870275936,-0.7670925740910106,0.015625
235.83930655109185,0.008324912754549031,-0.03888597208086546,-0.7671780432675086,0.0078125
235.8793132188698,0.008313404685018719,-0.038880993668396306,-0.7672634810796991,0.01171875
235.91931988664777,0.008301899137490045,-0.038876013480566574,-0.7673488875390917,0.01953125
235.95932655442576,0.008290396311658333,-0.03887103148992223,-0.7674342626571921,0.0078125
235.99933322220372,0.008278896551120888,-0.038866047612597696,-0.767519606445501,0.015625
236.03933988998168,0.008267400360270453,-0.038861061693290094,-0.7676049189155159,0.01171875
236.07934655775964,0.008255908420741611,-0.03885607348890801,-0.7676902000787288,0.01171875
236.1193532255376,0.00824442152500129,-0.03885108267841237,-0.7677754499466289,0.02734375
236.15935989331555,0.008232938075047182,-0.03884608973190752,-0.7678606685307006,0.01171875
236.1993665610935,0.008221457073754004,-0.03884109500259814,-0.7679458558424233,0.01953125
236.2393732288715,0.008209978594949062,-0.03883609850567145,-0.7680310118932736,0.0078125
236.27937989664946,0.008198502838454847,-0.03883110021397497,-0.768116136694723,0.0078125
236.31938656442742,0.008187030148108669,-0.03882610004424108,-0.7682012302582388,0.015625
236.35939323220538,0.00817556102847319,-0.03882109784215289,-0.7682862925952844,0.01171875
236.39939989998334,0.008164096161329598,-0.03881609336603782,-0.7683713237173189,0.01171875
236.4394065677613,0.00815263633663501,-0.03881108629745898,-0.7684563236357971,0.01953125
236.47941323553925,0.008141179948652752,-0.038806077105790544,-0.7685412923621695,0.01171875
236.51941990331724,0.008129726009462056,-0.03880106613906141,-0.7686262299078829,0.01953125
236.5594265710952,0.008118274593156923,-0.03879605341246397,-0.7687111362843791,0.0078125
236.59943323887316,0.00810682589979788,-0.03879103889912447,-0.7687960115030963,0.01171875
236.63943990665112,0.008095380273421332,-0.03878602251638235,-0.7688808555754687,0.0234375
236.67944657442908,0.008083938218758456,-0.03878100411090687,-0.7689656685129257,0.0078125
236.71945324220704,0.008072500417733879,-0.038775983442444165,-0.7690504503268929,0.0078125
236.759459909985,0.008061067657749995,-0.03877096019516068,-0.7691352010287913,0.0078125
236.79946657776296,0.008049638325394508,-0.038765934837646704,-0.7692199206300382,0.0234375
236.83947324554094,0.008038211442015709,-0.03876090771279,-0.7693046091420465,0.015625
236.8794799133189,0.008026787081835638,-0.038755878835818075,-0.7693892665762249,0.0078125
236.91948658109686,0.008015365445289909,-0.038750848180108516,-0.7694738929439777,0.01171875
236.95949324887482,0.008003946876472358,-0.03874581566363758,-0.7695584882567057,0.0078125
236.99949991665278,0.007992531880421271,-0.03874078113403179,-0.7696430525258044,0.02734375
237.03950658443074,0.007981121139060545,-0.038735744352484884,-0.7697275857626662,0.015625
237.0795132522087,0.007969715437333947,-0.0387307050057386,-0.7698120879786787,0.0234375
237.1195199199867,0.007958313154178229,-0.038725663561553096,-0.7698965591852258,0.01953125
237.15952658776465,0.007946913320096767,-0.038720620357746593,-0.7699809993936865,0.01953125
237.1995332555426,0.007935516009583187,-0.03871557540955293,-0.7700654086154363,0.015625
237.23953992332056,0.007924121423305053,-0.03871052869063183,-0.7701497868618462,0.01953125
237.27954659109852,0.007912729905553063,-0.038705480119567634,-0.7702341341442831,0.01171875
237.31955325887648,0.007901341961529144,-0.03870042954497392,-0.7703184504741099,0.01171875
237.35955992665444,0.007889958273294391,-0.03869537672946244,-0.770402735862685,0.0078125
237.3995665944324,0.007878579623148094,-0.038690321362380195,-0.7704869903213628,0.015625
237.4395732622104,0.007867204382574936,-0.03868526391057578,-0.7705712138614935,0.01171875
237.47957992998835,0.007855831591160555,-0.03868020470686015,-0.7706554064944234,0.01171875
237.5195865977663,0.007844461323666743,-0.03867514376647554,-0.7707395682314943,0.01171875
237.55959326554427,0.007833093780957739,-0.0386700810633719,-0.7708236990840436,0.0234375
237.59959993332222,0.007821729307624972,-0.038665016516720954,-0.7709077990634056,0.0078125
237.63960660110018,0.007810368408890956,-0.03865994997615214,-0.7709918681809089,0.01171875
237.67961326887814,0.007799011767091415,-0.038654881205666555,-0.7710759064478794,0.00390625
237.71961993665613,0.007787660161696923,-0.03864980989724511,-0.7711599138756376,0.0234375
237.7596266044341,0.0077763119569717876,-0.03864473651673794,-0.7712438904755011,0.03515625
237.79963327221205,0.007764966201405689,-0.03863966139203181,-0.7713278362587823,0.01171875
237.83963993999,0.007753622970167668,-0.038634584538350655,-0.7714117512367901,0.015625
237.87964660776797,0.007742282464247326,-0.038629505929949695,-0.7714956354208288,0.01171875
237.91965327554593,0.00773094502846473,-0.038624425486603414,-0.7715794888221987,0.01171875
237.95965994332389,0.007719611168201405,-0.03861934305892856,-0.7716633114521962,0.00390625
237.99966661110187,0.007708281565924733,-0.038614258412343956,-0.771747103322113,0.0078125
238.03967327887983,0.007696956998368825,-0.03860917124143656,-0.7718308644432376,0.00390625
238.0796799466578,0.007685635822536803,-0.038604082011027184,-0.7719145948268533,0.015625
238.11968661443575,0.007674317095918568,-0.03859899104410545,-0.7719982944842398,0.01171875
238.1596932822137,0.007663000893950105,-0.03859389835590682,-0.7720819634266729,0.0078125
238.19969994999167,0.007651687417850924,-0.03858880392097149,-0.7721656016654236,0.0078125
238.23970661776963,0.007640377012632836,-0.03858370765968452,-0.7722492092117592,0.01171875
238.2797132855476,0.007629070183834043,-0.03857860942365033,-0.7723327860769429,0.02734375
238.31971995332557,0.00761776761401428,-0.03857350897971233,-0.7724163322722334,0.015625
238.35972662110353,0.007606470077234922,-0.03856840602504195,-0.7724998478088857,0.00390625
238.3997332888815,0.007595175923188709,-0.0385633010234012,-0.7725833326981506,0.015625
238.43973995665945,0.007583884218466339,-0.038558194292909395,-0.7726667869512742,0.015625
238.4797466244374,0.007572595038629943,-0.03855308584884252,-0.7727502105794994,0.015625
238.51975329221537,0.00756130858526808,-0.03854797566599921,-0.7728336035940645,0.015625
238.55975995999333,0.007550025203442433,-0.038542863665403444,-0.7729169660062034,0.00390625
238.59976662777132,0.007538745398986668,-0.03853774969961979,-0.7730002978271464,0.00390625
238.63977329554928,0.007527469854476803,-0.03853263353693034,-0.7730835990681193,0.015625
238.67977996332723,0.007516199341189668,-0.038527514877104,-0.7731668697403438,0.0078125
238.7197866311052,0.007504932201741161,-0.03852239418275914,-0.7732501098550377,0.00390625
238.75979329888315,0.007493667511641518,-0.03851727176722693,-0.7733333194234149,0.00390625
238.7997999666611,0.007482405346718883,-0.038512147645797384,-0.7734164984566845,0.00390625
238.83980663443907,0.007471145908789443,-0.038507021793556626,-0.773499646966052,0.0078125
238.87981330221706,0.007459889543104427,-0.0385018941321401,-0.7735827649627187,0.0234375
238.91981996999502,0.007448636755646363,-0.03849676451510152,-0.7736658524578813,0.015625
238.95982663777298,0.007437388229115431,-0.03849163271213928,-0.7737489094627337,0.015625
238.99983330555094,0.007426144731920654,-0.03848649842562687,-0.773831935988464,0.0078125
239.0398399733289,0.007414904599696087,-0.03848136211698225,-0.7739149320462574,0.00390625
239.07984664110685,0.007403666916830667,-0.03847622409480253,-0.7739978976472942,0.0078125
239.1198533088848,0.007392431759417959,-0.038471084374393005,-0.7740808328027512,0.02734375
239.15985997666277,0.007381199329465772,-0.03846594293113512,-0.7741637375238013,0.0078125
239.19986664444076,0.00736996997251717,-0.038460799687256644,-0.7742466118216127,0.01953125
239.23987331221872,0.007358744194564137,-0.03845565449732684,-0.7743294557073496,0.01953125
239.27987997999668,0.007347522678564873,-0.03845050713243405,-0.774412269192172,0.01171875
239.31988664777464,0.007336306189877451,-0.03844535729758177,-0.7744950522872361,0.01171875
239.3598933155526,0.007325093057387989,-0.03844020545290515,-0.7745778050036943,0.01953125
239.39989998333056,0.007313882374183293,-0.0384350519023474,-0.7746605273526943,0.01953125
239.43990665110852,0.007302674216761706,-0.038429896661203986,-0.7747432193453799,0.01171875
239.4799133188865,0.0072914687872526265,-0.03842473970516566,-0.7748258809928907,0.0078125
239.51991998666446,0.00728026643141633,-0.03841958095706746,-0.7749085123063625,0.0078125
239.55992665444242,0.007269067655394857,-0.038414420272466866,-0.7749911132969268,0.0078125
239.59993332222038,0.007257873142260191,-0.03840925742386912,-0.7750736839757113,0.01171875
239.63993998999834,0.007246683654415453,-0.03840409211887937,-0.7751562243538394,0.01171875
239.6799466577763,0.007235497513952752,-0.03839892481632182,-0.77523873444243,0.01171875
239.71995332555426,0.007224313822755766,-0.038393755815512076,-0.7753212142525987,0.01953125
239.75995999333225,0.007213132657587993,-0.038388585131763915,-0.7754036637954567,0.015625
239.7999666611102,0.007201954220800545,-0.038383412741059046,-0.7754860830821109,0.01171875
239.83997332888816,0.007190778858339993,-0.03837823856684607,-0.7755684721236645,0.015625
239.87997999666612,0.007179607076492234,-0.03837306246567167,-0.7756508309312161,0.00390625
239.91998666444408,0.007168439558405898,-0.03836788421146407,-0.7757331595158607,0.0078125
239.95999333222204,0.007157277063589843,-0.03836270351440897,-0.7758154578886893,0.0
240.0,0.007146117907296576,-0.03835752083199114,-0.7758977260607882,0.015625
