time_ns,exp_x_rot,exp_y_rot,exp_z,p1_meas
0.0,0.0,-0.0,-1.0,0.0
0.04001333777925975,-0.06422438158788366,-0.03716178643251805,-0.9972433181510402,0.0
0.0800266755585195,-0.08320808743494384,-0.01523121536079037,-0.9964158288236084,0.0
0.12004001333777925,-0.17332002796452858,-0.012654461455662569,-0.9847842268353015,0.0
0.160053351117039,-0.19485711311001147,-0.037780550551139186,-0.9801036866611126,0.0
0.20006668889629875,-0.2529614203389271,4.8980687175660675e-06,-0.9674760222793444,0.0
0.2400800266755585,-0.3187218269900478,-0.0335471788391184,-0.9472538675019506,0.00390625
0.28009336445481825,-0.3343807910359272,-0.01646434631143978,-0.9422927928143235,0.0
0.320106702234078,-0.41797332244016405,-0.009253418358969173,-0.9084095767003213,0.0
0.36012004001333775,-0.44072761671089283,-0.03519646402256903,-0.8969458347349822,0.00390625
0.4001333777925975,-0.48927473157373386,3.3415537247130644e-05,-0.8721218037880669,0.0
0.44014671557185725,-0.5513741613502421,-0.027488304640402805,-0.8337920153883098,0.0078125
0.480160053351117,-0.5634998126731123,-0.015930656050294922,-0.8259424800161628,0.015625
0.5201733911303767,-0.6347355962115564,-0.005558284945345993,-0.7726783286307561,0.0078125
0.5601867289096365,-0.6567631948196703,-0.029500210091171347,-0.7534732926949017,0.01171875
0.6002000666888962,-0.6936322783612097,0.00023320088665670924,-0.720263146775695,0.00390625
0.640213404468156,-0.7466699183420695,-0.0197097816178754,-0.6648043158324153,0.015625
0.6802267422474157,-0.755359307665229,-0.013331822132541526,-0.6550420362683342,0.04296875
0.7202400800266755,-0.8095796614764422,-0.0020086364853244554,-0.586813173399262,0.05859375
0.7602534178059352,-0.8283898619696223,-0.02109494646675683,-0.5594889371401712,0.03515625
0.800266755585195,-0.8528080123558691,0.000812141076812517,-0.5218663429228076,0.03125
0.8402800933644547,-0.8917267545655025,-0.011050875300035401,-0.4519175550804756,0.0703125
0.8802934311437145,-0.8971789329189099,-0.00857601277396619,-0.44092004941753643,0.09765625
0.9203067689229742,-0.9313141779185287,0.001077292610863534,-0.3632305167704433,0.08984375
0.960320106702234,-0.9440755550577448,-0.010663504837160718,-0.328221470450384,0.10546875
1.0003334444814937,-0.9565056470270967,0.0019924303096696683,-0.28990139730613734,0.15625
1.0403467822607535,-0.977136252615884,-0.002364287176137625,-0.20961680925032056,0.14453125
1.0803601200400132,-0.979473398530604,-0.0018143613598428088,-0.19782309766719014,0.14453125
1.120373457819273,-0.9922778447461837,0.003526598164760142,-0.11670640114001923,0.16796875
1.1603867955985327,-0.9961187660726732,0.0009031226712307508,-0.07541335752984901,0.1953125
1.2004001333777925,-0.9980198325104503,0.003954648917132708,-0.03951457785972795,0.2734375
1.2404134711570522,-0.9975587953173495,0.005579690112638758,0.04575946885439586,0.30078125
1.280426808936312,-0.9967109598359312,0.006550431457662653,0.058021601508050524,0.32421875
1.3204401467155717,-0.988796542053094,0.0053101936879143274,0.1365961044585826,0.34765625
1.3604534844948315,-0.9811760988942467,0.012600673722511002,0.18176605578024208,0.3046875
1.4004668222740912,-0.9746769433585145,0.0067848879340587365,0.21294051913971485,0.375
1.440480160053351,-0.952032928821575,0.012168410072204927,0.2971351655431191,0.42578125
1.4804934978326107,-0.9477051126596449,0.015888557505208956,0.3094874336744935,0.4609375
1.5205068356118705,-0.921383839172661,0.00651795435052871,0.3801747392636316,0.5234375
1.5605201733911302,-0.9004722503174618,0.023419834831740302,0.4259036882000077,0.48046875
1.60053351117039,-0.8880172871032004,0.01043328299632501,0.4509530192970516,0.51171875
1.6405468489496497,-0.8439893923867345,0.017005124496427215,0.5278440502072255,0.58984375
1.6805601867289095,-0.8357273725721641,0.025399974851161244,0.539700631191808,0.6328125
1.7205735245081692,-0.7946801754163471,0.007317412099469886,0.5982458336048554,0.69921875
1.760586862287429,-0.7597071799121435,0.032458084737767096,0.6405396291820685,0.703125
1.8006002000666887,-0.7437164683241331,0.014692679816385779,0.6589240584606593,0.65625
1.8406135378459485,-0.6809717064228364,0.01992875245247916,0.7227332875361869,0.74609375
1.8806268756252082,-0.668307861926355,0.03419773025913064,0.7331872552295657,0.7734375
1.920640213404468,-0.6171302883290214,0.007901433430053829,0.7767477283402386,0.7890625
1.9606535511837277,-0.5686378304968203,0.039012774194064334,0.8112919196050348,0.77734375
2.0006668889629875,-0.5512361082239264,0.01920005719649079,0.8231858384610925,0.83984375
2.0406802267422472,-0.47408748925745436,0.021004923340195686,0.86914801582397,0.87890625
2.080693564521507,-0.4567392362206545,0.04140184780938727,0.8769321933344795,0.90625
2.1207069023007667,-0.4004204544449951,0.00843423689019092,0.9042274982448074,0.859375
2.1607202400800265,-0.34038230041657025,0.04265024506983926,0.9268288409398022,0.92578125
2.2007335778592862,-0.3232236214673876,0.02346503684063292,0.9329048408389718,0.9609375
2.240746915638546,-0.2372323227453982,0.020489487901503567,0.9577345207464064,0.96875
2.2807602534178057,-0.21532178742798525,0.04624461472949252,0.9612758068505899,0.96484375
2.3207735911970655,-0.15872235890854966,0.009009956436517256,0.9725590792075478,0.97265625
2.3607869289763252,-0.0905006266292353,0.04324380703780794,0.9796222876404623,0.9765625
2.400800266755585,-0.074705108200034,0.02692342742002374,0.9808095903209406,0.98046875
2.4408136045348447,0.013850679654398767,0.018771141601140795,0.9830145884800222,0.984375
2.4808269423141045,0.039606076692654146,0.048161955835487685,0.9805839947109185,0.99609375
2.5208402800933642,0.09221750526208423,0.009624641813951748,0.9774508332432313,0.9921875
2.560853617872624,0.16408731826702602,0.04097258205881129,0.9664316727944526,0.95703125
2.6008669556518837,0.1778907534470771,0.029006376301069253,0.9636924350339205,0.9609375
2.6408802934311435,0.2626197324872846,0.016300745276212183,0.9436980195521516,0.9609375
2.6808936312104032,0.2907854405651738,0.04686417126587478,0.9336417142790243,0.9609375
2.720906968989663,0.3360853325414172,0.010168577615153787,0.9187116766987482,0.91015625
2.7609203067689227,0.4062637598248013,0.03628394304778915,0.8884874094212397,0.90234375
2.8009336445481825,0.4178101575687194,0.029218489130997782,0.8826481295849917,0.8984375
2.8409469823274422,0.4928156160990624,0.013521245523827663,0.8427195621902344,0.81640625
2.880960320106702,0.5212209989250333,0.04237653639322622,0.8237404749033226,0.8515625
2.9209736578859617,0.5570409042295873,0.010443179002706499,0.8002605415295074,0.82421875
2.9609869956652215,0.6198746030728259,0.02982939946231178,0.7513660983907202,0.77734375
3.0010003334444812,0.6290858317740617,0.027215664163260378,0.7430291330665457,0.75390625
3.041013671223741,0.6895101702621398,0.010808153903904966,0.6870041439502632,0.7109375
3.0810270090030007,0.7153511711135033,0.03504339475950895,0.6584522269516005,0.69921875
3.1210403467822605,0.7407315855955433,0.010197637122762199,0.6298777569183476,0.640625
3.1610536845615202,0.7908095923713516,0.022376653132472224,0.5645706335204657,0.60546875
3.20106702234078,0.7976095850195368,0.02286711039988315,0.5541149495651216,0.67578125
3.2410803601200397,0.8400550037874747,0.008426138848173809,0.48698041244483536,0.5625
3.2810936978992995,0.8601194123337181,0.02549444571295377,0.4491044470157785,0.50390625
3.3211070356785592,0.8752165156775308,0.009179029823164542,0.4187120224109197,0.50390625
3.361120373457819,0.907930882509509,0.014717517887604059,0.3408494670358939,0.40234375
3.4011337112370787,0.9120933542968799,0.01629607724160509,0.3285130839057915,0.4609375
3.4411470490163385,0.9348723502752254,0.0065082751402031624,0.2558778027447532,0.46875
3.4811603867955982,0.9458670772548028,0.014577307024279812,0.20999334697423855,0.34765625
3.521173724574858,0.9517384371334862,0.007189766402170006,0.1805715736151905,0.3671875
3.5611870623541177,0.963779942883372,0.007573998433910378,0.09530673342950541,0.2734375
3.6012004001333775,0.9648442425798847,0.007888189626363007,0.0813283529680584,0.3046875
3.6412137379126372,0.9680459635401844,0.005060544059943883,0.008855765701598683,0.234375
3.681227075691897,0.9669871202496754,0.0032628740588957483,-0.042607353124225866,0.2265625
3.7212404134711567,0.9653023984041887,0.004139562666386931,-0.0689579541911704,0.2109375
3.7612537512504165,0.9550344990794739,0.001526848193582564,-0.15563176620949004,0.18359375
3.8012670890296762,0.9523080760597793,-0.0017311712076842345,-0.17084576971831822,0.21484375
3.841280426808936,0.9376658483758303,0.003985816883627258,-0.2379795442420743,0.15625
3.8812937645881957,0.9222938166820052,-0.00745979254765064,-0.291571805311231,0.1171875
3.9213071023674555,0.9150115064154958,8.744932732601685e-05,-0.3135161824200546,0.109375
3.9613204401467152,0.8826761956246716,-0.003039733395063693,-0.39532290937207737,0.078125
4.001333777925975,0.8753313824849299,-0.011754270986824633,-0.4110459117940475,0.08203125
4.041347115705235,0.8459334077273026,0.003129597058201688,-0.4686080689962803,0.0546875
4.0813604534844945,0.8150804348792621,-0.016687674238672012,-0.5200988208588413,0.05078125
4.121373791263754,0.8041501728342536,-0.004730652020877857,-0.537028773456639,0.05078125
4.161387129043014,0.7518749658583892,-0.005954212520071445,-0.6080150164092931,0.0625
4.201400466822274,0.7391228909410514,-0.02127237655336381,-0.6230970825243659,0.04296875
4.2414138046015335,0.6989935925920202,0.0023246661885781283,-0.6681196044872173,0.04296875
4.281427142380793,0.6528614101592881,-0.02370755353208928,-0.712866894400062,0.03515625
4.321440480160053,0.639989636156916,-0.009923564883843217,-0.7247623469660016,0.01171875
4.361453817939313,0.5715985797115255,-0.007260964498831457,-0.7798634457814562,0.0234375
4.4014671557185725,0.5529159739129746,-0.029378683679125453,-0.7927129567113839,0.0078125
4.441480493497832,0.5065318623288189,0.0014420330506462811,-0.8236544288398315,0.01171875
4.481493831277092,0.44683237000224996,-0.02805710644490253,-0.8570590480504545,0.00390625
4.521507169056352,0.4333368914369824,-0.014958476278788158,-0.8642976805340392,0.015625
4.5615205068356115,0.3539809987064863,-0.007173551678205381,-0.8998212502833234,0.00390625
4.601533844614871,0.32934558347348936,-0.03526372533763115,-0.9084830782120948,0.0
4.641547182394131,0.2811455678428591,0.00043547022475191877,-0.9252200403379158,0.0
4.681560520173391,0.21107342942590543,-0.029563463150088773,-0.9432235224214796,0.0
4.7215738579526505,0.19784381171710796,-0.019221820686334712,-0.9463661160656004,0.0
4.76158719573191,0.11349607961513644,-0.006024999433366665,-0.9603254493005801,0.0
4.80160053351117,0.0835878920817259,-0.03831287044706103,-0.9626586524683663,0.00390625
4.84161387129043,0.03753619197303867,-0.0006375000232082973,-0.966323065092177,0.0
4.8816272090696895,-0.03843351387220355,-0.028346505044965213,-0.9658841939398013,0.0
4.921640546848949,-0.050879100686878856,-0.02209259280900033,-0.9654840883136893,0.0
4.961653884628209,-0.1340077407452654,-0.004203385625866765,-0.9577492861869993,0.0
5.001667222407469,-0.16768240078961485,-0.03817985257918117,-0.9516866221978796,0.0
5.0416805601867285,-0.20843250184896323,-0.00161335277000213,-0.9443825409257394,0.0
5.081693897965988,-0.28490626374534,-0.024785063399958465,-0.923873057624971,0.0
5.121707235745248,-0.2962882934812,-0.023022282543312567,-0.9203432848871,0.0
5.161720573524508,-0.3723430454665986,-0.0020848220252099453,-0.8925947014476847,0.00390625
5.2017339113037675,-0.40743616445734276,-0.03482763948481623,-0.8764532761831344,0.00390625
5.241747249083027,-0.44074345615526117,-0.002240589190104336,-0.860897111670564,0.00390625
5.281760586862287,-0.5118979469205454,-0.019456972940404826,-0.8203658065680817,0.0
5.321773924641547,-0.5220053071590689,-0.021616968312691637,-0.8139236686824751,0.0078125
5.3617872624208065,-0.5860281576965977,1.7488492800088462e-05,-0.7694200578401951,0.0234375
5.401800600200066,-0.6194644905364908,-0.02854006142509123,-0.742217063417761,0.0078125
5.441813937979326,-0.6442589543414853,-0.002223867305258309,-0.7213594988931428,0.0234375
5.481827275758586,-0.7044022986872909,-0.013058324107595609,-0.6626229569122268,0.015625
5.5218406135378455,-0.7129223214430487,-0.017701465539702033,-0.653322150266405,0.01953125
5.561853951317105,-0.7612775805549485,0.0018956164494857153,-0.5965120478236018,0.0390625
5.601867289096365,-0.789496025667219,-0.01988648843525445,-0.5582380884403526,0.0625
5.641880626875625,-0.8056969672294143,-0.00127348804443006,-0.5349102902124023,0.07421875
5.6818939646548845,-0.849839162843331,-0.006314172078808078,-0.46145597117699105,0.06640625
5.721907302434144,-0.8562280832185392,-0.011362812881128614,-0.44929361078709507,0.078125
5.761920640213404,-0.8868682723780129,0.0034594850862831455,-0.3853219644131542,0.09375
5.801933977992664,-0.9061685939082722,-0.009661626361480796,-0.3371267047461799,0.0859375
5.8419473157719235,-0.9144940383409662,0.0008326738436181258,-0.3137630123691529,0.125
5.881960653551183,-0.9388605106927643,0.00010736366854185997,-0.23046791284668017,0.171875
5.921973991330443,-0.9422872985536704,-0.0029601628924901813,-0.2155435703424995,0.140625
5.961987329109703,-0.9548389911201716,0.004732644107037151,-0.1497136749933678,0.203125
6.0020006668889625,-0.9617989304962334,0.0012060278984523665,-0.09396486118480779,0.20703125
6.042014004668222,-0.9635057047321158,0.004195578079441431,-0.07242491015269392,0.19140625
6.082027342447482,-0.965933848440563,0.005666174437209959,0.014881920764154455,0.2734375
6.122040680226742,-0.9653145621761952,0.006897056249873135,0.03219031568948533,0.25
6.1620540180060015,-0.9609804167967895,0.005824121882825488,0.094936038975373,0.26171875
6.202067355785261,-0.9528894579850311,0.011756781624985113,0.15474145049517868,0.33984375
6.242080693564521,-0.9494870350246118,0.00875260031400188,0.1732371108461805,0.390625
6.282094031343781,-0.9296580699397192,0.009997228372273903,0.2583204174837933,0.40234375
6.3221073691230405,-0.9237841429158913,0.01740361405982721,0.27720302731816127,0.41796875
6.3621207069023,-0.9050828201542503,0.006887318275078103,0.33272480752448147,0.44921875
6.40213404468156,-0.8803390408416333,0.02110558450614297,0.3922002898412709,0.484375
6.44214738246082,-0.8733266040476231,0.014258538572318513,0.40702769595408794,0.48046875
6.4821607202400795,-0.8328049952119547,0.012934404917937292,0.4838393986380381,0.56640625
6.522174058019339,-0.8205482687919001,0.027642799388681305,0.5029605684507085,0.52734375
6.562187395798599,-0.7909370119504321,0.00806931517498738,0.5482392788485617,0.5859375
6.602200733577859,-0.7493478292389671,0.028532135252160973,0.6024814541263899,0.6328125
6.6422140713571185,-0.7400169585048191,0.020287986921548984,0.6134862006483875,0.63671875
6.682227409136378,-0.6820923208731124,0.014499289920246627,0.6767393346166324,0.6953125
6.722240746915638,-0.6626543999644018,0.03668111778032494,0.6942325906981882,0.71484375
6.762254084694898,-0.6260809128868411,0.00946357744325857,0.7275365281790807,0.7578125
6.8022674224741575,-0.56902683674121,0.03355163423379323,0.7715940331821294,0.75390625
6.842280760253417,-0.5583484274173875,0.026270365153811204,0.7789136493155404,0.8203125
6.882294098032677,-0.48769772267765243,0.014870319499176998,0.8245714703384832,0.83984375
6.922307435811937,-0.46086707840300134,0.043675044381753174,0.8381386728413975,0.8359375
6.9623207735911965,-0.42131507793755535,0.011073510940811201,0.8590314321127434,0.88671875
7.002334111370456,-0.35174176934313417,0.03595331694517889,0.8884180500279233,0.83984375
7.042347449149716,-0.3403526097274461,0.03154730096980313,0.8922936386900628,0.91796875
7.082360786928976,-0.2625645866224175,0.014332576959875207,0.9179202884699963,0.90234375
7.1223741247082355,-0.22893108706069157,0.047965387112110056,0.9250338630897098,0.94140625
7.162387462487495,-0.19001160673789072,0.012792281047495059,0.934236867235576,0.89453125
7.202400800266755,-0.1122451954201243,0.03580454319232628,0.9454287203557489,0.94140625
7.242414138046015,-0.1005215816984797,0.03544747264402757,0.9460446694318567,0.953125
7.2824274758252745,-0.021537366350855586,0.013216283828925545,0.9509801075267296,0.96484375
7.322440813604534,0.017376929511378605,0.049152412692968994,0.9491696207990944,0.95703125
7.362454151383794,0.05273985556875822,0.014403994996143315,0.9483104770464051,0.95703125
7.402467489163054,0.13334389270095198,0.03342149757961485,0.9391661325989343,0.93359375
7.4424808269423135,0.14514606419126316,0.037371606341431364,0.9365496896260375,0.93359375
7.482494164721573,0.2196110349451605,0.011837503633277964,0.9218938020486946,0.921875
7.522507502500833,0.26133741285183154,0.04714140429446348,0.9090828171753079,0.90625
7.562520840280093,0.291097616293601,0.015607110465721594,0.9003733756086617,0.91015625
7.6025341780593525,0.3686360446482315,0.029311974696679677,0.8704231760878953,0.890625
7.642547515838612,0.38021163130715346,0.036873961529563404,0.8644232383950192,0.859375
7.682560853617872,0.44519774635290954,0.010446888250828665,0.8328370838043323,0.83203125
7.722574191397132,0.48644105263989224,0.04215143918382143,0.8076851842928385,0.8203125
7.7625875291763915,0.5094855699770025,0.01605793705619238,0.7935791030719105,0.78515625
7.802600866955651,0.5780678416120267,0.02410006712497803,0.7441445909761177,0.73828125
7.842614204734911,0.5889040788005325,0.033731496729573984,0.7344937056050509,0.76953125
7.882627542514171,0.6406326149745859,0.009197763402661346,0.6898476976717245,0.7421875
7.9226408802934305,0.6775243345466542,0.03468997226137924,0.6520476035472067,0.72265625
7.96265421807269,0.6936021301958246,0.01542768276437484,0.634925686619969,0.7265625
8.00266755585195,0.747927475762795,0.01844346461688756,0.569049789630723,0.58984375
8.04268089363121,0.7571936227996405,0.02798870353951788,0.5554973747567182,0.60546875
8.08269423141047,0.7933432281248609,0.008134193358797157,0.5024134584611737,0.58984375
8.122707569189728,0.8218052030173219,0.02549302463378597,0.45289569552771924,0.54296875
8.162720906968989,0.8313549855539828,0.013464770919306257,0.434819124500177,0.49609375
8.20273424474825,0.8672386111611998,0.01295179372578964,0.3570106666046014,0.49609375
8.242747582527508,0.8737545808278369,0.01997050165859987,0.3395015015689372,0.4375
8.282760920306767,0.8935639495011635,0.007198817380712865,0.28284730815768205,0.39453125
8.322774258086028,0.9097448386543447,0.015437251827829013,0.2238544748472227,0.359375
8.362787595865289,0.9136600024389616,0.010049297110129973,0.20641246585219752,0.34765625
8.402800933644547,0.9284505130362817,0.008120962449109093,0.12223166003024322,0.30078125
8.442814271423806,0.9307503650698353,0.010262398721980814,0.10109379222710901,0.3359375
8.482827609203067,0.9349476926535459,0.00626513436878437,0.04549018305712721,0.234375
8.522840946982328,0.9356809957248374,0.00544452342061702,-0.019502188082295868,0.20703125
8.562854284761586,0.935058589365198,0.005240764344602078,-0.035240384204541675,0.234375
8.602867622540845,0.9278928038939797,0.004287645217444902,-0.11971045863217095,0.19921875
8.642880960320106,0.9243814525949354,-0.0003437881018171496,-0.1436081657208384,0.15625
8.682894298099367,0.9149569170967873,0.005176933090515104,-0.19421019551992064,0.1640625
8.722907635878625,0.8981799931507235,-0.003624965851215689,-0.26072883313972733,0.12109375
8.762920973657884,0.8940920316326524,-0.000709330912726347,-0.27416497489247704,0.13671875
8.802934311437145,0.8659656167108682,0.001609001497965501,-0.3528996308230867,0.12109375
8.842947649216406,0.85515447565192,-0.010931313236406781,-0.37805738972861985,0.046875
8.882960986995664,0.8350178286946626,0.00379915171629841,-0.42068561290648593,0.07421875
8.922974324774923,0.800099396951971,-0.011058365603853704,-0.48363355287715115,0.03125
8.962987662554184,0.7934299646730278,-0.007355584596342002,-0.49451683812353875,0.08984375
9.003001000333445,0.7470710937444003,7.261420108789496e-05,-0.5621195211540633,0.04296875
9.043014338112703,0.7278542843288349,-0.02055525179502035,-0.586412524028661,0.03125
9.083027675891962,0.7004257622853038,0.0020639106256186424,-0.6192412698430307,0.03125
9.123041013671223,0.6483525734143548,-0.016360102268397014,-0.6733736484873787,0.02734375
9.163054351450484,0.6397203274118742,-0.014096672058973192,-0.6816362180218478,0.01953125
9.203067689229742,0.5792864220040315,-0.00047308965126635627,-0.7338316922331795,0.015625
9.243081027009001,0.5512170649117956,-0.028345667642575595,-0.7546262729995942,0.01171875
9.283094364788262,0.5200072898952737,5.9212657873009e-06,-0.7769957409087646,0.01171875
9.323107702567523,0.4534000848414703,-0.019289682496006932,-0.8174453859397953,0.0078125
9.363121040346781,0.4431697508803166,-0.02023363584272697,-0.8230349297143625,0.00390625
9.40313437812604,0.3738013359474261,-0.0002715362310528602,-0.8570319476630082,0.00390625
9.443147715905301,0.33732398398006985,-0.03360629854759405,-0.8714092371965411,0.0
9.483161053684562,0.3055573829879903,-0.0022229912153930165,-0.8837088326698447,0.00390625
9.52317439146382,0.22850617229728998,-0.01986975865395252,-0.9065006405198809,0.0
9.56318772924308,0.2168839105568072,-0.025049049653905905,-0.909247324951685,0.00390625
9.60320106702234,0.14417396021410164,0.0003984012246497394,-0.9239337997358807,0.0
9.6432144048016,0.10076524161542866,-0.03588917829657504,-0.9290008562596485,0.00390625
9.68322774258086,0.07109000918705584,-0.004356984156387363,-0.9324461429872604,0.00390625
9.723241080360118,-0.011180676848599903,-0.018358845182612108,-0.9349389682714238,0.0
9.763254418139379,-0.023997578964909335,-0.027892819335764908,-0.9344857802093851,0.0
9.80326775591864,-0.09455955592397657,0.0012783613247627779,-0.9304399767114748,0.00390625
9.843281093697898,-0.14237274687516824,-0.035042682413344586,-0.923692570473807,0.0078125
9.883294431477157,-0.16805997028893313,-0.006043635429983013,-0.920037338878147,0.0078125
9.923307769256418,-0.24966135204445106,-0.015198587642443376,-0.9012384593509987,0.0
9.963321107035679,-0.26331208663657013,-0.028267079522714858,-0.8970519922091579,0.0
10.003334444814937,-0.32685710992704625,0.0021763567555443605,-0.8763761984025639,0.0078125
10.043347782594196,-0.3756193453126552,-0.031223415047231515,-0.8560666875143552,0.00390625
10.083361120373457,-0.396222578227872,-0.006890750977328025,-0.8472971121965076,0.0078125
10.123374458152718,-0.471156630686995,-0.010942832500883903,-0.8080092194001357,0.0
10.163387795931976,-0.4849654708784698,-0.0258973392345678,-0.7994723075192349,0.01171875
10.203401133711235,-0.5376643851104641,0.0029945360103504903,-0.7654766282506598,0.0
10.243414471490496,-0.5832521213604658,-0.024873515391603346,-0.7309355714626985,0.01171875
10.283427809269757,-0.5984096889724864,-0.0065262650333298144,-0.7189918199867388,0.03515625
10.323441147049015,-0.6611475148920986,-0.006181282545564437,-0.6617719519552748,0.01953125
10.363454484828274,-0.6740289424632498,-0.020780538415287653,-0.6483439640556394,0.03515625
10.403467822607535,-0.7133735997291241,0.0037366330103758994,-0.6051247026279165,0.03515625
10.443481160386796,-0.7513713303681353,-0.016665701011307932,-0.556987393895566,0.05078125
10.483494498166054,-0.7612979492825425,-0.004663866470346445,-0.5435498549887616,0.0546875
10.523507835945313,-0.807315020187682,-0.0014628910487224922,-0.47248200224097425,0.04296875
10.563521173724574,-0.8177629813821666,-0.013200285471588774,-0.45389906905706773,0.07421875
10.603534511503835,-0.8426830358595654,0.004496276841998666,-0.40586702640242905,0.06640625
10.643547849283093,-0.8688359649551995,-0.0074197346037268574,-0.3461660505087555,0.140625
10.683561187062352,-0.874110787426744,-0.0011598366537672322,-0.33253013330632664,0.1015625
10.723574524841613,-0.9003196112861178,0.002765847779914732,-0.2528365982757325,0.12890625
10.763587862620874,-0.906498829850011,-0.003708571628972701,-0.2293146615113854,0.1484375
10.803601200400132,-0.9173129097276818,0.005424273824442646,-0.1807318503561811,0.15625
10.843614538179391,-0.9280058448552096,0.001991065890835919,-0.11283184686112363,0.19140625
10.883627875958652,-0.9293503588217435,0.003941278522620217,-0.09987921793829163,0.21875
10.923641213737913,-0.9343781182472536,0.006202550667872897,-0.017414039623428523,0.234375
10.963654551517171,-0.93430595773863,0.006925983250935797,0.010185688454343311,0.2578125
11.00366788929643,-0.932525132010482,0.006685040896893646,0.05560672353929619,0.2578125
11.043681227075691,-0.9252238857705607,0.010738368017627176,0.12723528045796284,0.3125
11.083694564854952,-0.9233074336456923,0.010385496028837649,0.13897754578271676,0.296875
11.12370790263421,-0.9075952530431759,0.00870499722239293,0.21829392120171176,0.34765625
11.16372124041347,-0.8994054191240788,0.01779642920411007,0.24837444867935,0.38671875
11.20373457819273,-0.8874234387998972,0.008406837118140359,0.2877663264066858,0.41015625
11.24374791597199,-0.8610258186296924,0.018126717396543812,0.3579175514489411,0.4453125
11.28376125375125,-0.8563377230482514,0.017717156816001722,0.36815300508798227,0.375
11.323774591530508,-0.8220448157749165,0.010284623878489496,0.4388941007590795,0.46875
11.363787929309769,-0.8042921200638229,0.027956512981189563,0.4691348474731778,0.5390625
11.40380126708903,-0.7850144968034689,0.010639262539282268,0.5006400233275526,0.61328125
11.443814604868288,-0.740064096305436,0.023659433465564317,0.5638505544768031,0.61328125
11.483827942647547,-0.7328671707305459,0.02531151857203784,0.5723576130349859,0.625
11.523841280426808,-0.6836022449403965,0.011073766977319516,0.6300834026390794,0.67578125
11.563854618206069,-0.6555597918527224,0.036520571571317696,0.6575690416780197,0.68359375
11.603867955985327,-0.6320194930837727,0.013315879545525183,0.6803661008658942,0.6953125
11.643881293764586,-0.5707460957479115,0.027076376928463264,0.7314485597508973,0.7578125
11.683894631543847,-0.5611184228008703,0.03243602877965959,0.7379302456714083,0.76953125
11.723907969323108,-0.5015262529954123,0.011281750987006262,0.7795577210570124,0.7890625
11.763921307102366,-0.46343708553930857,0.042763044934554094,0.8010194389049292,0.78125
11.803934644881625,-0.4384507932589147,0.016243803785683852,0.8152232990970234,0.83203125
11.843947982660886,-0.364628417736407,0.02836302688648476,0.8497941694020343,0.80859375
11.883961320440147,-0.3525796059196802,0.03833162556972447,0.8537685159734231,0.8671875
11.923974658219405,-0.2878414241084896,0.011141513691765588,0.8777831747446646,0.8984375
11.963987995998664,-0.24107303851513656,0.04619426940836584,0.889931167351908,0.90625
12.004001333777925,-0.21697836226756673,0.019110520063120168,0.8963951552293459,0.88671875
12.044014671557186,-0.13561121113078556,0.027726989039953853,0.911335432527383,0.9453125
12.084028009336444,-0.12124711160937238,0.04230067269627335,0.9120938448029755,0.921875
12.124041347115703,-0.0565496113197625,0.010858638817017263,0.9185852403822998,0.9296875
12.164054684894964,-0.0036191129708330085,0.046609971234636345,0.9184952093635508,0.9375
12.204068022674225,0.017881104138498617,0.021514091436552273,0.9185544341164841,0.921875
12.244081360453483,0.10101286698913967,0.02554881432039157,0.9123474588636284,0.8984375
12.284094698232742,0.11731353497041895,0.04379414867775293,0.9089954268515111,0.89453125
12.324108036012003,0.17727662612390657,0.010569815359440505,0.8995213737573562,0.890625
12.364121373791264,0.23282068089132507,0.04410684037002523,0.885027161649058,0.87109375
12.404134711570522,0.2506986908772549,0.02301318544274915,0.8802275674172233,0.91015625
12.444148049349781,0.32958418408076123,0.022315979325898377,0.8531329048240266,0.82421875
12.484161387129042,0.347020811299551,0.04248502498585661,0.8447123334395065,0.84375
12.524174724908303,0.39845850359456253,0.010317991606815685,0.82201744918893,0.828125
12.564188062687561,0.4522993971587364,0.03906112260314676,0.7920572171574114,0.8046875
12.60420140046682,0.46613575906592486,0.02319001330605286,0.7839127379244784,0.80859375
12.644214738246081,0.5351078826856601,0.01855010286249939,0.7379543032502415,0.796875
12.684228076025342,0.5523744524659214,0.03831827021125496,0.7236310708407914,0.82421875
12.7242414138046,0.592678797664863,0.010050312111799645,0.691261843189986,0.73828125
12.76425475158386,0.6401159242646348,0.03207922549578893,0.6461277916722128,0.65234375
12.80426808936312,0.6499522973894027,0.021718639106781512,0.6359399577721723,0.671875
12.84428142714238,0.7042275679863339,0.014738882790699959,0.5747086789657936,0.5546875
12.88429476492164,0.7195199707102432,0.031530633504973274,0.5539957720690707,0.56640625
12.924308102700898,0.7473925012288086,0.009634031934555684,0.5158644508089698,0.55859375
12.964321440480159,0.7838067295999743,0.023919166671266867,0.4573159599760562,0.50390625
13.00433477825942,0.7899528876740631,0.018425228453576248,0.4460772668984096,0.48046875
13.044348116038678,0.8260747812007164,0.01127620723153977,0.37437105716728103,0.4765625
13.084361453817937,0.8372015607485207,0.02263268364100901,0.3473490517774929,0.4921875
13.124374791597198,0.852623000585241,0.008890030625370166,0.30730238620939143,0.38671875
13.164388129376459,0.8739722090736405,0.015400134613996863,0.23851834392253463,0.40234375
13.204401467155717,0.8768108188179479,0.013334281618824051,0.2269051305517819,0.33203125
13.244414804934976,0.8929484966628103,0.00842632390580611,0.15024825525587682,0.32421875
13.284428142714237,0.8975441829331169,0.012361303678016529,0.11774154733011583,0.30078125
13.324441480493498,0.9016032847152442,0.0076393569796930905,0.0791854601287113,0.3046875
13.364454818272756,0.9048832751503064,0.007308538778079465,0.004550811398288168,0.26953125
13.404468156052015,0.9047060938873174,0.006690580310913685,-0.0070044151919598785,0.2890625
13.444481493831276,0.9007777787285313,0.0063090730888160085,-0.08290614111171501,0.2265625
13.484494831610537,0.8965868740644715,0.0016023694711504062,-0.11923461171873351,0.1953125
13.524508169389795,0.8912040793211123,0.00575319036088906,-0.1536131988709281,0.171875
13.564521507169054,0.8748266561621421,0.0003153117309768194,-0.22886962662217436,0.12109375
13.604534844948315,0.8717383792823303,-0.0010447966590649838,-0.2400502062168388,0.12109375
13.644548182727576,0.8493454974600648,0.004908793549750434,-0.30985578622727816,0.125
13.684561520506834,0.8345542876598065,-0.0087054052311712,-0.3475193373703537,0.11328125
13.724574858286093,0.8221449907462344,0.0031960675894090462,-0.3759094586911932,0.0625
13.764588196065354,0.7861731725454975,-0.005091806244982178,-0.44619007235056496,0.0546875
13.804601533844615,0.7800813261914539,-0.009233928516416468,-0.4566444048697015,0.078125
13.844614871623873,0.7422737267798146,0.004103056225569557,-0.5158639913630967,0.0546875
13.884628209403132,0.7158333254857743,-0.017673332934600286,-0.5516895638226389,0.0390625
13.924641547182393,0.6989601489986201,5.720542353288005e-05,-0.5731852285826338,0.0546875
13.964654884961654,0.6451783282497849,-0.008642467686513444,-0.6330603607980317,0.03125
14.004668222740912,0.635859270340678,-0.01711818228358858,-0.6422649674347437,0.02734375
14.044681560520171,0.5867582769875074,0.003711257370285076,-0.6876331820133867,0.03515625
14.084694898299432,0.5486550363969995,-0.024553740696898224,-0.7180168419999257,0.02734375
14.124708236078693,0.5297180555372037,-0.0034333148873609554,-0.732529546731986,0.01953125
14.164721573857951,0.4615133113553248,-0.010293539353064707,-0.7772747916743278,0.01171875
14.20473491163721,0.44875520350640563,-0.023902238445727614,-0.7844449723423091,0.0078125
14.244748249416471,0.39308290163986626,0.0035392309763394476,-0.8141444639320414,0.015625
14.284761587195732,0.34450889579436766,-0.028823559711830496,-0.8354019540336111,0.01171875
14.32477492497499,0.32551236291888475,-0.006920131982469546,-0.8434839623803312,0.0078125
14.36478826275425,0.2475861487866274,-0.010208437769690909,-0.8695557395204366,0.0
14.40480160053351,0.2313695330918375,-0.028845213890181368,-0.8736291062452365,0.00390625
14.44481493831277,0.17394829805951764,0.003429825336916247,-0.887346248902012,0.0078125
14.48482827609203,0.11734007017866212,-0.030232072448431235,-0.8961211769227195,0.00390625
14.524841613871288,0.09975810882458154,-0.009953846091633356,-0.8987370312420397,0.00390625
14.564854951650549,0.017690413663309555,-0.008712678343035622,-0.9041312327224791,0.0
14.60486828942981,-0.001627243937986255,-0.03134919479217897,-0.9038365025783353,0.0078125
14.644881627209068,-0.05635112584708892,0.003298623121829633,-0.9026531563384609,0.0
14.684894964988327,-0.11742593643944924,-0.02881907643410088,-0.8963330406882017,0.0
14.724908302767588,-0.13267573559116297,-0.012044429063399371,-0.8946211448462486,0.0
14.764921640546849,-0.21295604537277263,-0.00623144321564334,-0.8790721811289569,0.0
14.804934978326107,-0.23449017285479382,-0.031034866475857598,-0.8730803085257706,0.00390625
14.844948316105366,-0.28284286140517445,0.0031549907948907954,-0.8592251734828015,0.00390625
14.884961653884627,-0.34394557055117375,-0.02489767734010856,-0.8363120150754767,0.0
14.924974991663888,-0.35643233727008294,-0.012726934414206331,-0.8313761030074956,0.0078125
14.964988329443146,-0.42921409538511374,-0.0032213781643198602,-0.7963736870156952,0.01171875
15.005001667222405,-0.4514765398681126,-0.027793586237469144,-0.783512860699995,0.015625
15.045015005001666,-0.49083124173001696,0.003101711283157546,-0.7600121372755088,0.01953125
15.085028342780927,-0.547039913426457,-0.019006522734052567,-0.7203963483284381,0.01171875
15.125041680560185,-0.5566785324405117,-0.011631750392666174,-0.7131583031838729,0.02734375
15.165055018339444,-0.6170073147672009,-0.00010790088347259474,-0.6617807404374699,0.02734375
15.205068356118705,-0.6379274545175576,-0.021809690641228167,-0.6412838354308964,0.03515625
15.245081693897966,-0.6668357042633648,0.0033135353152298486,-0.6115610607266628,0.0625
15.285095031677224,-0.7132195642012927,-0.011839136456913202,-0.5566573868019374,0.03125
15.325108369456483,-0.7200932448155211,-0.00854970795547838,-0.5477901577041492,0.0625
15.365121707235744,-0.7642221779374058,0.002768514753897333,-0.48437474203934566,0.07421875
15.405135045015005,-0.7812766783766032,-0.01354659805434071,-0.45611947506947087,0.04296875
15.445148382794263,-0.7994520777405565,0.0040010943098467144,-0.4235974188686595,0.0859375
15.485161720573522,-0.8315782785761985,-0.004155147516992308,-0.35631758396223084,0.11328125
15.525175058352783,-0.835764548341482,-0.0034776755292319494,-0.34626170793833916,0.12109375
15.565188396132044,-0.8614687117842601,0.005186295173175842,-0.2759527346972296,0.125
15.605201733911302,-0.8719160498093607,-0.0037007083190471572,-0.240652204432856,0.125
15.645215071690561,-0.8800864480219626,0.0053635277677286375,-0.20840556741384647,0.15234375
15.685228409469822,-0.8945024295697015,0.003306761858396734,-0.1329619095464995,0.19140625
15.725241747249083,-0.8959414951707263,0.003355862468670312,-0.1220138430558077,0.1796875
15.765255085028341,-0.9026617734667768,0.007053407258013761,-0.05024164140585896,0.21484375
15.8052684228076,-0.9038518413924934,0.006873262067322097,-0.00954703852747385,0.28125
15.845281760586861,-0.9035110381526066,0.0075369578623720734,0.019955423095860403,0.27734375
15.885295098366122,-0.8981414563705508,0.009909321510796376,0.0983995744337855,0.31640625
15.92530843614538,-0.8965674815377326,0.011495336751276175,0.1099517681957603,0.328125
15.96532177392464,-0.8853764143223836,0.008395675096501076,0.177998707258473,0.34765625
16.0053351117039,-0.875106203220579,0.017254530795325365,0.2215110462282131,0.3125
16.04534844948316,-0.8682116795010105,0.010549373763086511,0.24655198493400482,0.40625
16.08536178726242,-0.8426201007110701,0.015180583969039818,0.3223501283667895,0.4375
16.12537512504168,-0.8375837606811305,0.020295465014686043,0.3340771215304676,0.46875
16.16538846282094,-0.8109803388715586,0.00933045644708018,0.39392834768596974,0.515625
16.2054018006002,-0.7878414709423954,0.026558276860701863,0.4368984161692898,0.48046875
16.245415138379457,-0.7765009268678226,0.014292786235584831,0.4565394944876341,0.48828125
16.285428476158717,-0.7319859510158093,0.01884973126576789,0.524096980855465,0.56640625
16.325441813937978,-0.7229499941832698,0.0289815783922876,0.5353003855725592,0.62109375
16.36545515171724,-0.6845181078140111,0.010019581533280468,0.5835750865632586,0.62890625
16.4054684894965,-0.6481877561454972,0.03402861753856681,0.622124106860464,0.609375
16.445481827275756,-0.6343857586943618,0.018508843016735388,0.6361268561129079,0.65234375
16.485495165055017,-0.5738918438033356,0.02085307977331874,0.6904429066747131,0.71484375
16.525508502834278,-0.5603985297648888,0.03672949848561188,0.7000822466234855,0.71484375
16.565521840613535,-0.514370855043943,0.010622618427368644,0.7347204933343655,0.7421875
16.605535178392795,-0.4658024281130815,0.03911569000757838,0.7648161980413632,0.80078125
16.645548516172056,-0.45119560960427013,0.022802510085240285,0.773482708029084,0.78515625
16.685561853951317,-0.37904824226055017,0.021318435554273873,0.8106375560982293,0.796875
16.725575191730577,-0.3609184620354752,0.04276082950591775,0.817335457499647,0.83203125
16.765588529509834,-0.3117055222211627,0.011254110110123903,0.8376705289374754,0.875
16.805601867289095,-0.2531814471382292,0.04152928960621317,0.8555533654545442,0.88671875
16.845615205068356,-0.238990170645548,0.02667990571123416,0.8595225281654728,0.87890625
16.885628542847613,-0.160485989132365,0.02052186479766102,0.877053441064599,0.84765625
16.925641880626873,-0.13801613694303383,0.046432708369317406,0.8791898142911969,0.890625
16.965655218406134,-0.08975557327009877,0.011949605264135852,0.8858645794227078,0.89453125
17.005668556185395,-0.024785692901560595,0.041257755612195024,0.8884851516377096,0.90234375
17.045681893964655,-0.011782704899250563,0.029603456244160095,0.8885242184850408,0.875
17.085695231743912,0.06732228627420793,0.018831333254160428,0.8856478613500994,0.91015625
17.125708569523173,0.09320773241665355,0.047315236359984365,0.8815378358529284,0.8515625
17.165721907302434,0.1370284481299677,0.012649241085697451,0.8762867928206358,0.8828125
17.20573524508169,0.2039608265892644,0.038553925223713106,0.8616995822974443,0.875
17.24574858286095,0.21537295151633254,0.031060484546373238,0.8585282136367343,0.84765625
17.285761920640212,0.2894175102188674,0.016642421750985195,0.8361851553138532,0.8125
17.325775258419473,0.3170911072886415,0.04524582533599565,0.8243206938215297,0.83203125
17.365788596198733,0.35390102233639953,0.013201095006815322,0.8096553199954143,0.8203125
17.40580193397799,0.41772554712430743,0.03389000257962421,0.7773167092334063,0.73828125
17.44581527175725,0.4273756845846675,0.030635673034822453,0.7714922868694313,0.77734375
17.48582860953651,0.49132633463437764,0.014318936384384084,0.7322110108936857,0.7265625
17.52584194731577,0.5184888448711326,0.04035337920869544,0.7115329445062201,0.734375
17.56585528509503,0.5467643635162116,0.013385911214162632,0.6903774332521869,0.7265625
17.60586862287429,0.6023017602686392,0.027892641928975392,0.6413057288437308,0.6953125
17.64588196065355,0.6100849132839117,0.028078913942980954,0.6331861160667878,0.7421875
17.68589529843281,0.6599899694459744,0.012147274274204534,0.580785510651254,0.671875
17.72590863621207,0.6838153858378898,0.03304915840938425,0.5509446643152806,0.60546875
17.76592197399133,0.7030736389057374,0.01295784945963166,0.5262721750441195,0.6015625
17.80593531177059,0.7455527244616962,0.02126001159392532,0.46304284209773744,0.52734375
17.845948649549847,0.7512751381327264,0.023354516313044804,0.4528278342912984,0.55859375
17.885961987329107,0.784589363710381,0.010304219063274472,0.3919959489742754,0.515625
17.925975325108368,0.8019768077747449,0.023982098589763134,0.35356018980452497,0.49609375
17.96598866288763,0.8126462152978311,0.011692768598739134,0.328075712370695,0.42578125
18.00600200066689,0.8381999014890903,0.014677283931115725,0.2546454451980609,0.33984375
18.046015338446146,0.8414727358324635,0.016666898530985796,0.24248340273858404,0.40234375
18.086028676225407,0.8572217684423206,0.008850153598143257,0.17828440733497564,0.33984375
18.126042014004668,0.8651291072337037,0.013967160308240134,0.1328525175316715,0.3203125
18.166055351783925,0.8683282189821135,0.009441729757713457,0.1087582795086885,0.33203125
18.206068689563185,0.8744099684125892,0.008740137238346324,0.030131784342054713,0.2734375
18.246082027342446,0.8746100219583058,0.008455872714228652,0.016265810448756524,0.296875
18.286095365121707,0.8733798762662227,0.007740698371897295,-0.04636584687326728,0.1796875
18.326108702900967,0.8692015466634105,0.0038964138881332766,-0.09617149944838066,0.24609375
18.366122040680224,0.8664675553711897,0.006174969893195159,-0.11730653230191529,0.2109375
18.406135378459485,0.8521390623436704,0.0038976890727554503,-0.1955321447807556,0.18359375
18.446148716238746,0.8484600896515041,-0.0006340981387288336,-0.21061228101887935,0.1640625
18.486162054018003,0.8322242825217829,0.006859706584597034,-0.2673328761645803,0.1484375
18.526175391797263,0.8141609409786272,-0.005358804036826648,-0.3180081595607479,0.0859375
18.566188729576524,0.8071697397528157,0.002015088796014197,-0.33527018339939946,0.125
18.606202067355785,0.7732207534669465,0.00041559242152300335,-0.4074341670166163,0.078125
18.646215405135045,0.7648005333598769,-0.009818878685227295,-0.4228698217356515,0.09375
18.686228742914302,0.7366103034666894,0.006058945114421815,-0.47029151909229694,0.0625
18.726242080693563,0.7039844438226609,-0.013042066138206326,-0.5177209494966626,0.0625
18.766255418472824,0.6943128533352023,-0.002757213522137092,-0.5307767012307133,0.046875
18.80626875625208,0.6432015039447977,-0.0016332756084357913,-0.5916968341345694,0.05078125
18.84628209403134,0.6293109822412529,-0.018256432547230778,-0.6062001508026971,0.04296875
18.886295431810602,0.5928959844993826,0.005204253614905653,-0.6421249851006694,0.02734375
18.926308769589863,0.5463614781918729,-0.018588605790549023,-0.68195747226423,0.01953125
18.966322107369123,0.5353122342739438,-0.00771420439691034,-0.6909081163330841,0.03125
19.00633544514838,0.4709301890021166,-0.002347260842463089,-0.7363743328405903,0.015625
19.04634878292764,0.4511955816625808,-0.02513685410429374,-0.7482521357631664,0.01953125
19.0863621207069,0.41052320995604685,0.0042195839927495,-0.7717565047629289,0.0078125
19.12637545848616,0.3521365070139083,-0.021676322441780083,-0.7998467634281983,0.0078125
19.16638879626542,0.3406571743275134,-0.012321087940169867,-0.8050454201835835,0.0078125
19.20640213404468,0.2679442677858934,-0.0019607591765461313,-0.832209698379567,0.00390625
19.24641547182394,0.2425572755415908,-0.02977760494154653,-0.8394803247123891,0.0078125
19.2864288096032,0.2014118290594129,0.0031143830222945257,-0.8508519064193332,0.01171875
19.32644214738246,0.13454658443458933,-0.02224793911261049,-0.8637167019274803,0.0078125
19.36645548516172,0.12323719639940145,-0.015994531489292578,-0.8655870837625719,0.0
19.40646882294098,0.04769295873685597,-0.0007892511225879723,-0.8732060729316632,0.0078125
19.446482160720237,0.017570929207272996,-0.031701394573437146,-0.8738026490666055,0.0
19.486495498499497,-0.020803308692636045,0.0019967636020677706,-0.8743502624286432,0.00390625
19.526508836278758,-0.09170139420648074,-0.020500232690109588,-0.8695838553189814,0.0
19.56652217405802,-0.10250147232623684,-0.018174546316774905,-0.8684748278454923,0.0
19.60653551183728,-0.1753549859355903,0.0008286658616744741,-0.85697992284344,0.01171875
19.646548849616536,-0.20849381615597284,-0.030693166653491824,-0.8490177597021584,0.015625
19.686562187395797,-0.24164536370142412,0.0010666487898592925,-0.8407891453734443,0.0
19.726575525175058,-0.31143814277871945,-0.016842502673961507,-0.8173849242181392,0.01171875
19.766588862954315,-0.3215095612974721,-0.018398556636056662,-0.8134873444810774,0.01171875
19.806602200733575,-0.38665122776624306,0.002587986394274544,-0.784878401926069,0.00390625
19.846615538512836,-0.42032387195193993,-0.026825420384274982,-0.7669519538806386,0.015625
19.886628876292097,-0.44672049493076865,0.0005887391624320448,-0.7524043104970181,0.0234375
19.926642214071357,-0.5100549951912998,-0.01183475616753793,-0.710939509226071,0.015625
19.966655551850614,-0.5191412575754946,-0.016372327295912953,-0.7042788885605945,0.046875
20.006668889629875,-0.5725021134636776,0.004257319388064187,-0.6618587436418221,0.02734375
20.046682227409136,-0.6036168381604357,-0.020453014864852043,-0.6333252643781607,0.0234375
20.086695565188393,-0.6226445916487255,0.0008477784496272733,-0.614995900699608,0.03125
20.126708902967653,-0.6744753553737286,-0.0061112676879644945,-0.5576513431879297,0.04296875
20.166722240746914,-0.6821446196607678,-0.0120215640640009,-0.5481553647426425,0.06640625
20.206735578526175,-0.7209402679046346,0.0057054561812009685,-0.49614072545087345,0.03515625
20.246748916305435,-0.7460640293183748,-0.012172249064838936,-0.4573461150767151,0.06640625
20.286762254084692,-0.757912623148023,0.002096389059553838,-0.43756643528736766,0.09765625
20.326775591863953,-0.7940084679770874,-0.00030039653507629716,-0.36797332209079014,0.05859375
20.366788929643214,-0.7995659791885443,-0.005518585706900947,-0.3555989094128513,0.1171875
20.40680226742247,-0.8224746634638872,0.006908314247441746,-0.29865717382155155,0.1484375
20.44681560520173,-0.8381858138967818,-0.0027509877034044006,-0.2510645517155627,0.125
20.486828942980992,-0.8436493506470657,0.0045039207219927935,-0.23175097602596983,0.125
20.526842280760253,-0.8610268464759112,0.0050477167416844715,-0.15467834527095098,0.16015625
20.566855618539513,-0.8635077793456493,0.0027180904792774574,-0.13957132914586262,0.19921875
20.60686895631877,-0.8706832027123556,0.007931546968331697,-0.08233982717117994,0.20703125
20.64688229409803,-0.8739689255777728,0.006955396055915192,-0.028531610991643697,0.2109375
20.68689563187729,-0.8742038142857981,0.008105705110346084,-0.011072862571624764,0.2578125
20.72690896965655,-0.8714360816729287,0.009514673314436173,0.0680123261612578,0.28125
20.76692230743581,-0.8696792062866453,0.012056649824759597,0.08535927948650046,0.24609375
20.80693564521507,-0.8626066319603729,0.008897709396877652,0.13871523373871208,0.296875
20.84694898299433,-0.85125666077076,0.016099201641833982,0.19517481438116574,0.359375
20.88696232077359,-0.8475349952433804,0.012774648670063338,0.20993066249983783,0.33984375
20.92697565855285,-0.8248978662935826,0.012848561764726485,0.2853813017887875,0.3984375
20.96698899633211,-0.8177026611022432,0.02171300953257388,0.30400822479220885,0.45703125
21.00700233411137,-0.798919945384278,0.009947934736990974,0.3501503678846562,0.48828125
21.047015671890627,-0.7718636609241996,0.0239337126607439,0.4049865622121639,0.51953125
21.087029009669887,-0.7653661135706196,0.018212846317877396,0.41665777955218797,0.48046875
21.127042347449148,-0.7248075130821798,0.014972138598355722,0.4831840005904221,0.5234375
21.16705568522841,-0.7111513586571296,0.030834206481810247,0.5016117938057101,0.57421875
21.20706902300767,-0.683884337277693,0.011195661168398069,0.5382614922248726,0.57421875
21.247082360786926,-0.6414227396848754,0.0298876516185346,0.5868710392049836,0.58984375
21.287095698566187,-0.6330986141822477,0.02396637452787781,0.5954058649196914,0.66796875
21.327109036345448,-0.5780317675500034,0.0159647608386429,0.648571510274182,0.66796875
21.367122374124705,-0.5573107192038239,0.03858916426581007,0.6648404723305184,0.7109375
21.407135711903965,-0.5250675816413674,0.01268496322388464,0.6908713158303199,0.69921875
21.447149049683226,-0.4689660545156369,0.03361554942578032,0.72877500048432,0.75390625
21.487162387462487,-0.45947713343186103,0.029464471390160174,0.7342865739209713,0.7890625
21.527175725241747,-0.3944256000137871,0.01602450315188575,0.7709088536687344,0.796875
21.567189063021004,-0.3666819408108178,0.04426133103046438,0.7827149784810467,0.77734375
21.607202400800265,-0.3328603301150978,0.014365403150729594,0.7981069531979363,0.82421875
21.647215738579526,-0.26627857162885943,0.03502204091683818,0.8214213196789466,0.828125
21.687229076358783,-0.25602922342678097,0.034081712009064014,0.824030218392048,0.828125
21.727242414138043,-0.1861629892787077,0.015421013361782879,0.8424392981039976,0.83203125
21.767255751917304,-0.1522564041069484,0.0473309468256085,0.8473598755492872,0.875
21.807269089696565,-0.1198121765881672,0.01608308474781725,0.8530338057207032,0.84765625
21.847282427475825,-0.047076488806229166,0.03425303486446226,0.8589059993233207,0.87109375
21.887295765255082,-0.03631291888355568,0.037211987730063914,0.8586228576841789,0.8515625
21.927309103034343,0.03306747962971522,0.014439647095244047,0.8587555054532483,0.87890625
21.967322440813604,0.07138144043125025,0.04753290421242521,0.8545405972634043,0.89453125
22.00733577859286,0.10016993147462157,0.017591222391518918,0.8521064071464317,0.8359375
22.04734911637212,0.1739377638431648,0.03165905838118295,0.839058179161661,0.82421875
22.087362454151382,0.18498254717947718,0.038346061023001775,0.8357303296629066,0.828125
22.127375791930643,0.24895563793646738,0.013330600571508498,0.8190521329829992,0.82421875
22.167389129709903,0.28906190632417744,0.04488458304223631,0.8039455490791484,0.859375
22.20740246748916,0.31271300834336274,0.018579398369657496,0.7954064149744602,0.77734375
22.24741580526842,0.38206769554809616,0.027734767197485438,0.763543190360132,0.8046875
22.28742914304768,0.3930201007423283,0.03714219567359012,0.7568765676260779,0.77734375
22.32744248082694,0.4474882275378187,0.012270713661968045,0.7261483942706715,0.75390625
22.3674558186062,0.4860752205528889,0.03968177831341385,0.6991941567728814,0.73046875
22.40746915638546,0.5039039481065539,0.018721371820594607,0.6866513205298026,0.73828125
22.44748249416472,0.5635995817375545,0.023050667581030415,0.6377075514991299,0.69921875
22.48749583194398,0.5738199319201357,0.03348331539989599,0.6273605778913791,0.6484375
22.52750916972324,0.6158428051002902,0.011343360818915828,0.5862825814572388,0.5859375
22.5675225075025,0.649181588737031,0.03246379497091623,0.5475710963156121,0.62890625
22.60753584528176,0.6611954075941949,0.01773052403194375,0.5329698772556,0.6015625
22.647549183061017,0.7066996048016769,0.01817622573608385,0.47018096842322016,0.5546875
22.687562520840277,0.7152140374498883,0.0275047857702779,0.45591332829446746,0.59375
22.727575858619538,0.7431988510618147,0.010535583823653116,0.40869377155535197,0.48828125
22.7675891963988,0.7675108347461596,0.023946626352393807,0.3595071209183942,0.45703125
22.80760253417806,0.77422974077595,0.015414069683303777,0.34445508445590733,0.42578125
22.847615871957316,0.8021700363032798,0.013611929595983785,0.27226795837637635,0.42578125
22.887629209736577,0.8076839469037039,0.01959415445552276,0.25411590464141676,0.3984375
22.927642547515838,0.821416591602584,0.009755462474924412,0.20501877409882457,0.328125
22.967655885295095,0.8332903487691865,0.01494055813756423,0.1478456375252049,0.34375
23.007669223074355,0.8355308608201829,0.011722758175966574,0.13352035724563155,0.31640625
23.047682560853616,0.8440224318501961,0.009740542267934693,0.057173827541906086,0.3125
23.087695898632877,0.8450249400422075,0.01036442556456263,0.03561683455663345,0.26953125
23.127709236412137,0.8455499557828362,0.008868400059091286,-0.011457972884659162,0.20703125
23.167722574191394,0.8423538225688652,0.0062609735027160385,-0.07305181434423397,0.1640625
23.207735911970655,0.84101239709156,0.006781532230118459,-0.08590364043204568,0.21484375
23.247749249749916,0.829830105577472,0.006793124865872857,-0.16088143847189595,0.1484375
23.287762587529173,0.8247736804588589,0.0005876231733554088,-0.1847984807649457,0.140625
23.327775925308433,0.8141485919601437,0.007733777379741763,-0.2266551556817215,0.15625
23.367789263087694,0.7943919461566011,-0.001364673729400634,-0.28829502987414857,0.13671875
23.407802600866955,0.7902697508478783,0.0008973787750668483,-0.2992800480371961,0.12109375
23.447815938646215,0.7608425135877744,0.004843608758582085,-0.36759970714687545,0.09765625
23.487829276425472,0.7483878813331881,-0.008880714152431815,-0.39221985854232977,0.09375
23.527842614204733,0.7293505151647227,0.006253752814197405,-0.4265935688015265,0.0703125
23.567855951983994,0.6929376461030218,-0.007367027858455055,-0.4834800232497341,0.0625
23.60786928976325,0.6866317856124085,-0.0054540315045339405,-0.49242754748297907,0.046875
23.64788262754251,0.6418689788311609,0.003827134985448788,-0.5495325430388733,0.04296875
23.687895965321772,0.6211466476681147,-0.017195681861994744,-0.572636644074158,0.04296875
23.727909303101033,0.5967426457103746,0.004410941851232336,-0.5982896812051854,0.07421875
23.767922640880293,0.5450872663557521,-0.011386205932887417,-0.6456580469965321,0.0234375
23.80793597865955,0.5369651851335079,-0.011673129408577398,-0.6524691006328948,0.01171875
23.84794931643881,0.48092883242339884,0.0035720189832691984,-0.694940806040991,0.015625
23.88796265421807,0.45178582718921645,-0.023616347103213923,-0.7138998600424011,0.03125
23.92797599199733,0.4250084683886802,0.00229082923181409,-0.7305886264875794,0.01953125
23.96798932977659,0.3609858880038309,-0.013297239833433755,-0.7641928482185488,0.01171875
24.00800266755585,0.3512354216726401,-0.017096927439701176,-0.7687032862913153,0.015625
24.04801600533511,0.28870705421351733,0.003849664390302536,-0.7945333865849404,0.01171875
24.08802934311437,0.25189146014438735,-0.02758617876995459,-0.8065543796795147,0.0
24.12804268089363,0.22537619570227332,9.009322606240433e-05,-0.8148848430857717,0.00390625
24.16805601867289,0.15311165690236248,-0.013201551455856692,-0.8314489181840407,0.00390625
24.20806935645215,0.14185797324122243,-0.021075843702838812,-0.8333375972536738,0.015625
24.248082694231407,0.077845333340797,0.004423027982792881,-0.8420419448609829,0.015625
24.288096032010667,0.03509271841606761,-0.028793747793831936,-0.8444816371008651,0.0078125
24.328109369789928,0.010902140075755297,-0.0018986456819645773,-0.8456849464311627,0.0078125
24.36812270756919,-0.06458451622574927,-0.011394787171703405,-0.8432675202352589,0.00390625
24.40813604534845,-0.0771280965352193,-0.023054129083405303,-0.8420310511348853,0.0
24.448149383127706,-0.13788191288795862,0.005093644810410299,-0.8345980407982256,0.0
24.488162720906967,-0.1838827443801716,-0.027203722139050757,-0.8253073321396869,0.01953125
24.528176058686228,-0.2043669114687221,-0.003320005968105763,-0.8209755672412773,0.0078125
24.568189396465485,-0.2776242048788009,-0.008311345466829961,-0.7992025393174639,0.01953125
24.608202734244745,-0.2910021768900664,-0.022642668638789776,-0.7942057022388964,0.015625
24.648216072024006,-0.344453225715934,0.005737346719770272,-0.7728930878133072,0.00390625
24.688229409803267,-0.3902256326370202,-0.023053255360548364,-0.7505466276454138,0.03515625
24.728242747582527,-0.4062994634964396,-0.003804044073489554,-0.7423706551843889,0.01953125
24.768256085361784,-0.4719629078276252,-0.00445730889785273,-0.7025061963491213,0.03125
24.808269423141045,-0.48536046870223454,-0.019677095190798882,-0.6931025825137496,0.03125
24.848282760920306,-0.528495123797426,0.006318732096914328,-0.6611143994087167,0.03515625
24.888296098699563,-0.5700606833785395,-0.016821936195081877,-0.6254785145982596,0.0234375
24.928309436478823,-0.5816012188631525,-0.0030270423204032393,-0.6150260143940396,0.02734375
24.968322774258084,-0.6349110245935878,-0.0003428656454680379,-0.5598709262799705,0.046875
25.008336112037345,-0.6471018251490923,-0.014250883907791945,-0.54557476586676,0.03515625
25.048349449816605,-0.6781326245671628,0.006890269688960844,-0.5066626340241764,0.0546875
25.088362787595862,-0.7113909848514292,-0.009169383910453244,-0.458759805713933,0.05078125
25.128376125375123,-0.7186919882972564,-0.0007674015162236203,-0.4473217088115923,0.0703125
25.168389463154384,-0.7559483681480175,0.003582078250563947,-0.3809495305996283,0.10546875
25.20840280093364,-0.7653288681509935,-0.006716004899234795,-0.36162889956950883,0.10546875
25.2484161387129,-0.7837406442825142,0.007572820575779168,-0.3196695226082288,0.11328125
25.288429476492162,-0.804901224616477,-0.0008556265625427328,-0.26180922980755467,0.14453125
25.328442814271423,-0.8084791409472278,0.003044532133574307,-0.250329859924904,0.1640625
25.368456152050683,-0.8273861407817311,0.006976858014866805,-0.17769022662011985,0.1640625
25.40846948982994,-0.8321001367950273,0.0023459509383667865,-0.15374576092759862,0.1796875
25.4484828276092,-0.8385532754896332,0.008519977675285312,-0.11234626219304056,0.2109375
25.48849616538846,-0.8445684578260085,0.007344743546365995,-0.048007675057345656,0.20703125
25.52850950316772,-0.8449716926843036,0.008292820140988588,-0.037098900876999186,0.23828125
25.56852284094698,-0.8448300875998391,0.009635747889313373,0.03646564385729939,0.265625
25.60853617872624,-0.8429784038205131,0.012180921711530429,0.0639731776450766,0.28515625
25.6485495165055,-0.839090349820762,0.009875503131477836,0.1017974454517242,0.28125
25.68856285428476,-0.8280350020771325,0.014731243151682338,0.16822625482833264,0.38671875
25.72857619206402,-0.8257051535665478,0.01466751012741746,0.17820107760341547,0.39453125
25.76858952984328,-0.8074363803962578,0.011493293029405216,0.24747010713608641,0.34765625
25.80860286762254,-0.7973417025045084,0.021940702971384687,0.27677435789752,0.39453125
25.848616205401797,-0.7853863978110656,0.011727004537146812,0.30881718831246285,0.41015625
25.888629543181057,-0.7567365490585675,0.020744218102151712,0.3724211354672482,0.45703125
25.928642880960318,-0.7519241271880366,0.02168152071065721,0.3812185520322909,0.49609375
25.96865621873958,-0.7179220374352884,0.012610064748707933,0.4415811440214409,0.484375
26.00866955651884,-0.6984175795492924,0.030777402816773422,0.47026679323139153,0.55859375
26.048682894298096,-0.6809868732905224,0.01407308885507566,0.4952272607137227,0.58984375
26.088696232077357,-0.6357558749966421,0.025019622267108188,0.5510261525807532,0.5703125
26.128709569856618,-0.6285265619681846,0.02871131225797885,0.5583817888436946,0.61328125
26.168722907635875,-0.5823647861094496,0.01313480398376679,0.6062427043604978,0.65234375
26.208736245415135,-0.553057038366666,0.03793259617014475,0.6314103973013597,0.69921875
26.248749583194396,-0.5327319186322289,0.01679657270478177,0.6488687631768,0.72265625
26.288762920973657,-0.47344732407794204,0.027410267254706105,0.6923094448581678,0.77734375
26.328776258752917,-0.46375558815060836,0.03506283302256108,0.6978182855026568,0.7265625
26.368789596532174,-0.40978149013969045,0.013263176399169546,0.7308797269527895,0.7734375
26.408802934311435,-0.3712521125901451,0.042821138747255794,0.7494082700831487,0.73828125
26.448816272090696,-0.3503268050943653,0.019662730795190098,0.7596990544908607,0.765625
26.488829609869953,-0.28083900451675237,0.027980129660084924,0.7871199984575584,0.82421875
26.528842947649213,-0.26866217538804915,0.040047128862726517,0.7901669519848216,0.76953125
26.568856285428474,-0.21153154654441902,0.013188593682198001,0.8075593615869681,0.79296875
26.608869623207735,-0.16543524366769097,0.045091260488770366,0.8164392436957522,0.8203125
26.648882960986995,-0.145723654976526,0.02233541935733291,0.8204514003706507,0.8203125
26.688896298766252,-0.0708683906909404,0.026975885922933804,0.8294654384512403,0.875
26.728909636545513,-0.05636831385410679,0.04306404510216033,0.8292257915856591,0.8203125
26.768922974324774,-0.0005757699539171832,0.013060848501980938,0.8314800772608254,0.8046875
26.80893631210403,0.050388758108474915,0.04465718669539105,0.828179329024336,0.85546875
26.84894964988329,0.06764509007845085,0.024414339072532244,0.8271213672413208,0.8515625
26.888962987662552,0.1424960642560388,0.024775462943611236,0.8168704628046899,0.78515625
26.928976325441813,0.15881727452233557,0.04367814658679993,0.8123871754536128,0.84375
26.968989663221073,0.2093582328138473,0.012954983182730175,0.8012606116088613,0.80078125
27.00900300100033,0.26161100215954625,0.0417004086902317,0.7840766546541126,0.86328125
27.04901633877959,0.2757349152676322,0.025486007228154084,0.7792463705050565,0.7734375
27.08902967655885,0.34518482002954604,0.021824254857270298,0.7504977618712142,0.73046875
27.12904301433811,0.3623714842041681,0.04167665391915979,0.7408281969789361,0.69921875
27.16905635211737,0.4046524631249138,0.01285816866250572,0.7190136424430136,0.6875
27.20906968989663,0.4540215846447748,0.03663942685207561,0.6873632009369345,0.70703125
27.24908302767589,0.46480553149464865,0.02518575709166937,0.6799573201164563,0.6875
27.28909636545515,0.5239471258487349,0.018572686208297134,0.6350292412511938,0.64453125
27.32910970323441,0.5405504116032197,0.037106135820125376,0.619440445694386,0.6796875
27.36912304101367,0.5726658327722418,0.012675697085967788,0.5902010316809232,0.6171875
27.40913637879293,0.6147752299239163,0.03007384879950617,0.5448053306080706,0.61328125
27.449149716572187,0.6223293122786591,0.02325841938147838,0.5357949190493889,0.53515625
27.489163054351447,0.6672072484267642,0.015417252209278837,0.4783200815878451,0.609375
27.529176392130708,0.6813350432616172,0.03027601081698604,0.45650126782429246,0.55078125
27.56918972990997,0.7025400372802705,0.012254503432908986,0.42327966832560143,0.53125
27.60920306768923,0.733253432815972,0.022709119227967478,0.36621347942166843,0.4375
27.649216405468486,0.7378304561370304,0.019608770754684535,0.3562980358240224,0.44921875
27.689229743247747,0.765796287310247,0.01265536529441924,0.29085300764870436,0.4296875
27.729243081027008,0.7752597275970272,0.021731780093502743,0.2631083380903555,0.40625
27.769256418806265,0.7858912143983962,0.01141890128251391,0.2291594513802651,0.42578125
27.809269756585525,0.8017614341981514,0.015272920641358878,0.1637490356376708,0.328125
27.849283094364786,0.8035928335761937,0.014336382976660733,0.15338784975724817,0.3046875
27.889296432144047,0.8135179146146008,0.010462762798239766,0.08503246627989103,0.25390625
27.929309769923307,0.8160649148845658,0.012199971290844162,0.052416754846760505,0.234375
27.969323107702564,0.8173485522122146,0.010016299353314079,0.02050681301974805,0.234375
28.009336445481825,0.816015691794516,0.008431928659455357,-0.048919953350073375,0.22265625
28.049349783261086,0.815198086724948,0.007745598885944283,-0.05941433163496451,0.2109375
28.089363121040343,0.8075211135203382,0.008889183286418467,-0.1256342486116559,0.24609375
28.129376458819603,0.8011219278852421,0.0025113063095707627,-0.16126767703639705,0.16796875
28.169389796598864,0.7949017981921531,0.00796124550845595,-0.1890651430648323,0.1953125
28.209403134378125,0.7753953702975868,0.002726796096409856,-0.2575534974984111,0.10546875
28.249416472157385,0.7718410808311615,0.000330532324679389,-0.2678855595125465,0.1171875
28.289429809936642,0.7484490647009912,0.007875046340202974,-0.3274146112044751,0.15625
28.329443147715903,0.7316074888233819,-0.006491290760245086,-0.3634743753627768,0.1171875
28.369456485495164,0.720039875040134,0.005270948177545032,-0.3858703482477106,0.1015625
28.40946982327442,0.6829374294303853,-0.0014817639205769728,-0.4482993807351635,0.0703125
28.44948316105368,0.6764036751019451,-0.007272063857579503,-0.4580564898722027,0.08984375
28.489496498832942,0.6403705516046252,0.007285356522090877,-0.5072318976045629,0.05078125
28.529509836612203,0.6124107621047673,-0.014042230130558775,-0.5405621118491997,0.0546875
28.569523174391463,0.5976685204457011,0.002087079317174112,-0.5570329998359055,0.05859375
28.60953651217072,0.5450971358074538,-0.004032053501553279,-0.6086115096754947,0.0390625
28.64954984994998,0.5352875091550007,-0.014341659530285905,-0.6171580788022604,0.04296875
28.68956318772924,0.4904976389282793,0.006952024188598305,-0.6534965245356468,0.03515625
28.7295765255085,0.45178099946397704,-0.019536123661245658,-0.6806525651845955,0.015625
28.76958986328776,0.4358056478167459,-0.001322253490675468,-0.6913268192692765,0.0234375
28.80960320106702,0.37127463588367404,-0.004959139814868396,-0.7280673791146178,0.0078125
28.84961653884628,0.35799190614318316,-0.020155975061302095,-0.7344949800249536,0.0234375
28.88962987662554,0.30870544245933484,0.006720494238174474,-0.756835895608932,0.01171875
28.9296432144048,0.2607426364334691,-0.022586167564041207,-0.7744350698058384,0.01953125
28.96965655218406,0.24507692062990233,-0.004579529159162182,-0.7799143940098758,0.01953125
29.00966988996332,0.17316052154374162,-0.004466579879518276,-0.7990311606041847,0.0078125
29.049683227742577,0.15648167021730802,-0.024074217526076573,-0.8021824777686624,0.01171875
29.089696565521837,0.10688791061010712,0.006485160869797245,-0.8106808102778855,0.01171875
29.129709903301098,0.05232113033039063,-0.023062508886922323,-0.8157879600354624,0.0
29.16972324108036,0.03803384824231083,-0.007241445606195284,-0.8169391762652545,0.01171875
29.20973657885962,-0.03605969277476179,-0.0028802391066044195,-0.8171225182028703,0.0078125
29.249749916638876,-0.05562325076086418,-0.02561551652650238,-0.8156941393522005,0.00390625
29.289763254418137,-0.10180601507390745,0.006218118152863239,-0.8116726597067342,0.00390625
29.329776592197398,-0.15936163750780136,-0.02109316360238076,-0.8021735418194802,0.0
29.369789929976655,-0.1716583220171385,-0.008850541162145495,-0.7999282388048706,0.0078125
29.409803267755915,-0.24258567696306926,-0.0005887584394521223,-0.7814648722933877,0.01171875
29.449816605535176,-0.26397540620471155,-0.024518733713743704,-0.7741796679465455,0.0078125
29.489829943314437,-0.3038145747415962,0.005979698170676534,-0.7598688031035514,0.0078125
29.529843281093697,-0.3600588120448839,-0.017036837184375736,-0.7347821399500647,0.01171875
29.569856618872954,-0.37011381686804845,-0.00899948712607787,-0.72997704815507,0.01171875
29.609869956652215,-0.43290527393491496,0.0020157551957450393,-0.6947025520589309,0.03125
29.649883294431476,-0.4544836788821581,-0.020781073908459832,-0.6805289389596784,0.0234375
29.689896632210733,-0.4860272786773156,0.005906699346108907,-0.6587341228478496,0.03125
29.729909969989993,-0.5363656995194357,-0.01143258907289757,-0.6184186582610702,0.04296875
29.769923307769254,-0.5441455364850627,-0.007395138642225685,-0.6117001103275239,0.02734375
29.809936645548515,-0.5946683984811832,0.004590670927925644,-0.5627906453502358,0.04296875
29.849949983327775,-0.6142828054943604,-0.01466501656110582,-0.5411759813323138,0.04296875
29.889963321107032,-0.6366240288563284,0.0061879028539530145,-0.5149188125698636,0.0625
29.929976658886293,-0.6766211203172162,-0.004928190558812884,-0.4611429072448573,0.09765625
29.969989996665554,-0.6821505333162386,-0.003912051018641782,-0.45294603438851516,0.04296875
30.01000333444481,-0.7174725836985163,0.00688351910274182,-0.3945753525597373,0.0703125
30.05001667222407,-0.7326199756042457,-0.006673769933654464,-0.3656551838930894,0.109375
30.090030010003332,-0.7458335237084757,0.007024414163332077,-0.33783503129814524,0.1171875
30.130043347782593,-0.7716738015672142,0.0018003361660532957,-0.27369267819000237,0.10546875
30.170056685561853,-0.7748945042416766,0.0013730347182611125,-0.2642920915093816,0.140625
30.21007002334111,-0.7935134584964555,0.008751876289184252,-0.20119620261181947,0.16796875
30.25008336112037,-0.8015910350393748,0.0025010058620626024,-0.16594158063507253,0.1796875
30.29009669889963,-0.8065612763821496,0.008583219054815072,-0.13905805269107785,0.19921875
30.33011003667889,-0.8154661009085455,0.008125941018682414,-0.0687342042766575,0.21484375
30.37012337445815,-0.8161503304423536,0.008169244480721816,-0.05834963204480287,0.24609375
30.41013671223741,-0.8180608746869007,0.010168214728568686,0.004649675054865854,0.21484375
30.45015005001667,-0.8166785523097251,0.012056590461864233,0.04437827644167458,0.24609375
30.49016338779593,-0.8148586316456843,0.010954048275392814,0.06841327888054843,0.2734375
30.53017672557519,-0.8054069753138369,0.013535620821792937,0.1400068085617907,0.33984375
30.57019006335445,-0.8031339934065345,0.01598670103506067,0.1510760826733934,0.31640625
30.61020340113371,-0.7897397476886617,0.011196972878054809,0.20953255728788517,0.3984375
30.650216738912967,-0.7770485032993096,0.0211637481003272,0.25104501144579305,0.37890625
30.690230076692227,-0.7701839312115532,0.014110687080868711,0.27099139218636414,0.39453125
30.730243414471488,-0.7424983431654365,0.0176781896803318,0.33867066565637005,0.5234375
30.77025675225075,-0.7367116279100647,0.024178844638412522,0.3499148197336161,0.45703125
30.81027009003001,-0.7105894068403268,0.011963723595624802,0.4001527666993357,0.5390625
30.850283427809266,-0.6855938680093917,0.029058198516286604,0.44010760735044874,0.44921875
30.890296765588527,-0.675460396852289,0.017890714598269075,0.4553793747314696,0.5234375
30.930310103367788,-0.6312277026335409,0.020385987924967208,0.5141839351012228,0.6328125
30.970323441147045,-0.6213659956066249,0.03200895670100298,0.5247869301588215,0.59375
31.010336778926305,-0.5859235445291644,0.012615328410992433,0.5641889099606086,0.64453125
31.050350116705566,-0.5487119004523563,0.035121576367491164,0.5988784151171009,0.609375
31.090363454484827,-0.5368949112302884,0.021997152653693064,0.6094403230719151,0.703125
31.130376792264087,-0.4792291777277361,0.021672082378026397,0.6551125872117461,0.71484375
31.170390130043344,-0.4648942912713392,0.038727223859564286,0.6639181172982602,0.71484375
31.210403467822605,-0.4239654970312328,0.01327395697235511,0.6910772175289713,0.7265625
31.250416805601866,-0.375844121358791,0.038942164719611594,0.7167916142363624,0.703125
31.290430143381123,-0.363600227278048,0.02601738283044791,0.722998255433069,0.75
31.330443481160383,-0.29674825623103435,0.0217036436496406,0.7523930647902205,0.796875
31.370456818939644,-0.27789757697756134,0.043657103660578844,0.757949043032422,0.7578125
31.410470156718905,-0.23532221440143225,0.01400421346190476,0.7726791609128035,0.79296875
31.450483494498165,-0.17880758799207683,0.04035016418024543,0.7861093648911409,0.8359375
31.490496832277422,-0.16700817077108204,0.029465557721496075,0.7885208397927352,0.765625
31.530510170056683,-0.0959374549347822,0.020760088765517853,0.7998975363357772,0.8203125
31.570523507835944,-0.07305332695815439,0.04627566905654458,0.800581976694528,0.8203125
31.6105368456152,-0.0322982506780486,0.014789438160870992,0.8037941562352121,0.8046875
31.65055018339446,0.029031050136379223,0.039424491819252096,0.8024246426027636,0.7734375
31.690563521173722,0.039870269597655585,0.03184168478293108,0.8016340851115953,0.80859375
31.730576858952983,0.1099525609385691,0.01917760370746223,0.7947989613489747,0.76171875
31.770590196732243,0.1357501574885094,0.04627524796934051,0.7890163777933492,0.796875
31.8106035345115,0.17189072352119958,0.015524572563067225,0.7824877818820767,0.83203125
31.85061687229076,0.23367664841167596,0.036467774330208744,0.7649298847146936,0.7578125
31.89063021007002,0.2432968124912485,0.03269494547775548,0.761433275859483,0.75390625
31.93064354784928,0.307443655011193,0.017292165283874728,0.7377182609178953,0.765625
31.97065688562854,0.3343679052840424,0.04360240569611769,0.7241423794781059,0.76171875
32.0106702234078,0.36396180641334763,0.01602853799980468,0.7102155466581245,0.71484375
32.05068356118706,0.4214577096972024,0.031957638905560415,0.6764365098179403,0.796875
32.09069689896632,0.42971679668110696,0.031691336829357486,0.6705658006986603,0.73046875
32.13071023674558,0.4837003666283243,0.015393988623912933,0.6326490208801725,0.6640625
32.17072357452484,0.5093714651186053,0.0384697366249023,0.6104773859074383,0.66796875
32.2107369123041,0.5314151534384787,0.016075274049625943,0.5917338809554901,0.6484375
32.25075025008336,0.5799426327133352,0.026482403487723127,0.5431483371629019,0.5703125
32.29076358786262,0.5866699101923358,0.028670111769697776,0.5350762832719582,0.5546875
32.33077692564188,0.6273505978784654,0.013688868350605676,0.48666827933406487,0.52734375
32.370790263421135,0.6489750122029571,0.031333126853855614,0.45584943575016224,0.5078125
32.4108036012004,0.6633407403683156,0.015434282474161565,0.43480159873501584,0.50390625
32.450816938979656,0.6987608429348409,0.02066327864762396,0.37420799632674356,0.484375
32.49083027675891,0.7036353346461219,0.02367876209901465,0.3640195077569337,0.41796875
32.53084361453818,0.7292011898735685,0.012281177149320754,0.3094555613637402,0.40234375
32.570856952317435,0.743840324254518,0.022840562887771698,0.2708501345324523,0.3828125
32.6108702900967,0.7511253334745421,0.013918261860933978,0.24968912640567742,0.4140625
32.650883627875956,0.770269517423408,0.01508344434269876,0.1810531394390737,0.359375
32.69089696565521,0.7727558011928861,0.016989091422024205,0.1688653467857889,0.3046875
32.73091030343448,0.7828113157933773,0.011176455360741314,0.11265338665270591,0.24609375
32.770923641213734,0.7877108417178232,0.013762729106454819,0.06809676287729649,0.29296875
32.810936978993,0.7890192472866275,0.011429603469807315,0.048523664799156596,0.28515625
32.850950316772256,0.7900298458652458,0.010221849447316689,-0.02337140561017026,0.25
32.89096365455151,0.7893797759525844,0.009079307287680916,-0.0372674056313943,0.1875
32.93097699233078,0.7848791075787622,0.01029757353229951,-0.09088931747991963,0.19921875
32.970990330110034,0.7778241542991571,0.004904174231697728,-0.1386425154018085,0.17578125
33.01100366788929,0.7745212857388892,0.007997016204912666,-0.15548966482991178,0.19140625
33.051017005668555,0.7570565842902715,0.006412441462226026,-0.22548732586280573,0.18359375
33.09103034344781,0.7523997378538936,0.0005940171754858226,-0.24049552694136334,0.12109375
33.13104368122707,0.7354431048933516,0.009520551875926965,-0.2879427476435757,0.125
33.171057019006334,0.715083315768838,-0.00298242228063908,-0.33539825212955826,0.109375
33.21107035678559,0.7085623362289424,0.0037946257420807816,-0.3489244771625915,0.10546875
33.251083694564855,0.6738487532827112,0.0038224339421372155,-0.41198578492615445,0.1015625
33.29109703234411,0.6643389808239956,-0.007718491302186881,-0.42711638506454336,0.09375
33.33111037012337,0.6378604526767829,0.00871751426190661,-0.4657410107625592,0.05859375
33.37112370790263,0.6039676471102564,-0.009273235340391928,-0.5089559636070354,0.0625
33.41113704568189,0.5954624752332089,-0.0008547597004260332,-0.5190122514768738,0.06640625
33.451150383461155,0.5461774585541042,0.0024541368850278245,-0.5706968068354055,0.0546875
33.49116372124041,0.5311902613836491,-0.015088723285813899,-0.5845452950727454,0.03515625
33.53117705901967,0.49858215571158704,0.007792527419110934,-0.6127939204542574,0.04296875
33.57119039679893,0.4521992193806521,-0.013538723496525296,-0.647751321438027,0.0078125
33.61120373457819,0.44267094052868594,-0.005507492457122315,-0.6544879960960498,0.03125
33.65121707235745,0.38267677866427907,0.0021682851157018845,-0.6913709377161217,0.02734375
33.69123041013671,0.36201429841050503,-0.020811829243752723,-0.702180201622435,0.015625
33.73124374791597,0.3267371467278136,0.006716116948257238,-0.719617033904565,0.0234375
33.771257085695225,0.2701878180766144,-0.01557793005321044,-0.7426426792978458,0.015625
33.81127042347449,0.26029059838636026,-0.009640170964283407,-0.7463458071315592,0.01171875
33.85128376125375,0.19424771121747775,0.0027271165978746126,-0.7663237466929613,0.01171875
33.89129709903301,0.16832071954289096,-0.024326272169193405,-0.7721311763950429,0.01171875
33.93131043681227,0.13354853217693297,0.005547401319044562,-0.779335085888794,0.0234375
33.971323774591525,0.07030118809452772,-0.015425361425381555,-0.7875083023891738,0.0078125
34.01133711237079,0.06042720121664645,-0.01271065019317695,-0.7884527146793083,0.015625
34.051350450150046,-0.006670517603304287,0.003842480044279622,-0.7909061518852768,0.00390625
34.09136378792931,-0.036725397433015894,-0.025280314393396328,-0.7897628623045327,0.01953125
34.13137712570857,-0.06838830759093209,0.004434661111289345,-0.788122795448818,0.00390625
34.171390463487825,-0.13399337479305826,-0.013331038009331879,-0.7796297134760952,0.01953125
34.21140380126709,-0.14360949517379462,-0.014225310618330787,-0.7779766084868225,0.0234375
34.251417139046346,-0.2069184015796771,0.005229864255383368,-0.7637729427424521,0.00390625
34.2914304768256,-0.23920962799976186,-0.023571658577695883,-0.7540095875416539,0.01953125
34.33144381460487,-0.26590718581083833,0.0036016599074790573,-0.7454530548745408,0.0078125
34.371457152384124,-0.3290433971256134,-0.009715032761211856,-0.7198384114743295,0.0234375
34.41147049016338,-0.3381851832482337,-0.013808577578286324,-0.7155962660657297,0.01953125
34.451483827942646,-0.39346310197413303,0.006650167223150566,-0.6869379995494895,0.015625
34.4914971657219,-0.4254241721040965,-0.019363553431692833,-0.6674424726948859,0.02734375
34.53151050350117,-0.4461148666970832,0.0033114247884557246,-0.6541432150044539,0.03515625
34.571523841280424,-0.5019291206195674,-0.005107412579821474,-0.6124226714905945,0.0234375
34.61153717905968,-0.5102626300249057,-0.01126137612002659,-0.6054787782341636,0.02734375
34.651550516838945,-0.554240858175258,0.007943436534107354,-0.5656201641027193,0.05078125
34.6915638546182,-0.5828208784651695,-0.013059490011469374,-0.5360815270518379,0.0390625
34.73157719239747,-0.5972321008060921,0.0038282621988807997,-0.5201791749610177,0.07421875
34.771590530176724,-0.6413192302729023,-7.263197822043876e-05,-0.46479932543894537,0.078125
34.81160386795598,-0.6482869667533496,-0.0065967310369169085,-0.4550127517350789,0.0546875
34.851617205735245,-0.6789153183817448,0.009044867116415459,-0.407879570953592,0.1171875
34.8916305435145,-0.7008606596226368,-0.00526028484523422,-0.36896771945894336,0.09765625
34.93164388129376,-0.7093528407476266,0.005364090913214159,-0.35234378282738704,0.12890625
34.97165721907302,-0.7381984651253897,0.004856335931660183,-0.28698574645182534,0.140625
35.01167055685228,-0.742974857431648,-5.792132474599643e-05,-0.274323792349776,0.140625
35.05168389463154,-0.759526470090304,0.00997838325969258,-0.22408863829306813,0.12109375
35.0916972324108,-0.7717292253538708,0.003305809924067149,-0.17752899363058516,0.1484375
35.13171057019006,-0.7750999322694557,0.008031167353984403,-0.16165830933913838,0.15234375
35.17172390796932,-0.7864366438626,0.009237202476434503,-0.09090659270639051,0.234375
35.21173724574858,-0.7879589885354618,0.00789534324278765,-0.07559741873692527,0.17578125
35.25175058352784,-0.7909858742078791,0.01083569472312346,-0.02625818360537896,0.27734375
35.2917639213071,-0.7908556120985506,0.011865245103889699,0.025216855777216163,0.30078125
35.33177725908636,-0.7901213440920436,0.011805135290804625,0.039324969886486705,0.28125
35.37179059686562,-0.7831565385939869,0.01275962392607366,0.11041300964940942,0.32421875
35.41180393464488,-0.780234236397043,0.016627428095847496,0.12774674296583666,0.30078125
35.45181727242414,-0.7713897898232019,0.011742963332973484,0.17273543798762625,0.34765625
35.4918306102034,-0.7572011058755205,0.019684075390525746,0.22556202771386635,0.37109375
35.53184394798266,-0.753393598694118,0.01650421087798537,0.2373383087723609,0.375
35.571857285761915,-0.728883542638378,0.01526564432029237,0.30371497151702237,0.38671875
35.61187062354118,-0.7203735572790303,0.025390559347543112,0.32196983756902264,0.4296875
35.651883961320436,-0.7021306903305691,0.012820070995077565,0.3599722049338962,0.46875
35.69189729909969,-0.6733010536865272,0.026145970320083367,0.41004817775953517,0.515625
35.73191063687896,-0.6673107583000033,0.021790472717673592,0.4192696305450097,0.50390625
35.771923974658215,-0.6274719757958863,0.016746086644465308,0.4763742195488314,0.51953125
35.81193731243748,-0.6124960214965033,0.033404618771963504,0.49395410470962664,0.55078125
35.851950650216736,-0.5878029240163851,0.014141559479058471,0.5233130347809626,0.54296875
35.89196398799599,-0.5450600317423762,0.030811670335868208,0.5663786403534309,0.62890625
35.93197732577526,-0.5375485489228751,0.02719412425709078,0.5730320124781048,0.62109375
35.971990663554514,-0.48581796182932274,0.01731772220260336,0.6172120713986375,0.65234375
36.01200400133378,-0.46398728360914193,0.03994257384031049,0.6321051787443108,0.6484375
36.052017339113036,-0.43590770823787367,0.01570548253207288,0.6521745392253724,0.72265625
36.09203067689229,-0.3813186994569966,0.03345570503963152,0.6842397820045009,0.734375
36.13204401467156,-0.3727085832674001,0.032158593519616196,0.6883762515231728,0.7265625
36.172057352450814,-0.3133819499725831,0.017184704357740388,0.7172042890112532,0.7578125
36.21207069023007,-0.2849912697490789,0.0444116394133635,0.7271473674317973,0.78125
36.252084028009335,-0.2563743350923462,0.017415402717946254,0.7382067357297518,0.73828125
36.29209736578859,-0.19322643829985808,0.03407543697467863,0.755977121803785,0.77734375
36.33211070356785,-0.18376286794127966,0.03610265425252655,0.75758760829779,0.76953125
36.372124041347114,-0.12155430808118156,0.01659098838821133,0.7700400893262197,0.75390625
36.41213737912637,-0.0877086366197911,0.04641952672938465,0.7727586803199008,0.78515625
36.452150716905635,-0.06092747111895601,0.0190809396353623,0.7758332032382589,0.765625
36.49216405468489,0.006533441717679559,0.03287255561400891,0.7770810879531493,0.78125
36.53217739246415,0.016668624543051,0.03849140259661689,0.7760193562343288,0.78515625
36.57219073024341,0.07709449110780257,0.01577384648810299,0.7725035706288554,0.78515625
36.61220406802267,0.11444973702267992,0.04581783554488986,0.7659986907477552,0.7578125
36.652217405801935,0.13766518235838504,0.02043682968354802,0.7626171354632955,0.77734375
36.69223074358119,0.20461152012341138,0.03021136832116368,0.7464530377290782,0.76953125
36.73224408136045,0.21515871351630475,0.03890400342479565,0.7424250271888406,0.71875
36.77225741913971,0.2696260537651343,0.014919098701447073,0.7246529850934125,0.73046875
36.81227075691897,0.30778523187215,0.04271252101015296,0.7075001040739703,0.76171875
36.85228409469823,0.3264069206491856,0.02117393994500752,0.6994301237627415,0.75390625
36.89229743247749,0.3878826260132016,0.02655885811927708,0.6664404995260478,0.671875
36.93231077025675,0.39837422264804073,0.03709653719439071,0.659058985328808,0.68359375
36.972324108036005,0.4435621821198125,0.014138281034200173,0.6297943735451439,0.65234375
37.01233744581527,0.479257577294664,0.037454644569081375,0.6014096849732509,0.6484375
37.05235078359453,0.49291937325637314,0.020993225083176192,0.590410623025418,0.64453125
37.09236412137379,0.5443189548660683,0.022423608140232254,0.5426400393698352,0.61328125
37.13237745915305,0.55398758434782,0.033044481297032746,0.5315412684186006,0.55859375
37.172390796932305,0.5876817097407436,0.013457191839204859,0.49425025601552053,0.5546875
37.21240413471157,0.6173756577913905,0.030592929255821077,0.4550857187701035,0.51171875
37.252417472490826,0.6262496155469283,0.019654822567147068,0.44271133754678793,0.51171875
37.29243081027009,0.6637675018438234,0.01828785214134021,0.38348918302443685,0.5
37.33244414804935,0.6715168545248721,0.026957467719319755,0.3684876337420112,0.453125
37.372457485828605,0.6927250636894368,0.012820165532940155,0.32694168938830936,0.45703125
37.41247082360787,0.7129748709163984,0.022809994612278228,0.278574760826386,0.421875
37.452484161387126,0.7175931274651053,0.017026981018574305,0.2660482097620659,0.359375
37.49249749916638,0.7385936924829961,0.014552981378032792,0.19967837924260068,0.37890625
37.53251083694565,0.7430561317770245,0.019270644730748465,0.1809309459834142,0.34375
37.572524174724904,0.7519823855703953,0.012117691008502629,0.1388100168525358,0.359375
37.61253751250416,0.7598253316081531,0.014841824665624281,0.08390627191138567,0.296875
37.652550850283426,0.7608883273389421,0.0131251814833786,0.07207698534454748,0.28125
37.69256418806268,0.764152550780187,0.011502289449998593,0.0034246381893971445,0.28515625
37.73257752584195,0.7638166137076422,0.010602931281308,-0.01842873816338514,0.2109375
37.772590863621204,0.76170827805448,0.011215696242529966,-0.05788578090813207,0.17578125
37.81260420140046,0.7550331498494571,0.007395018700949774,-0.11574227395088543,0.21484375
37.852617539179725,0.7532326800290126,0.008131759799371197,-0.1263642991424127,0.18359375
37.89263087695898,0.7390556348530244,0.00927971526084681,-0.1923416324769825,0.17578125
37.93264421473825,0.7324678490990824,0.0016948710656414928,-0.21609233682190804,0.1484375
37.972657552517504,0.7213627932156587,0.010000180445745716,-0.2503529178590572,0.12109375
38.01267089029676,0.6992032223004754,0.0010735731249337244,-0.30695020557643427,0.109375
38.052684228076025,0.6950962296975052,0.002396173954178349,-0.31609996232439597,0.13671875
38.09269756585528,0.6652235275087998,0.007896501929866906,-0.37482330597302393,0.10546875
38.13271090363454,0.6512273118890092,-0.006669540977329132,-0.3986884059979937,0.125
38.1727242414138,0.6336416487840225,0.008413752651189849,-0.42608208038057105,0.07421875
38.21273757919306,0.5963667108372005,-0.0036805011868430992,-0.47696386244941796,0.0625
38.25275091697232,0.5903126840582549,-0.003590069604339219,-0.48449279078067214,0.05859375
38.29276425475158,0.5477298478322581,0.007253550044200391,-0.5321818322854847,0.046875
38.33277759253084,0.5257097944812507,-0.013747700023284714,-0.5538917263843195,0.046875
38.3727909303101,0.5043040507663488,0.0064854101080602244,-0.57364889852071,0.03515625
38.41280426808936,0.45366874985744166,-0.006625538743411402,-0.6145494188556329,0.0390625
38.45281760586862,0.44584688679579076,-0.00924227012880724,-0.62029397948709,0.03125
38.49283094364788,0.3944434121089115,0.007174579241121609,-0.6542904920320094,0.03125
38.53284428142714,0.36453334705601054,-0.018922693972854267,-0.6712693140840046,0.02734375
38.5728576192064,0.34181416075782495,0.004344842271950269,-0.6834495906198514,0.0078125
38.61287095698566,0.2808566973776848,-0.007727671969781608,-0.7107306460173644,0.015625
38.65288429476492,0.27134435140119684,-0.013943956399190022,-0.714407955959359,0.02734375
38.69289763254418,0.2154996537191543,0.0074538669166171745,-0.7333686079865445,0.01171875
38.73291097032344,0.1787208096940847,-0.021766442821826645,-0.7429926237646644,0.01953125
38.772924308102695,0.156800144446833,0.0022226557242528908,-0.748325062458553,0.0078125
38.81293764588196,0.08959746555019019,-0.007144635878808307,-0.7593636102678485,0.01953125
38.852950983661216,0.07849649309543745,-0.017118643241166038,-0.7605186029533472,0.015625
38.89296432144047,0.02263228002562814,0.007900875422803249,-0.764460731424421,0.0078125
38.93297765921974,-0.01906883757894904,-0.02208547628629906,-0.7643661056455453,0.0234375
38.972990996998995,-0.03862451574684739,0.00042635484583115196,-0.7640332074743311,0.01953125
39.01300433477826,-0.10732084309573128,-0.005189859460893433,-0.7575126095068535,0.0078125
39.053017672557516,-0.11973938107001039,-0.018304522197866047,-0.7555314706694362,0.00390625
39.09303101033677,-0.17158418155182387,0.0083742564456694,-0.7457335469320958,0.00390625
39.13304434811604,-0.2154172436486039,-0.019938254910812317,-0.7341353672538519,0.01171875
39.173057685895294,-0.23163841512781053,-0.0006963657864121064,-0.7295379345383242,0.02734375
39.21307102367456,-0.2968480961566058,-0.002276240440761995,-0.7056069658447893,0.015625
39.253084361453816,-0.3100151804512644,-0.017214933068337643,-0.6997988348287614,0.03125
39.29309769923307,-0.3545422694043042,0.008807985091681621,-0.6785744722476641,0.0390625
39.33311103701234,-0.3970716333871838,-0.015622420682657456,-0.6545543185212531,0.03515625
39.373124374791594,-0.40954530792615257,-0.000809284789157011,-0.6470938488731057,0.01953125
39.41313771257085,-0.4665364164681671,0.0011441019845715161,-0.6073727361496064,0.04296875
39.453151050350115,-0.4795028234946837,-0.01378312731098938,-0.5971087786425802,0.03125
39.49316438812937,-0.5144059404588116,0.009217859572673171,-0.5674879126936918,0.02734375
39.53317772590863,-0.5518533015356489,-0.009632643401976337,-0.5312080324446875,0.0703125
39.573191063687894,-0.5606066328721206,0.00036010276939357766,-0.5221171737949781,0.0703125
39.61320440146715,-0.6053487872179444,0.0046395368457687325,-0.4695488348898653,0.08984375
39.653217739246415,-0.6167728585031393,-0.008183038899506348,-0.45443650217038134,0.05078125
39.69323107702567,-0.640859981712558,0.009690152323126117,-0.4197973053294455,0.09765625
39.73324441480493,-0.6694755830592223,-0.0026015842834084535,-0.3726073709983165,0.11328125
39.77325775258419,-0.6748167095191985,0.002967108969503862,-0.3628489642316772,0.08984375
39.81327109036345,-0.7043605886669799,0.007853532498911742,-0.3014116243808809,0.13671875
39.853284428142715,-0.7125806609599018,-0.0008148882909510269,-0.28147370132366417,0.1171875
39.89329776592197,-0.7257672317416153,0.010361451280839235,-0.24517183728059921,0.1484375
39.93331110370123,-0.7422346524914696,0.0047812008292847374,-0.1895856253189825,0.15625
39.97332444148049,-0.744579422989866,0.007014287200402036,-0.1798277766848997,0.1953125
40.01333777925975,-0.7573189925772148,0.010536363380492741,-0.11414243068345026,0.1953125
40.05335111703901,-0.7605059534524861,0.0077277145931250735,-0.08996697609914373,0.16796875
40.09336445481827,-0.7636807198704392,0.011375940699814097,-0.05500701079642856,0.25
40.13337779259753,-0.7655009931932937,0.011840037255466673,0.0054568436920630625,0.26171875
40.173391130376785,-0.765224470302389,0.012323478223894235,0.014795215177057452,0.2578125
40.21340446815605,-0.7610162566461531,0.01256157063874,0.07991729718711904,0.3359375
40.25341780593531,-0.7573966604820372,0.016718923913524874,0.10708803166115605,0.28515625
40.29343114371457,-0.752196215206912,0.012847794957833308,0.13830366831959479,0.30078125
40.33344448149383,-0.7380054125421939,0.017992990048902313,0.19940631811862497,0.3515625
40.373457819273085,-0.7353416066725658,0.018541071309920554,0.20805749366203374,0.375
40.41347115705235,-0.7154677775499891,0.01392207912313198,0.2680749605329551,0.359375
40.453484494831606,-0.703585463153142,0.025380503570100413,0.29634104607005146,0.40625
40.49349783261087,-0.6921096955439697,0.014823791194996272,0.3221621030438488,0.45703125
40.53351117039013,-0.6618865051539475,0.022805483608536903,0.3793263785856301,0.53125
40.573524508169385,-0.6568965395410887,0.02516496389692824,0.38704945194264784,0.4453125
40.61353784594865,-0.6238786420840298,0.014709451296189252,0.4381067414158691,0.5546875
40.653551183727906,-0.6028560832957262,0.0329649979274511,0.465005387062978,0.5234375
40.69356452150716,-0.5873692105754881,0.017254199686902394,0.4845744979856767,0.5859375
40.73357785928643,-0.542509646629019,0.026024607221203977,0.5333230523551373,0.6171875
40.773591197065684,-0.535116976594865,0.03158540256076814,0.5397833671557676,0.58203125
40.81360453484494,-0.49241078342474015,0.015075166584820193,0.5790368413918227,0.59765625
40.853617872624206,-0.46217603335971685,0.03883597152030102,0.601734821233351,0.64453125
40.89363121040346,-0.444832359214056,0.019978291190460212,0.6149265604150149,0.65625
40.93364454818273,-0.3880665184816484,0.027593163008902938,0.651327048173332,0.73828125
40.973657885961984,-0.3781625676481447,0.03715557501293007,0.6560087630207245,0.73828125
41.01367122374124,-0.3297704286056927,0.01519184316111917,0.6818300962930794,0.6953125
41.053684561520505,-0.29120997841851237,0.04253758175013775,0.6973977075014882,0.7109375
41.09369789929976,-0.2738388640419429,0.0227298360426956,0.7046767938973111,0.75390625
41.13371123707903,-0.20900529484411512,0.02763301212748613,0.7257428222826965,0.76953125
41.173724574858284,-0.19658519965210663,0.04126391511295208,0.7279171544336996,0.75390625
41.21373791263754,-0.14663028654897425,0.01521062552298604,0.7399563951727327,0.77734375
41.253751250416805,-0.10163218770040368,0.04383716441998801,0.7456928874787628,0.7578125
41.29376458819606,-0.08560576267635153,0.025161684581190814,0.7479216607936443,0.75390625
41.33377792597532,-0.0173043762316071,0.02641036674902221,0.7519209810151866,0.78125
41.37379126375458,-0.002620120168253897,0.04340694296122842,0.7506829664011541,0.76953125
41.41380460153384,0.04505898336113852,0.015228148089398399,0.7497920131867746,0.74609375
41.4538179393131,0.09367825442406591,0.04274617663349645,0.7435643182055915,0.76953125
41.49383127709236,0.10748567786489494,0.026885863347417438,0.7417950238229121,0.77734375
41.53384461487162,0.1743293256791399,0.02428625766780751,0.7284297591329645,0.734375
41.57385795265088,0.19063973399085252,0.04325489973449058,0.722803988965531,0.73046875
41.61387129043014,0.23283587173427264,0.015265788404156308,0.7108381564607213,0.73046875
41.6538846282094,0.2815301360477507,0.03950870867799655,0.6913884597198395,0.75
41.69389796598866,0.2926978483630723,0.02752631637223593,0.6866744362926805,0.69140625
41.73391130376792,0.3533023107279927,0.02165819511712863,0.6571109346236075,0.70703125
41.77392464154718,0.3701384595700612,0.04069792696542003,0.646213451601844,0.67578125
41.81393797932644,0.40452356897017777,0.015266893650162754,0.6257426877674788,0.66015625
41.8539513171057,0.4493223559491953,0.03456521678315613,0.5929223905575987,0.671875
41.89396465488496,0.457773903402964,0.026775680441638666,0.5861764781541734,0.63671875
41.93397799266422,0.5079552261836358,0.018904636292935678,0.5429215513009538,0.6015625
41.973991330443475,0.5237548095021267,0.035866023310565626,0.5261541161302447,0.5546875
42.01400466822274,0.5490068141655964,0.015108316742501765,0.5001248542351738,0.5546875
42.054018006001996,0.5858959811000094,0.028492836265861188,0.45501955166055574,0.546875
42.09403134378125,0.5917497701442878,0.02444826760667501,0.4469379676826375,0.52734375
42.13404468156052,0.6283079557485709,0.01633716411480504,0.39357669923132077,0.4375
42.174058019339775,0.6411335428046577,0.029122542903998388,0.37082190667545667,0.4765625
42.21407135711904,0.6569384576259844,0.01462857727678138,0.3422143143268591,0.4765625
42.254084694898296,0.682274939485027,0.02193524077390968,0.2871368869251512,0.4296875
42.29409803267755,0.685693921860015,0.02052218316424914,0.2781941618122945,0.34765625
42.33411137045682,0.7066883130990277,0.014171526174500543,0.21902063083727635,0.30859375
42.374124708236074,0.7144014589023873,0.021030245237691758,0.19080301843220665,0.38671875
42.41413804601534,0.7213412861241226,0.013667394523440374,0.1623258160929894,0.29296875
42.454151383794596,0.7322524747220708,0.015527026118130893,0.10067009819125816,0.265625
42.49416472157385,0.7333150093900018,0.015162557142926136,0.09117807593226557,0.27734375
42.53417805935312,0.738201371972941,0.01250982047328597,0.030762764652990715,0.30078125
42.574191397132374,0.7387041033845849,0.012288516853737712,-0.0016560626085461716,0.26953125
42.61420473491163,0.7380542708349499,0.012102781860080902,-0.027799288661114474,0.234375
42.654218072690895,0.7327742581489344,0.009821611886074333,-0.0918330912751984,0.21484375
42.69423141047015,0.7314051212983075,0.008717222831752192,-0.10162099557673465,0.13671875
42.73424474824941,0.7210208406559475,0.011348293159576944,-0.15887656991725913,0.171875
42.774258086028674,0.7125375388459888,0.003663361526868053,-0.19349355115767958,0.1875
42.81427142380793,0.7060103688091829,0.009894972746700592,-0.2157445253745643,0.16796875
42.854284761587195,0.6841087928766909,0.005242806987932613,-0.2775264111461927,0.109375
42.89429809936645,0.6800678922260059,0.0016986980645942173,-0.287291787490239,0.125
42.93431143714571,0.6564765880858601,0.01060114027239803,-0.33756210107924034,0.109375
42.97432477492497,0.6378380360830964,-0.0041010732169893815,-0.3717321504580454,0.1328125
43.01433811270423,0.6273138972872312,0.007108731320743467,-0.38921720525246156,0.109375
43.054351450483495,0.5897915893233847,0.002042827933544211,-0.444125102350999,0.11328125
43.09436478826275,0.5827413038435193,-0.005270003863722478,-0.45337216105356476,0.06640625
43.13437812604201,0.5489535509940857,0.010133432397459112,-0.49373280389162694,0.05078125
43.17439146382127,0.5198396543899203,-0.010358665272182585,-0.5243702039278979,0.0703125
43.21440480160053,0.5071197593609731,0.003931994765111302,-0.536847393689755,0.03125
43.25441813937979,0.45634820004308596,0.00029754769547113424,-0.5807164901370847,0.03125
43.29443147715905,0.4459723665890548,-0.011515134779355979,-0.5886987371723755,0.0625
43.33444481493831,0.4055842349758547,0.009802014892769696,-0.6173357317237093,0.01171875
43.374458152717565,0.36669249432038875,-0.014628838183574508,-0.6411999000735938,0.0234375
43.41447149049683,0.3533117782526952,0.0006629057095692836,-0.6489267649688975,0.0234375
43.45448482827609,0.29283067271860214,-8.529431171030999e-05,-0.6784615828570529,0.01953125
43.49449816605535,0.2789902859955091,-0.016394835201666527,-0.6841679331926462,0.0546875
43.53451150383461,0.23578664695545637,0.00948957159421288,-0.70045425172609,0.03125
43.574524841613865,0.1888887864575029,-0.01664998282078936,-0.7144932102892262,0.015625
43.61453817939313,0.1760025022139657,-0.0023159608894801065,-0.718061167315078,0.01171875
43.654551517172386,0.11018839871123648,0.0006674143419694856,-0.7311568271759438,0.02734375
43.69456485495165,0.09308369704846503,-0.01936886135195783,-0.7333710150376878,0.015625
43.73457819273091,0.05065069901001842,0.00914012801179396,-0.7378104116547332,0.01953125
43.774591530510165,-0.0014736619859675847,-0.016390162043086718,-0.7395158303478083,0.01953125
43.81460486828943,-0.013116465690741149,-0.004577032958337124,-0.7396639722275358,0.01953125
43.854618206068686,-0.079469053255021,0.002243344403524583,-0.7356061310216431,0.03515625
43.89463154384794,-0.09916667441109825,-0.02006539535720469,-0.7330349359227257,0.01171875
43.93464488162721,-0.13777242136234125,0.008774653450127784,-0.7270887771730439,0.0078125
43.974658219406464,-0.1915295348474236,-0.014043002595954618,-0.7148236599757519,0.01953125
44.01467155718572,-0.20153545436937134,-0.005703882589894932,-0.7122782802658018,0.015625
44.054684894964986,-0.26367333432288836,0.004297210261355114,-0.6917955548859527,0.0234375
44.09469823274424,-0.2847459943209563,-0.018329915640544703,-0.6832548678459867,0.0546875
44.13471157052351,-0.317235484297706,0.008490954808144081,-0.6690796806346907,0.01953125
44.174724908302764,-0.3685197984477989,-0.009995840322976374,-0.6423351822806659,0.01953125
44.21473824608202,-0.37674256621548613,-0.00535453860225929,-0.6376935790051597,0.02734375
44.254751583861285,-0.4304029390426932,0.00649809438795057,-0.6028592188129765,0.03515625
44.29476492164054,-0.451098694970545,-0.014249356949060918,-0.5874860088340671,0.04296875
44.33477825941981,-0.47608388313168487,0.008447939804484383,-0.56763194984956,0.0625
44.374791597199064,-0.5206710135315453,-0.0047690066467673264,-0.5271641249213641,0.046875
44.41480493497832,-0.5270766049239801,-0.003305192276804425,-0.5208488966736076,0.0625
44.454818272757585,-0.5688823315654397,0.008587162835150486,-0.4748441596921456,0.08984375
44.49483161053684,-0.5870119657612234,-0.008138898337846031,-0.4523116454401963,0.10546875
44.5348449483161,-0.6040086202550214,0.008841508131210707,-0.4293974907298038,0.125
44.57485828609536,-0.6379671970665803,0.0010480128087300145,-0.37724923922971354,0.07421875
44.61487162387462,-0.6424927877062131,0.0004920947159590683,-0.36951728497211994,0.1328125
44.65488496165388,-0.6702262089537494,0.01038534255043605,-0.31628662801497764,0.078125
44.69489829943314,-0.6833541218224961,-0.0005252270099519868,-0.2869805524893919,0.09765625
44.7349116372124,-0.692689202861465,0.009850217194924044,-0.2634206065712424,0.14453125
44.77492497499166,-0.7128003123017621,0.006862436034982322,-0.20278534677008392,0.1484375
44.81493831277092,-0.7152519217305374,0.005891030436211475,-0.19380697249135193,0.140625
44.85495165055018,-0.7280153734492246,0.011815762136385799,-0.13764858672349706,0.15234375
44.89496498832944,-0.7337200911735502,0.007921109877598267,-0.10276934741839683,0.2265625
44.9349783261087,-0.7363500227965387,0.011605290271412994,-0.08055705109425576,0.203125
44.97499166388796,-0.740457498770098,0.012152473070083325,-0.015518787640833476,0.234375
45.01500500166722,-0.7404608532671287,0.01255204154891748,-0.005489818674401292,0.26953125
45.05501833944648,-0.7386822739733987,0.012896031838541488,0.04937236762309649,0.26953125
45.09503167722574,-0.7348580752977081,0.016457787796634663,0.08779992056323671,0.28125
45.135045015005,-0.7321390440140882,0.014147546788181697,0.10721976265881655,0.26953125
45.175058352784255,-0.7193990982702544,0.01651659707206593,0.1720539235004963,0.359375
45.21507169056352,-0.7164185272328576,0.019965478687110016,0.18278642331434708,0.34375
45.255085028342776,-0.7017193608650218,0.013713809554758642,0.23259817495091328,0.390625
45.29509836612203,-0.6868790737541044,0.024350825196360865,0.27182469946861487,0.3984375
45.3351117039013,-0.6803258351431273,0.01740020874268322,0.2875906895176667,0.40234375
45.375125041680555,-0.651321706059395,0.019707124348987415,0.34752377338458307,0.44921875
45.41513837945982,-0.6447478864706775,0.027499346201393687,0.3583538471553392,0.46484375
45.455151717239076,-0.6196926544534259,0.014394014173010705,0.40015050676970726,0.46484375
45.49516505501833,-0.5932301007805441,0.03095448848560417,0.4369081461237591,0.50390625
45.5351783927976,-0.5842982077452159,0.02115876593330407,0.44869190366991346,0.5
45.575191730576854,-0.541007140782236,0.02163976463826328,0.4993872185086101,0.55859375
45.61520506835612,-0.5302981969895171,0.03446496423059467,0.5093869481521832,0.5234375
45.655218406135376,-0.4980633896962546,0.015057425574837975,0.5412058248679701,0.56640625
45.69523174391463,-0.46043743806145043,0.0357751721119397,0.5720039880726864,0.625
45.7352450816939,-0.4503610148584517,0.02509606936938852,0.5798937155998459,0.625
45.775258419473154,-0.39597161808063136,0.02238222084547431,0.6177917318058112,0.62890625
45.81527175725241,-0.380827699922463,0.04019155313898576,0.625713519461266,0.6171875
45.855285095031675,-0.3448293603771191,0.015787700875920546,0.6466810848756785,0.69140625
45.89529843281093,-0.29763645567904523,0.038520752590320284,0.6681610129016992,0.6796875
45.93531177059019,-0.28733847093687437,0.02879327096645251,0.6725074937377425,0.6953125
45.975325108369454,-0.22594176126465507,0.022124811737567057,0.6951608972853007,0.7421875
46.01533844614871,-0.2064775326682934,0.04410483778634323,0.6995151857765649,0.70703125
46.055351783927975,-0.1700080665664419,0.016602925752937765,0.7098082029196788,0.78125
46.09536512170723,-0.11592680163107107,0.03912195899740362,0.7191153806761938,0.734375
46.13537845948649,-0.10600771637732162,0.03178507757680054,0.7203720563183529,0.73828125
46.17539179726575,-0.04219731497077276,0.021136065303407947,0.7266618870591506,0.76953125
46.21540513504501,-0.01908044795231613,0.045793483685173365,0.7258666769325297,0.75
46.255418472824275,0.015004121453655407,0.017441772536073288,0.7265624123479271,0.76953125
46.29543181060353,0.0723981943583624,0.03772590706283795,0.7216919889758961,0.7109375
46.33544514838279,0.0816016206548445,0.03361617877509518,0.7202789975028423,0.77734375
46.37545848616205,0.14317752534466305,0.019713476942141088,0.7104888622224611,0.70703125
46.41547182394131,0.16865242626032553,0.04505909355111497,0.7030758629995653,0.7109375
46.45548516172057,0.19816202739973274,0.01816510823264201,0.6959189253775926,0.703125
46.49549849949983,0.25469739115326234,0.03466523712229977,0.6759893146290702,0.74609375
46.53551183727909,0.2630027280328248,0.033902317832943576,0.67220572542557,0.6484375
46.575525175058345,0.31808197445222763,0.01813461903438074,0.6479477926101963,0.71484375
46.61553851283761,0.3440065043466646,0.04194060161116419,0.6327981382847068,0.6484375
46.65555185061687,0.3675407167238968,0.018575101618213033,0.6199213256349536,0.61328125
46.69556518839613,0.41883486666612335,0.030406986006058234,0.585339149740701,0.65234375
46.73557852617539,0.4260824806720956,0.03238899966929709,0.5793370077185329,0.64453125
46.775591863954645,0.47117667399283425,0.016619604635504437,0.5433423825701901,0.63671875
46.81560520173391,0.4951393822758001,0.03671348573460058,0.5199179227376606,0.62890625
46.855618539513166,0.5121022188260157,0.01844953349340475,0.5035566540900831,0.5625
46.89563187729243,0.553989617240473,0.02549067607303518,0.45604805250476776,0.48046875
46.93564521507169,0.5599194866658721,0.028996688660466757,0.44787030395454525,0.50390625
46.975658552850945,0.5926048030938788,0.01530599231740476,0.40367111592527044,0.5
47.01567189063021,0.6118937004631724,0.029858901875821603,0.37220473352894506,0.44140625
47.055685228409466,0.6224091104707729,0.01758190363068257,0.35444290206548945,0.49609375
47.09569856618872,0.6513629191139181,0.020459049412111463,0.2969420254567197,0.4296875
47.13571190396799,0.6555286368432989,0.023845435826073458,0.2866140527779527,0.44140625
47.175725241747244,0.6746111814893996,0.01423958320679862,0.2381580266809057,0.42578125
47.2157385795265,0.6864905148965051,0.022008950627119717,0.19976931645604123,0.40234375
47.255751917305766,0.6912410367626193,0.015825964121685965,0.18234646334089222,0.359375
47.29576525508502,0.7047391873523332,0.01579585793618926,0.11875000426532817,0.33984375
47.33577859286429,0.7064811901908092,0.017257517002657125,0.10640389318531529,0.25390625
47.375791930643544,0.7120231855339754,0.013384082366719265,0.057647762823482385,0.27734375
47.4158052684228,0.7140525058555584,0.013876227430828614,0.014359146305516934,0.265625
47.455818606202065,0.7140722427653402,0.013134765570574247,-0.0014422874373435923,0.2734375
47.49583194398132,0.710865548540071,0.011876905140032035,-0.0666295706943294,0.203125
47.53584528176059,0.7093533590074413,0.009734232103272705,-0.08062464240479089,0.2109375
47.575858619539844,0.7025649563106563,0.012645998772494832,-0.12609497138170844,0.1796875
47.6158719573191,0.6929210303105521,0.0061761072625228786,-0.1714554009002277,0.16796875
47.655885295098365,0.68938206566248,0.009590350160048333,-0.18483702253597173,0.15234375
47.69589863287762,0.6696300152269291,0.008939023122165657,-0.24692727762817057,0.09375
47.73591197065688,0.6639739796535695,0.001908851471691425,-0.26185906470383463,0.140625
47.77592530843614,0.646989618979698,0.011908003033592247,-0.3011393903525045,0.10546875
47.8159386462154,0.624748172033804,-0.00045144436936717103,-0.34514588288934683,0.1171875
47.85595198399466,0.6187711968744073,0.005412739404010325,-0.3557431292448081,0.109375
47.89596532177392,0.5840315904476427,0.0070696615154877684,-0.4103122995336615,0.05859375
47.93597865955318,0.5734467969023861,-0.005519184843730915,-0.42507038512071044,0.08203125
47.97599199733244,0.5490215761682206,0.011065769843482912,-0.45614948802174965,0.05859375
48.0160053351117,0.5143584859993839,-0.005507323149647664,-0.49508024172655685,0.0625
48.05601867289096,0.5068770795407821,0.0009514901022388278,-0.5028539605647773,0.08984375
48.09603201067022,0.45994819394252695,0.00621781290274917,-0.5461608961046687,0.05859375
48.13604534844948,0.4439451930328451,-0.011860244539649775,-0.5592516896583625,0.0546875
48.17605868622874,0.41511087588385853,0.010061847630583626,-0.5811049531591183,0.02734375
48.216072024008,0.3693916603697566,-0.00868069211474462,-0.6113066984198119,0.04296875
48.25608536178726,0.3610848137242948,-0.003345561572667466,-0.6164036659945801,0.02734375
48.29609869956652,0.3057209130876951,0.006222405789423999,-0.6457334553616187,0.04296875
48.33611203734578,0.28429312057015405,-0.01651188723562681,-0.6553747544501562,0.03515625
48.376125375125035,0.25402055460244555,0.008912572392704342,-0.6679390338908471,0.01953125
48.4161387129043,0.1997593323221714,-0.009869530770134485,-0.6862131694853921,0.015625
48.456152050683556,0.19105883270124324,-0.006976793568096953,-0.6888262788272603,0.015625
48.49616538846281,0.13158924826153715,0.006854323360353076,-0.7027205031252136,0.015625
48.53617872624208,0.1053597944389495,-0.019026542015063767,-0.7070105724343896,0.0078125
48.576192064021335,0.07626537536700297,0.00771801796861513,-0.7110547574842022,0.02734375
48.6162054018006,0.016950893800842144,-0.009178480477984165,-0.7150191344237854,0.0234375
48.656218739579856,0.008110960994279139,-0.009448240566283577,-0.7152751118885088,0.015625
48.69623207735911,-0.050989214408603226,0.007860806273672393,-0.7136252727362663,0.03515625
48.73624541513838,-0.08069018570989492,-0.019164110633463613,-0.7107695746939132,0.01953125
48.776258752917634,-0.1065598121579814,0.006656426806575404,-0.707686517702893,0.015625
48.8162720906969,-0.16675722158715145,-0.006890892043925775,-0.6960679296989402,0.0390625
48.856285428476156,-0.17554687410097852,-0.01033673114511384,-0.693964752264483,0.015625
48.89629876625541,-0.23008788093354043,0.009010938452904738,-0.6779615245066747,0.0234375
48.93631210403468,-0.26123807988143116,-0.016917891168854483,-0.6665291003413519,0.04296875
48.976325441813934,-0.2825228935177523,0.005963789250320484,-0.6580841076620005,0.03125
49.01633877959319,-0.3391328564644211,-0.0034201540976983857,-0.6309033846812464,0.0390625
49.056352117372455,-0.3476184389694787,-0.009349272821109589,-0.6263091735365125,0.03515625
49.09636545515171,-0.3940773657493792,0.010130187515759517,-0.5982587153102201,0.0390625
49.13637879293097,-0.4240791451587476,-0.01251569683307828,-0.5774327989874476,0.06640625
49.176392130710234,-0.4401218468923177,0.005896659973243096,-0.5655064535189301,0.0625
49.21640546848949,-0.48880304280994413,0.0007479459116007114,-0.524130657167078,0.05078125
49.256418806268755,-0.49655438379688766,-0.006370876861950758,-0.5168439466708098,0.0546875
49.29643214404801,-0.5323682752404841,0.01112143885747767,-0.47987693467424425,0.0625
49.33644548182727,-0.5582614937747515,-0.006391883382464714,-0.4496624136264368,0.05859375
49.37645881960653,-0.5690315878321767,0.006689312548235737,-0.4360228914289091,0.11328125
49.41647215738579,-0.6059995570513066,0.0051201188187273705,-0.38307414598285683,0.078125
49.456485495165055,-0.6123397001557439,-0.0014917541063089734,-0.3729339992491692,0.10546875
49.49649883294431,-0.6360798021331465,0.011970806311591229,-0.33064596651489087,0.09765625
49.53651217072357,-0.6548318822058623,0.0008639003604044293,-0.2919990899500851,0.10546875
49.57652550850283,-0.6607804400472768,0.008507588752199147,-0.27813210406906463,0.1015625
49.61653884628209,-0.6831856919368268,0.009253003829806261,-0.2172607438763191,0.125
49.65655218406135,-0.6871829744672017,0.004989036074544623,-0.2042843773859518,0.1640625
49.69656552184061,-0.6985971932473716,0.0127355611080705,-0.16035222656575326,0.1640625
49.73657885961987,-0.7074379498844979,0.008573735931177023,-0.11520703793960185,0.14453125
49.776592197399125,-0.7093121682210257,0.011408318249062466,-0.10222011205666215,0.23046875
49.81660553517839,-0.7155229520027464,0.01280102399663724,-0.0377661548311925,0.2265625
49.85661887295765,-0.716056977726635,0.012585777766045608,-0.02228683229326006,0.24609375
49.89663221073691,-0.7159821467305835,0.013519968822285011,0.019893184929625274,0.25
49.93664554851617,-0.7127432758528538,0.01604893785035169,0.0687154192772933,0.30078125
49.976658886295425,-0.7113980178087529,0.015310949000392982,0.08010980024253844,0.29296875
50.01667222407469,-0.7011573204299621,0.015544672530986625,0.14352972967800376,0.36328125
50.056685561853946,-0.6970521488488529,0.02067233941902888,0.16075499379823271,0.34375
50.09669889963321,-0.6872165680110803,0.014440319920584824,0.19836637784070782,0.3125
50.13671223741247,-0.6706317759943984,0.022664198683086695,0.2473631586440626,0.375
50.176725575191725,-0.6668673229310456,0.019986924414627405,0.2567945070105176,0.359375
50.21673891297099,-0.6413048986043286,0.01739952908705078,0.31472717677808404,0.4375
50.256752250750246,-0.6315146872145971,0.028546826909751938,0.33246687760569826,0.4609375
50.2967655885295,-0.6142616136522818,0.01558876125465021,0.3634796918955386,0.48828125
50.33677892630877,-0.5841863588818401,0.027922326924102875,0.4087709687820244,0.45703125
50.376792264088024,-0.5786391437422076,0.025069746973366114,0.41610728833676025,0.48828125
50.41680560186728,-0.5401383913743919,0.0184064150286411,0.4646806422074484,0.5078125
50.456818939646546,-0.5239567574865412,0.035508112731271406,0.48125302963240524,0.59765625
50.4968322774258,-0.5019295845164744,0.017000464021666897,0.5045210010214052,0.5390625
50.53684561520507,-0.45944901382740777,0.031499408826904524,0.5422200820552872,0.6171875
50.576858952984324,-0.4525476721183123,0.03008561735159007,0.5474399544332479,0.56640625
50.61687229076358,-0.40448598490017057,0.0187016900430957,0.5837115823804898,0.62890625
50.656885628542845,-0.38174885129908814,0.04093069498095099,0.5970928380469697,0.5703125
50.6968989663221,-0.35757767904115667,0.018628630773781532,0.6123392762911632,0.65625
50.73691230410137,-0.3049821734211692,0.03326793974180353,0.6389494037798653,0.64453125
50.776925641880624,-0.29697428096096684,0.03450132549656232,0.642019412189567,0.66796875
50.81693897965988,-0.24336506733492969,0.01848119496806467,0.6642179896720563,0.66015625
50.856952317439145,-0.21460825743172326,0.04433646627694574,0.6722280144508178,0.734375
50.8969656552184,-0.19064012722871668,0.020337726767417512,0.6799341000424697,0.7109375
50.93697899299766,-0.1312649996419732,0.03329555892533515,0.692724124228631,0.7109375
50.97699233077692,-0.12229988786553701,0.03778676553754611,0.6935079829378,0.75390625
51.01700566855618,-0.06738271463221235,0.01795677666451837,0.7011437394459773,0.703125
51.05701900633544,-0.033925564387614175,0.045446801690143916,0.701691371279596,0.7421875
51.0970323441147,-0.012026109691010377,0.02191132597676635,0.7029112658655814,0.73046875
51.13704568189396,0.050029339589076856,0.03181980429227678,0.7002253571796807,0.74609375
51.17705901967322,0.059781166362476976,0.03948042139688033,0.6984447682748367,0.73046875
51.21707235745248,0.11195691121919368,0.017315817068808238,0.692280929411625,0.703125
51.25708569523174,0.1480248112790286,0.04421132494647555,0.683639712044381,0.68359375
51.297099033011,0.16657996433413275,0.023075860977926924,0.6797756606907459,0.6875
51.33711237079026,0.2268274475571781,0.029203468187121592,0.66123784153973,0.69921875
51.37712570856952,0.23704655601157495,0.039249935572533944,0.6564952279661299,0.71484375
51.41713904634878,0.2829942958320551,0.016688619251058676,0.6383896668223694,0.609375
51.45715238412804,0.3189323531888542,0.040809274603257714,0.6194673484292212,0.640625
51.4971657219073,0.33347032258982257,0.023538354741266476,0.6120404082210762,0.640625
51.53717905968656,0.387458864238429,0.0258788080764481,0.5786278504270072,0.6640625
51.577192397465815,0.39757110707599436,0.0369424763438754,0.570488854011932,0.64453125
51.61720573524508,0.43465879221999504,0.016131783847176014,0.5431307430445377,0.58203125
51.657219073024336,0.4672952615051813,0.035626261522636454,0.5136943464919911,0.55078125
51.69723241080359,0.47767611236667773,0.02303436629190206,0.5041436514257928,0.546875
51.73724574858286,0.5214228340990671,0.022289865469979547,0.4581171533235336,0.5390625
51.777259086362115,0.5305420103207292,0.03261445848925015,0.4462398070898964,0.4765625
51.81727242414138,0.5571718099575149,0.01562608667320478,0.41281716985594996,0.52734375
51.857285761920636,0.5832041807909197,0.029206205966594706,0.3736381262124156,0.49609375
51.89729909969989,0.5896881895125854,0.021374184273567853,0.36317474067482597,0.48046875
51.93731243747916,0.6200640288746597,0.018836015318662247,0.3078725798473984,0.44140625
51.977325775258414,0.6270022951386824,0.02653538838000949,0.2921597716064452,0.375
52.01733911303768,0.6426649258394149,0.015088822979837366,0.2560011106136683,0.40625
52.057352450816936,0.6590082253666361,0.022185199683011858,0.20889412349971004,0.3125
52.09736578859619,0.6620903141987449,0.018485144363498407,0.19842428282130992,0.35546875
52.13737912637546,0.6771167882614464,0.015828843343870302,0.137942436670364,0.3359375
52.177392464154714,0.6804698651529056,0.019168199118139384,0.11868914154385896,0.28515625
52.21740580193397,0.6856758878558757,0.014400828463617996,0.08292240539619078,0.3515625
52.257419139713235,0.6898178341097589,0.01521858720612157,0.03066400765130617,0.2890625
52.29743247749249,0.6900607996680858,0.014440044183355927,0.020784804510981414,0.25390625
52.33744581527175,0.6890854381137324,0.013465512048267791,-0.04042062222030063,0.2578125
52.377459153051014,0.6873859181715919,0.011123980351201865,-0.06241550331480977,0.1875
52.41747249083027,0.6834919887699122,0.013442444038322204,-0.09514682943277714,0.18359375
52.457485828609535,0.6738103514977766,0.008910841312878226,-0.14901891111528076,0.2109375
52.49749916638879,0.671709345821961,0.009471129186682692,-0.15796076925485225,0.15625
52.53751250416805,0.6554390623589271,0.011823140170718283,-0.21550278009727497,0.140625
52.57752584194731,0.6473641145860476,0.0031006386379436313,-0.23888734577291965,0.125
52.61753917972657,0.6363226820761516,0.01212948689638313,-0.2666227017700389,0.15625
52.657552517505835,0.6123245661998321,0.0037506591733546535,-0.31811222037930265,0.140625
52.69756585528509,0.6082233647610674,0.003956596704885296,-0.32591874987743563,0.13671875
52.73757919306435,0.578616423766883,0.010866704955661971,-0.37589182010130484,0.10546875
52.77759253084361,0.5632167934322877,-0.004195463917833737,-0.3987921861653621,0.09765625
52.81760586862287,0.5472884259566342,0.010444567355373136,-0.4203507860181406,0.08984375
52.85761920640213,0.5097365045975979,6.683966374049222e-05,-0.46537684471346286,0.0625
52.89763254418139,0.5038087589866931,-0.00160952623486324,-0.4718795820999518,0.078125
52.93764588196065,0.46383909391019007,0.010476675434850882,-0.5112094110876614,0.06640625
52.977659219739905,0.44075707334339953,-0.010125001015043704,-0.5313487337773273,0.03125
53.01767255751917,0.4222250191163243,0.008459579609392476,-0.5463226453545686,0.08203125
53.05768589529843,0.37313149536878937,-0.0019951221701283717,-0.5811236638534867,0.0390625
53.09769923307769,0.3654257373908686,-0.006667782449927051,-0.5860754664354911,0.0390625
53.13771257085695,0.3187516576309894,0.010485614163718696,-0.6127676889416953,0.02734375
53.177725908636205,0.288391567921755,-0.014185249333162748,-0.6276667381797885,0.02734375
53.21773924641547,0.26931516731376876,0.006342175068263456,-0.6363233902963572,0.0234375
53.257752584194726,0.21179943699064657,-0.0024715763169735755,-0.6578442212041646,0.03125
53.29776592197399,0.20233817226194534,-0.010654724835337373,-0.660847603240901,0.03125
53.33777925975325,0.15291290395945803,0.01071835539514689,-0.6741121359637873,0.03515625
53.377792597532505,0.11653425868358844,-0.01606313458009827,-0.6813515747020135,0.0234375
53.41780593531177,0.09856935369479145,0.004345297149266139,-0.6844692240420478,0.03515625
53.457819273091026,0.036590300123238745,-0.0015586821497654939,-0.6906860615127495,0.0234375
53.49783261087028,0.02549782876086401,-0.013071460554275324,-0.691175894513995,0.0234375
53.53784594864955,-0.022828089805795072,0.011028571052811202,-0.6914178686486313,0.03515625
53.577859286428804,-0.06311917608869,-0.01566682250607888,-0.6889326176104192,0.03125
53.61787262420806,-0.07881628527189263,0.0027799091074246635,-0.6875997609142623,0.04296875
53.657885961987326,-0.14082430768208684,0.0004281899539268358,-0.6777431930324385,0.01171875
53.69789929976658,-0.15319199083844795,-0.013546907816382452,-0.6750324141663706,0.01953125
53.73791263754585,-0.1970328346469358,0.011327783410671012,-0.6637174613502891,0.015625
53.777925975325104,-0.2384023791911185,-0.01312909416511543,-0.6500852069246079,0.02734375
53.81793931310436,-0.2511827218084129,0.001975339926855113,-0.6454977999095195,0.01953125
53.857952650883625,-0.3087298792407347,0.0031075732191309102,-0.6201466731301466,0.04296875
53.89796598866288,-0.3216834117416326,-0.01188853530850284,-0.6135310928090906,0.05859375
53.93797932644215,-0.3584033674759004,0.011599638537663342,-0.5929484198173989,0.0390625
53.977992664221404,-0.3975126442170793,-0.008785904025863822,-0.5676332038086074,0.05859375
54.01800600200066,-0.40716694788090646,0.0022295059700668807,-0.5609203497483437,0.046875
54.058019339779925,-0.45613793226567945,0.006085586454819464,-0.5219544670833376,0.04296875
54.09803267755918,-0.46860731133271794,-0.008114502548884683,-0.5108619020165471,0.0546875
54.13804601533844,-0.49650255613658234,0.011899021655383146,-0.4838189161035667,0.09375
54.1780593531177,-0.5298155963533986,-0.0031315894448440684,-0.44733355479149484,0.0625
54.21807269089696,-0.5364514957420973,0.0037599846452829877,-0.4394355393326116,0.0703125
54.25808602867622,-0.5734958035126324,0.009008148613821987,-0.38985159247073176,0.0859375
54.29809936645548,-0.5840553186981262,-0.002460220140818134,-0.374010936043747,0.1171875
54.33811270423474,-0.6024176181337714,0.012335416012069611,-0.3435007683247835,0.078125
54.378126042014,-0.62656005918135,0.0032422775056464292,-0.2974606282299428,0.140625
54.41813937979326,-0.6304526413350536,0.006659552710414796,-0.289072402205025,0.13671875
54.45815271757252,-0.6532926612965394,0.011598988894936574,-0.23268501361889266,0.13671875
54.49816605535178,-0.6602626133475101,0.004639616429915283,-0.2122853198447323,0.16015625
54.53817939313104,-0.66932612850246,0.013045223734318517,-0.18116829195984674,0.18359375
54.5781927309103,-0.6814539365060011,0.009717170947964981,-0.1282221836619723,0.234375
54.61820606868956,-0.6829000461274239,0.010867113892153446,-0.1198035225593827,0.17578125
54.65821940646882,-0.6905210766912594,0.013686434565162109,-0.060865837247399746,0.19921875
54.69823274424808,-0.6921425974406977,0.012595086929802223,-0.03667534067542372,0.234375
54.73824608202734,-0.6929309478367355,0.014156502259666248,-0.0074120777035230345,0.25
54.778259419806595,-0.6910644467027084,0.015717498617737857,0.048949485199963505,0.2578125
54.81827275758586,-0.6902712429070503,0.016155159010241504,0.05710715087823415,0.29296875
54.858286095365116,-0.6829762227629779,0.015207565009791674,0.11431903977070257,0.31640625
54.89829943314437,-0.677637340252336,0.020722282191989787,0.1409018468180821,0.32421875
54.93831277092364,-0.6717386663175863,0.015751382900980743,0.16643802223484855,0.39453125
54.978326108702895,-0.6550195599818449,0.020770178049664745,0.22218055370813827,0.3515625
55.01833944648216,-0.6520455985817283,0.022140182089853022,0.22985125398594874,0.40234375
55.058352784261416,-0.6313704778175235,0.016197362234550594,0.28144196171344565,0.4453125
55.09836612204067,-0.6178545349089072,0.02831781988779094,0.30842252148565186,0.44140625
55.13837945981994,-0.6071608581043326,0.017834470248096507,0.32903913668894375,0.4140625
55.178392797599194,-0.5759980456457586,0.02454830606190539,0.37995726632131355,0.4453125
55.21840613537846,-0.5707585793665536,0.028314328611986683,0.38686692981255755,0.5390625
55.258419473157716,-0.5392618375335831,0.016763073019036914,0.4296693112771287,0.4375
55.29843281093697,-0.5169826825713976,0.034734954940085355,0.45458330118367574,0.52734375
55.33844614871624,-0.5034315266912345,0.020312454567826183,0.4697662652814247,0.52734375
55.378459486495494,-0.4595147207837712,0.026894705516890605,0.5118915063382434,0.56640625
55.41847282427475,-0.4518473479398419,0.034096688928111324,0.5176210956865108,0.5078125
55.458486162054015,-0.41280474252710847,0.017048691347944497,0.5494494512460483,0.5859375
55.49849949983327,-0.3819914764162937,0.03945259933135212,0.5695747488673355,0.59375
55.53851283761253,-0.367343607822991,0.022989277488857374,0.5794023688104055,0.64453125
55.578526175391794,-0.31352070719249436,0.027820357812396557,0.6093985520979597,0.65625
55.61853951317105,-0.30330102666700237,0.03889473374964331,0.6133287414041989,0.63671875
55.658552850950315,-0.2603392772241824,0.017197559285530264,0.6331143154469443,0.67578125
55.69856618872957,-0.22214100778954246,0.04212910068276082,0.6457475425416125,0.66796875
55.73857952650883,-0.20782173888277233,0.02557788733192004,0.6507438403102317,0.703125
55.77859286428809,-0.1478469347106522,0.027485831214573514,0.6662447348036316,0.73828125
55.81860620206735,-0.13512707061211268,0.04217582677268554,0.6675581472037209,0.69140625
55.858619539846615,-0.09184702360951569,0.017318177160117423,0.6753573767919888,0.72265625
55.89863287762587,-0.04833190262157504,0.04263487573363903,0.6781246431358618,0.73828125
55.93864621540513,-0.03535040884923479,0.02773114217533603,0.6790812203998305,0.6953125
55.97865955318439,0.02646489308533848,0.026162676454816042,0.678930391750268,0.71875
56.01867289096365,0.04132174062923412,0.04353118334563367,0.6766784771875409,0.73828125
56.05868622874291,0.08169286448289184,0.01745947179104874,0.6735607535306793,0.75
56.09869956652217,0.12765221317692216,0.04105849158109697,0.6647239581618343,0.7265625
56.13871290430143,0.13870410826020052,0.02908344166911967,0.6625224821396232,0.703125
56.178726242080685,0.19790262195645772,0.024184844058081814,0.6468870001147207,0.71484375
56.21873957985995,0.2141217282917934,0.04272845794224264,0.6401161468099114,0.65625
56.25875291763921,0.2490064517486403,0.017598272512157075,0.6279526112593778,0.671875
56.29876625541847,0.2939559857409403,0.03768672889579083,0.6066709997860533,0.6328125
56.33877959319773,0.3028346557474928,0.029301297994978603,0.6021347644563099,0.66015625
56.378792930976985,0.355238025089408,0.02189684329353836,0.5724801739401526,0.62109375
56.41880626875625,0.3715928699889611,0.039745569772666876,0.560400574334788,0.64453125
56.458819606535506,0.39924361458409335,0.01764381871189645,0.5415863026651877,0.57421875
56.49883294431477,0.43945903202613734,0.03296357242622422,0.5080966631632071,0.58984375
56.53884628209403,0.44615330732855174,0.0281368554355165,0.501893028144442,0.5390625
56.578859619873285,0.4882542350939786,0.019608313509635572,0.46082259420384786,0.51171875
56.61887295765255,0.5031025146875694,0.03478015654092054,0.4429944029717463,0.53515625
56.658886295431806,0.5226707876920172,0.01745712735443007,0.42014276817179674,0.58984375
56.69889963321106,0.5545239736822297,0.027432868820574274,0.37582961899216516,0.484375
56.73891297099033,0.559118833097523,0.025472293798182888,0.368434689994232,0.4609375
56.778926308769584,0.58839575948043,0.017556707645636632,0.3194132026499156,0.3984375
56.81893964654884,0.599797183949936,0.028232916949897977,0.295918949213993,0.41015625
56.858952984328106,0.6112932927230825,0.016879686933442245,0.2715675819560928,0.45703125
56.89896632210736,0.6316322647916084,0.021670114858143796,0.21890840408706796,0.38671875
56.93897965988663,0.634183117844729,0.02135018335250144,0.21063333076473068,0.35546875
56.978992997665884,0.649303867114912,0.015884328335762726,0.15762849302498805,0.31640625
57.01900633544514,0.6552116274574992,0.020664721474975042,0.12920097812078024,0.34375
57.059019673224405,0.6593700935192286,0.01577124719418499,0.10556462325966315,0.23828125
57.09903301100366,0.6658669201755729,0.01621842048022082,0.04794984663668089,0.26953125
57.13904634878293,0.6663082987359208,0.01598903580626504,0.03901782825223865,0.3125
57.179059686562184,0.6672034565137714,0.014637722240996548,-0.013898021737703548,0.2421875
57.21907302434144,0.6657087541964404,0.012739758502140652,-0.0458202360782084,0.265625
57.259086362120705,0.6637869538717982,0.014047848007941205,-0.06702348600242597,0.2265625
57.29909969989996,0.6552128046469117,0.0115286602350545,-0.12558022555636117,0.2109375
57.33911303767922,0.6533245697726605,0.009770406206464688,-0.13492721575317662,0.1796875
57.37912637545848,0.6411242151014591,0.013776883413089164,-0.18396850665399977,0.15234375
57.41913971323774,0.6307229367617989,0.005150625092473701,-0.2172758053775506,0.14453125
57.459153051017,0.6242654467908005,0.0117126884427603,-0.23491122902421752,0.14453125
57.49916638879626,0.6006552975888685,0.007919777759859248,-0.29014176931287694,0.09765625
57.53917972657552,0.5960905579866167,0.003210452268087194,-0.2995324069923034,0.12109375
57.57919306435478,0.572940270572164,0.013201977505559473,-0.3415414104155628,0.1015625
57.61920640213404,0.5527859955759641,-0.0014560018415429449,-0.3735841325777886,0.12109375
57.6592197399133,0.5433935109758736,0.008875678742293891,-0.38709891232429317,0.13671875
57.69923307769256,0.5060805796147707,0.0055545464980244486,-0.43488864639754055,0.08203125
57.73924641547182,0.4984538101401782,-0.003093690405734262,-0.44373415992714765,0.04296875
57.77925975325108,0.46723308493649035,0.012787082245285884,-0.47643498174169,0.07421875
57.81927309103034,0.4373383394201054,-0.006547988374803609,-0.5042441322554502,0.0703125
57.8592864288096,0.42647072651652274,0.005757393077636036,-0.5135894324090584,0.0703125
57.89929976658886,0.37798286210829213,0.00443961764269285,-0.5503779873927681,0.03515625
57.93931310436812,0.36700187790749667,-0.00852709200262082,-0.5578306260764417,0.0703125
57.979326442147375,0.33098444972038016,0.012416173467404487,-0.5799717709336297,0.05859375
58.01933977992664,0.2923376898624266,-0.009761939817055837,-0.6005478104811375,0.05078125
58.059353117705896,0.2811761745305197,0.0026745638880567857,-0.6060467688998272,0.05078125
58.09936645548515,0.22500591162039857,0.0044448335323668126,-0.6291751922540753,0.02734375
58.13937979326442,0.21062273194928915,-0.012526703113840541,-0.6341481964667803,0.01953125
58.179393131043675,0.17312168491092308,0.012014352868613213,-0.6455249164702022,0.015625
58.21940646882294,0.12769738367882655,-0.010935356235480802,-0.6561632159609933,0.04296875
58.259419806602196,0.11708163594882318,9.591212604513621e-06,-0.6583527034456117,0.02734375
58.29943314438145,0.05735186375878221,0.005338323462939158,-0.6663178961353522,0.02734375
58.33944648216072,0.03990536772367898,-0.014648024237480115,-0.6675722323951002,0.02734375
58.379459819939974,0.003942743172736091,0.011570849439753065,-0.6689338986352077,0.01953125
58.41947315771924,-0.04540635083366592,-0.010115605589788097,-0.6675480258458125,0.03515625
58.459486495498496,-0.054969120808995145,-0.0018357716603703694,-0.6670243507706017,0.02734375
58.49949983327775,-0.11390319491804093,0.00683043273149922,-0.6596111929752992,0.03125
58.53951317105702,-0.13358626356125547,-0.014619845286779558,-0.6559024063200567,0.046875
58.579526508836274,-0.16554402295166024,0.011146636512978071,-0.6487650517489602,0.03125
58.61953984661553,-0.21530614233270173,-0.007542669960885248,-0.6341662163059599,0.046875
58.659553184394795,-0.22356927713964042,-0.0024925741600871354,-0.6314614883147597,0.04296875
58.69956652217405,-0.27753708831834933,0.008623405152892782,-0.6097390233455884,0.01953125
58.73957985995331,-0.29810501178573795,-0.012378778079206539,-0.6000061611912986,0.0390625
58.779593197732574,-0.3243220213583452,0.010868767147362221,-0.5864009027767613,0.03125
58.81960653551183,-0.37063766596302533,-0.003610496075083347,-0.5584965685936751,0.0703125
58.859619873291095,-0.37750271002632607,-0.001679063026017863,-0.5540052104159023,0.05078125
58.89963321107035,-0.42290727981141435,0.01045204746550027,-0.5201893794503061,0.06640625
58.93964654884961,-0.4425280503419536,-0.008081979181712653,-0.5037593695560705,0.0625
58.97965988662887,-0.46207064002555853,0.010907566843071731,-0.4859532733854239,0.0546875
59.01967322440813,-0.5011035048333881,0.0011866967196818845,-0.4458353807870715,0.06640625
59.059686562187395,-0.5064949186577724,0.0007515844190030818,-0.43980051181006335,0.07421875
59.09969989996665,-0.5406326770042159,0.012119449193170428,-0.3970012999725684,0.109375
59.13971323774591,-0.5571246252639631,-0.0020906922216049686,-0.3737767164318868,0.08984375
59.17972657552517,-0.5698300319063482,0.011446181399632466,-0.3540036062765923,0.07421875
59.21973991330443,-0.5981550803270334,0.00631808972764486,-0.30391036266525523,0.1328125
59.25975325108369,-0.6019100890874081,0.004778956634929332,-0.29646770695484187,0.10546875
59.29976658886295,-0.6231843729482337,0.013512559336474217,-0.24835310620324563,0.1328125
59.33977992664221,-0.6342222372208796,0.005066274444348873,-0.21895147517229258,0.20703125
59.379793264421465,-0.6405801565738558,0.012640045223265395,-0.19918577558087464,0.15234375
59.41980660220073,-0.6555444077577726,0.011277813231289402,-0.14233609529553443,0.17578125
59.45981993997999,-0.6573421469293822,0.010201067366896355,-0.13360319266388,0.16796875
59.49983327775925,-0.6653513967935013,0.014606493515992303,-0.08402008590978122,0.19921875
59.53984661553851,-0.6687275986546714,0.012752542911502504,-0.049837127540126425,0.2734375
59.579859953317765,-0.6696988588660349,0.01458079270911583,-0.03163572854607016,0.25
59.61987329109703,-0.6697110715806329,0.015642092848158595,0.028048781162924197,0.29296875
59.659886628876286,-0.6690606644650788,0.016644011778848444,0.03785933467754654,0.27734375
59.69989996665555,-0.6645569980369237,0.015451089480270241,0.08526162837491363,0.3203125
59.73991330443481,-0.6584662736868645,0.020294349576452347,0.12208356774728746,0.30859375
59.779926642214065,-0.6552732525249945,0.017262946272572355,0.1376589018461738,0.34375
59.81993997999333,-0.639987580676532,0.01910646383538911,0.19591508142922764,0.35546875
59.859953317772586,-0.6362788208964998,0.023591232257785227,0.20638495176248828,0.40234375
59.89996665555184,-0.6210069531204021,0.016143112534087598,0.24848647026197884,0.43359375
59.93997999333111,-0.6043164094911064,0.027051966207446876,0.2851905244546597,0.41015625
59.979993331110364,-0.5982366780720896,0.02056422254649337,0.2975699120006338,0.390625
60.02000666888962,-0.5686080222729634,0.02150897611926561,0.35019773591836434,0.46875
60.060020006668886,-0.5612206283867339,0.030436522628180085,0.36062035813235876,0.5078125
60.10003334444814,-0.5376624908728224,0.016795420707054545,0.39508222271094756,0.5078125
60.14004668222741,-0.5101296324779211,0.03248967527217528,0.4285226841673091,0.4921875
60.180060020006664,-0.5023247151910982,0.02424440065217645,0.4375555920519871,0.515625
60.22007335778592,-0.4605262333106089,0.0228306431577735,0.48082058455772103,0.59375
60.260086695565185,-0.4489799432877015,0.03654759389886306,0.49017022617395967,0.58984375
60.30010003334444,-0.4200404691684641,0.017501349997518748,0.5155817054242278,0.5859375
60.34011337112371,-0.3824452908996405,0.03622843803527648,0.5425217404436954,0.5234375
60.380126708902964,-0.37384542873436843,0.027960108418244256,0.5483569094227265,0.58984375
60.42014004668222,-0.3230595925933494,0.023177156729020404,0.5793441406508273,0.59375
60.460153384461485,-0.30717899709825985,0.041336462555337246,0.5863107398617109,0.59375
60.50016672224074,-0.275854900961793,0.018305159543343042,0.602222967332942,0.58984375
60.54018006002,-0.23002252567354503,0.03807877537405681,0.6196719960992285,0.67578125
60.58019339779926,-0.22128182562161686,0.031297111936105765,0.622616772895649,0.63671875
60.62020673557852,-0.16538534876735925,0.022746330597201624,0.6394972221847526,0.640625
60.66022007335778,-0.14545158114328455,0.044326738555217945,0.6425904814561203,0.69140625
60.70023341113704,-0.11452130001321463,0.01918310646017496,0.6494415219489224,0.69921875
60.7402467489163,-0.06322499452986714,0.03805102801490299,0.6549931411645519,0.6953125
60.78026008669556,-0.054743765746511915,0.03381868853413854,0.6553804221877695,0.67578125
60.82027342447482,0.0020747261391490714,0.02178665833019062,0.6575599468337421,0.6640625
60.86028676225408,0.02521836974429472,0.04521021418729484,0.6552752303872236,0.703125
60.90030010003334,0.053445586496104334,0.020037375340725964,0.6542250034632078,0.640625
60.9403134378126,0.10669737124393337,0.03634129605683663,0.6463531783317696,0.6953125
60.98032677559186,0.11469592433229525,0.03512041198125403,0.644441248525567,0.765625
61.02034011337112,0.1683416971646757,0.020552805185864595,0.6325772348243563,0.6328125
61.06035345115038,0.1932539317584327,0.04388332374190232,0.6236034295267096,0.67578125
61.10036678892964,0.2171044520034602,0.020705059280314048,0.616307656953205,0.58984375
61.1403801267089,0.2683760653388374,0.033294744069792825,0.5945831215803055,0.59765625
61.180393464488155,0.2757340218379015,0.03488522907208945,0.5905056088510916,0.640625
61.22040680226742,0.3225898939189862,0.01926508297865695,0.5663929493412883,0.62109375
61.260420140046676,0.34728156724434245,0.04046006606335287,0.5498347859785049,0.5390625
61.30043347782593,0.3657876401150989,0.020982311166916207,0.5381924222595855,0.5625
61.3404468156052,0.4110878736173499,0.029355486148629484,0.5033894395548306,0.54296875
61.380460153384455,0.4175952895739189,0.03293429747215995,0.4971634305606272,0.55078125
61.42047349116372,0.4548409851439859,0.018081817214893423,0.46350631975780754,0.55859375
61.460486828942976,0.4769145170852922,0.03526073877580853,0.43908797346758055,0.45703125
61.50050016672223,0.48978955770403987,0.02065963177468355,0.424997764474347,0.484375
61.5405135045015,0.5254651020306254,0.025008032124042623,0.379073818870543,0.4609375
61.580526842280754,0.5307627586459523,0.029261093558115986,0.37066221404364663,0.4609375
61.62054018006002,0.5565955369522672,0.017082888567452485,0.33076219973609683,0.43359375
61.660553517839276,0.5734638505500536,0.028775205369518414,0.2989794799787878,0.4375
61.70056685561853,0.5809968195375366,0.019560961734981813,0.2841365094352231,0.37109375
61.7405801933978,0.6041023781934842,0.02071642050653677,0.23008351873776894,0.4296875
61.780593531177054,0.6076301555425717,0.024045173647623597,0.21949788929922703,0.36328125
61.82060686895631,0.6213663387403733,0.016268335520974446,0.1768967027928473,0.30859375
61.860620206735575,0.6305288777952576,0.02160581102846204,0.13908981559421185,0.3125
61.90063354451483,0.6334217939618281,0.017582749019812993,0.12484508457331805,0.328125
61.94064688229409,0.6420236697403253,0.016874526255062527,0.06642573016836567,0.28125
61.980660220073354,0.6430271801066791,0.017647490634856183,0.05384790719057003,0.265625
62.02067355785261,0.6450787558493057,0.015577009372337604,0.011969082902117179,0.29296875
62.060686895631875,0.6444223385088972,0.014403193966178812,-0.02970343698055089,0.2421875
62.10070023341113,0.6436029299896047,0.014729211959942645,-0.042408643423787085,0.20703125
62.14071357119039,0.6369806608936291,0.01376645638958679,-0.10101134742764434,0.1953125
62.18072690896965,0.6345849921510209,0.01057751268960433,-0.11511607196278589,0.23046875
62.22074024674891,0.626320853013591,0.014908397500872039,-0.1532863618838084,0.17578125
62.260753584528175,0.6144067174226333,0.007790532348100593,-0.19597814344213188,0.15234375
62.30076692230743,0.6108462749828425,0.011127665472072445,-0.20660427831305422,0.17578125
62.34078026008669,0.5895669203909433,0.011547794932419864,-0.261184412778312,0.1171875
62.38079359786595,0.5829052080020819,0.0034438665258798296,-0.2759880265253422,0.1328125
62.42080693564521,0.5664209674257462,0.014159569014920985,-0.3081461733123984,0.11328125
62.46082027342447,0.5427195840823077,0.0023008942496101914,-0.34855089267197714,0.09765625
62.50083361120373,0.5372873226938545,0.007034345829851796,-0.35688982324349483,0.09375
62.54084694898299,0.5031461573588331,0.010244372655429018,-0.40361916954262905,0.07421875
62.580860286762245,0.4915290076665948,-0.0031098945786400822,-0.4179081601851568,0.09375
62.62087362454151,0.46935848496074123,0.01325506018257061,-0.4425811035746007,0.05859375
62.66088696232077,0.4343979270764305,-0.0016779954046606815,-0.4772363934809463,0.06640625
62.70090030010003,0.4277699459958848,0.002815247126189413,-0.48330024811339645,0.0703125
62.74091363787929,0.38360169621327334,0.009769217702317201,-0.5190857035722789,0.04296875
62.780926975658545,0.36669808155729633,-0.00847635380901298,-0.5313086048459661,0.06640625
62.82094031343781,0.34150543658197174,0.012176294030358387,-0.547895227577581,0.046875
62.860953651217066,0.29690880706206946,-0.003936348402493989,-0.5735297026036403,0.02734375
62.90096698899633,0.28954102227951584,-0.0010876856080367092,-0.5774249957193777,0.02734375
62.94098032677559,0.23892806248999537,0.009953600078838318,-0.6001834859411276,0.046875
62.980993664554845,0.21692620630949622,-0.012152250552900602,-0.608570699415285,0.0390625
63.02100700233411,0.19121956189510558,0.010979723207496218,-0.6172810723312937,0.02734375
63.061020340113366,0.13962104854875945,-0.004452627293618422,-0.6311651145767123,0.0234375
63.10103367789262,0.13178647694073808,-0.00420426724471705,-0.6329788049279357,0.05078125
63.14104701567189,0.07869351355367353,0.010585751172719246,-0.6418004952080295,0.0390625
63.181060353451144,0.052414366548023075,-0.013795428545149788,-0.6445479880575973,0.0390625
63.2210736912304,0.02831071916614451,0.00979761402061977,-0.6462580397139384,0.05078125
63.261087029009666,-0.026847410617012554,-0.0033827465248974717,-0.6465154943448979,0.02734375
63.30110036678892,-0.0349734521813225,-0.0060951030308462415,-0.6462365794680648,0.01953125
63.34111370456819,-0.08659082423031232,0.011452098970220925,-0.6414200088217651,0.03515625
63.381127042347444,-0.11565615290933202,-0.01326321224208758,-0.6369159274740747,0.03125
63.4211403801267,-0.1365870058060424,0.008828451968199862,-0.6329648248670798,0.02734375
63.461153717905965,-0.19135639602971022,-0.0010255927380984214,-0.6188068088367259,0.03515625
63.50116705568522,-0.19958390560935169,-0.006407592402360954,-0.6162990390362244,0.015625
63.54118039346449,-0.24615353693431438,0.012373919590428183,-0.5992590271286226,0.0546875
63.581193731243744,-0.2758960109799697,-0.010626986045603061,-0.5863242368401349,0.05078125
63.621207069023,-0.29269685229569403,0.008309707258566529,-0.5782871523220039,0.02734375
63.661220406802265,-0.3429916693949583,0.00222325177171967,-0.5501376228049603,0.0546875
63.70123374458152,-0.35100226599063966,-0.004928193393804126,-0.5451692869261285,0.0546875
63.74124708236078,-0.38965211403359296,0.013232827554495008,-0.5182328632502071,0.05859375
63.78126042014004,-0.4174907609253703,-0.0061633563641597805,-0.4963417727619739,0.0703125
63.8212737579193,-0.4297958695201275,0.008480904551713464,-0.48581161259482236,0.05859375
63.86128709569856,-0.4717882675214112,0.005927223613790972,-0.44530622407130466,0.08203125
63.90130043347782,-0.47905038722307847,-0.0016187399468820252,-0.43763184561319984,0.08984375
63.94131377125708,-0.5078323817985233,0.013982875490411807,-0.4037506140599775,0.05859375
63.98132710903634,-0.5309427135192437,-0.00032016724538977415,-0.3731981704385172,0.1015625
64.0213404468156,-0.5388818226726403,0.009540925479222778,-0.36160523275749523,0.10546875
64.06135378459486,-0.5693786562940037,0.009664478778840024,-0.31146092240922657,0.11328125
64.10136712237411,-0.5751096756059627,0.0033667471222341427,-0.3009394235471788,0.1171875
64.14138046015339,-0.5931116310959762,0.01464926688865574,-0.2633555130133089,0.125
64.18139379793264,-0.6087141248105328,0.006337054870016595,-0.22534210818849743,0.125
64.2214071357119,-0.6127664144076382,0.011608206539192423,-0.21383260802645448,0.15625
64.26142047349116,-0.6295248104869975,0.013075429465248978,-0.15760070244387692,0.19921875
64.30143381127041,-0.6327172123048402,0.009688098521317884,-0.14432760843163428,0.1796875
64.34144714904969,-0.640054427151338,0.015310645521608681,-0.10623471817387553,0.2109375
64.38146048682894,-0.6457298377148831,0.013189672019772752,-0.06284900510847613,0.2421875
64.4214738246082,-0.6465560458383046,0.01468779138192311,-0.052232959684748115,0.25390625
64.46148716238746,-0.6484995089629537,0.01590063619833082,0.006037254735398845,0.265625
64.50150050016671,-0.6480136458084188,0.01684972626564435,0.021611073902678746,0.2734375
64.54151383794597,-0.6457109640553764,0.016073453111307312,0.057371655187867465,0.2734375
64.58152717572524,-0.6397034081622901,0.01963526971711904,0.10327804674941138,0.28515625
64.6215405135045,-0.6379885267322515,0.018650050176356625,0.11251153150158749,0.28515625
64.66155385128376,-0.6253012106408248,0.017995341188745878,0.1686602397712984,0.40234375
64.70156718906301,-0.62001469083252,0.024246895979714217,0.18564947349837474,0.28125
64.74158052684227,-0.6098003140401165,0.017036503207731354,0.2168254045642941,0.37109375
64.78159386462154,-0.5912689998554492,0.025151508968426523,0.26186437870963536,0.3828125
64.8216072024008,-0.5876002313508711,0.023229705931077205,0.2694765825759769,0.37109375
64.86162054018006,-0.5616886711589103,0.019332800998505678,0.31962876539258445,0.44140625
64.90163387795931,-0.5506836557527668,0.031232360481079045,0.33669562674925674,0.46484375
64.94164721573857,-0.5347258496721687,0.018261086353161454,0.36176958650452967,0.5078125
64.98166055351783,-0.5039104347853671,0.02934834115259219,0.40232299139267746,0.4296875
65.0216738912971,-0.4987094222227463,0.028042847843549934,0.4082204870647933,0.4765625
65.06168722907636,-0.46203681756766185,0.019986861963033925,0.4491437127887661,0.51171875
65.10170056685561,-0.4447975947255228,0.03718609947236025,0.46455484823419424,0.5625
65.14171390463487,-0.4254217831322399,0.019743856619938424,0.48279100215061366,0.5390625
65.18172724241413,-0.3836963246695819,0.032001986782726616,0.5153640657439692,0.55078125
65.2217405801934,-0.3772122577564102,0.03262366067461525,0.5194849359075524,0.5625
65.26175391797265,-0.33302858865746693,0.02010236538092229,0.5488700984092209,0.65625
65.30176725575191,-0.30961472274301527,0.04158350132862147,0.5606292662332376,0.56640625
65.34178059353117,-0.28904008049474095,0.02140017159852685,0.5720244720209358,0.6484375
65.38179393131043,-0.23884355304857313,0.03306495477418464,0.5936064227707519,0.625
65.4218072690897,-0.23120613873588647,0.0364725359719823,0.5958230199643149,0.625
65.46182060686895,-0.18320384106359036,0.019858679620265503,0.6124593021362377,0.66015625
65.50183394464821,-0.15437258632343334,0.044052294380888854,0.6185062671006606,0.6171875
65.54184728242747,-0.13449573939208456,0.02306401494745551,0.6236623061919673,0.6171875
65.58186062020673,-0.07914254472293988,0.03265672513869575,0.6320515415897138,0.62109375
65.621873957986,-0.07045729747642325,0.039116186220574535,0.6321118297801733,0.64453125
65.66188729576525,-0.02239669220301659,0.0194315867646883,0.6359387797554632,0.66015625
65.70190063354451,0.01035460486766962,0.04441341583553713,0.6343928987974569,0.609375
65.74191397132377,0.028101743910800225,0.024502897514958846,0.6343359404616444,0.6796875
65.78192730910303,0.08471441121837127,0.031033952108784898,0.6283899917478422,0.6796875
65.82194064688228,0.0942496614214659,0.0401674618001899,0.6259116285484198,0.66796875
65.86195398466155,0.13890374039580106,0.018960844573629298,0.6179482377303869,0.65625
65.90196732244081,0.1733894647199919,0.042697481548535934,0.6073661181886048,0.625
65.94198066022007,0.18809961241919626,0.025445302802904912,0.6033440762354629,0.69921875
65.98199399799933,0.2418545823284557,0.02854503031726012,0.5831232997962615,0.546875
66.02200733577858,0.2518390073134716,0.03937655574959972,0.5776443394107167,0.6484375
66.06202067355785,0.2902263079550443,0.018525621595877173,0.5598088368574274,0.62109375
66.10203401133711,0.3237212477729085,0.03913608576721887,0.5394220090636497,0.609375
66.14204734911637,0.33498952241463864,0.02562051676984431,0.5327112797609616,0.58203125
66.18206068689562,0.38194381091494567,0.02557938647119906,0.4994973619736011,0.640625
66.22207402467488,0.3916958068645348,0.03667171187762144,0.4905772078835851,0.51171875
66.26208736245414,0.42178517965547824,0.01813713833383663,0.4654245947075056,0.5546875
66.30210070023341,0.4512598490401394,0.034132652907322036,0.4353219954089952,0.48828125
66.34211403801267,0.4590951696087425,0.024802817475308936,0.42707085416229434,0.52734375
66.38212737579192,0.4958603175084849,0.02251524054406351,0.38325618471837025,0.484375
66.42214071357118,0.5043929601637271,0.03217613386921661,0.3706097935177721,0.44140625
66.46215405135044,0.525100693189063,0.017742127395409375,0.3410224438251842,0.47265625
66.50216738912971,0.5475197490601205,0.02821077404663208,0.3022486549007288,0.41015625
66.54218072690897,0.5522124813620475,0.02285319343958986,0.293376035508261,0.421875
66.58219406468822,0.5762782953305355,0.019674570287446513,0.24223570290520002,0.3671875
66.62220740246748,0.5823419022071934,0.0262033802482622,0.2258776776511548,0.40625
66.66222074024674,0.593536490329316,0.01724191174932546,0.19474828417494305,0.39453125
66.70223407802601,0.6061858050248117,0.02195402149342554,0.14929735151684698,0.33984375
66.74224741580527,0.6081572921046492,0.019755963841948665,0.14045623729549972,0.28125
66.78226075358452,0.6181219429174435,0.017291379251253264,0.08582833631347281,0.32421875
66.82227409136378,0.620314800481206,0.019231773238380927,0.06619891510469139,0.296875
66.86228742914304,0.6227171339670842,0.01652157779201255,0.036144384403339724,0.29296875
66.90230076692231,0.6235224291915582,0.015937400663564416,-0.013158095829004401,0.26171875
66.94231410470157,0.6231908135254507,0.015635633622779976,-0.021555862578813423,0.2109375
66.98232744248082,0.6188724392690956,0.015493136476295244,-0.0756445156187176,0.20703125
67.02234078026008,0.6158086420655248,0.011852595315569387,-0.0975982556644826,0.21484375
67.06235411803934,0.6108080348553503,0.015480555783324995,-0.12446129326380356,0.19140625
67.1023674558186,0.5986021283802088,0.010665631217179283,-0.17418024875443844,0.16796875
67.14238079359787,0.5962827623120712,0.01076135792425037,-0.18189049975682176,0.171875
67.18239413137712,0.5787019798046541,0.014302387632316366,-0.2316106108983474,0.09765625
67.22240746915638,0.5692179632673755,0.004709678144722495,-0.2544192536188534,0.1328125
67.26242080693564,0.558632633409087,0.014066294139999103,-0.2766150896275805,0.12109375
67.3024341447149,0.5333385164510405,0.006523693645784312,-0.32301193115256627,0.109375
67.34244748249417,0.5291988915582485,0.0055287064808176856,-0.32985646899003085,0.09765625
67.38246082027342,0.5004359900852724,0.013654042338649017,-0.37193057687755665,0.09765625
67.42247415805268,0.48380327714610566,-0.0015705567648398033,-0.3936662404211855,0.125
67.46248749583194,0.46962400514159863,0.012301161485369444,-0.4104078773864237,0.08203125
67.5025008336112,0.43232610447037223,0.0037438424963031625,-0.4497975892708365,0.06640625
67.54251417139045,0.4264007592611831,0.0004239643245248226,-0.45555978283799037,0.0390625
67.58252750916972,0.38934826547351054,0.013422159719899074,-0.4875453973372293,0.05859375
67.62254084694898,0.3654621165977884,-0.0064478813724792375,-0.5059653127794541,0.05859375
67.66255418472824,0.34961077905898497,0.010294492650671422,-0.5171142429262184,0.0546875
67.7025675225075,0.30250217000892954,0.0023932585023763164,-0.5462332396251461,0.0546875
67.74258086028675,0.294761720302274,-0.004027831277989002,-0.5505752490119833,0.0625
67.78259419806602,0.25280258069721934,0.01345510232638773,-0.5710480089084073,0.046875
67.82260753584528,0.22231412891697377,-0.009525921625792359,-0.583806966368781,0.0625
67.86262087362454,0.20644895616723602,0.008242140580847254,-0.5897599258186978,0.05078125
67.9026342114038,0.15265731477348232,0.0023833140222659643,-0.6061023871412832,0.0390625
67.94264754918305,0.14311517974186191,-0.007322615388638466,-0.6085243791717838,0.0390625
67.98266088696232,0.09976773575722314,0.0136113929123657,-0.6171441554239088,0.0546875
68.02267422474158,0.06413403863097315,-0.010592583361546962,-0.622053908593159,0.0234375
68.06268756252084,0.04952184746425936,0.006410552731206998,-0.623581732980887,0.0625
68.10270090030009,-0.007170413871579343,0.0034964351850674267,-0.6256642097468642,0.01953125
68.14271423807935,-0.018334529113321146,-0.009038919112769385,-0.6255185638365719,0.0234375
68.18272757585862,-0.0597658770391169,0.013788519049669322,-0.6229772716204488,0.05078125
68.22274091363788,-0.09832974433724076,-0.009639384479723352,-0.6182810880115117,0.0390625
68.26275425141714,-0.11086308937725317,0.00510435195096412,-0.6163487957594531,0.02734375
68.30276758919639,-0.1663731615581527,0.005427969995004611,-0.6038711940604061,0.03125
68.34278092697565,-0.17870305896332392,-0.008891425895954985,-0.6004337656004086,0.03515625
68.3827942647549,-0.2154272551403176,0.013944301406638882,-0.588297564087172,0.03125
68.42280760253418,-0.25409715980922143,-0.006854840638417389,-0.5729249971014957,0.046875
68.46282094031343,-0.26414235764459626,0.004627001219030313,-0.5685224512025646,0.04296875
68.50283427809269,-0.31447600096900247,0.007834564295099322,-0.5424060142097551,0.03515625
68.54284761587195,-0.32716550806340716,-0.006771769291698357,-0.5349966159238723,0.04296875
68.5828609536512,-0.3571263342228798,0.014103192241688454,-0.5154676684336389,0.046875
68.62287429143048,-0.39270804163165185,-0.0025962663223619564,-0.4892338209920368,0.06640625
68.66288762920973,-0.4001886340507102,0.005233503367425868,-0.48324244577911063,0.046875
68.70290096698899,-0.44182120484377574,0.010381939822591002,-0.4455394286293292,0.08984375
68.74291430476825,-0.45370110510593076,-0.0027690326590380926,-0.43367329031599994,0.06640625
68.7829276425475,-0.475698793699235,0.014347487785272464,-0.4093048198549945,0.078125
68.82294098032676,-0.5049325910800255,0.0026560164734081293,-0.3730237315749831,0.08984375
68.86295431810603,-0.5099814525101074,0.007085995294418113,-0.3661361700451164,0.109375
68.90296765588529,-0.5401867518727241,0.012785839876589877,-0.31982214504438616,0.09765625
68.94298099366455,-0.549779405739875,0.002833428881798855,-0.30336775348057554,0.1015625
68.9829943314438,-0.5634857472735769,0.014797964225884142,-0.2767697430082598,0.1328125
69.02300766922306,-0.583384621626448,0.008358838655407985,-0.23226170626858866,0.1484375
69.06302100700233,-0.586211927454398,0.010218424769942946,-0.22496176035318238,0.1328125
69.10303434478159,-0.6033036900975208,0.014843362355542233,-0.17363444407436346,0.16796875
69.14304768256085,-0.6089507751862931,0.00958368499692621,-0.15294941322404626,0.1484375
69.1830610203401,-0.6148247470023289,0.015584314556314066,-0.12652134980867008,0.21875
69.22307435811936,-0.6230048885628777,0.013969503742089273,-0.07650577652519369,0.19921875
69.26308769589863,-0.6237817730228781,0.01451536026833572,-0.06910478963053907,0.20703125
69.30310103367789,-0.6272406029996846,0.016446298996005693,-0.016625515069149943,0.25
69.34311437145715,-0.6272892858481075,0.016908114026128705,0.007357010961027477,0.2734375
69.3831277092364,-0.6264129550078887,0.016811068776515226,0.03163643141852107,0.24609375
69.42314104701566,-0.6213768523279627,0.019005048278561587,0.08375558971173536,0.3203125
69.46315438479493,-0.6201586399036498,0.01970896390872906,0.09103991721208732,0.3046875
69.50316772257419,-0.610633819605383,0.01757941889053355,0.14092072072595724,0.29296875
69.54318106035345,-0.6036598059973172,0.024172657678016032,0.16667588248160475,0.3671875
69.5831943981327,-0.5975231276110878,0.01852478100491725,0.1873817352259209,0.3671875
69.62320773591196,-0.5788595858564902,0.02309140658473119,0.2378179694853258,0.42578125
69.66322107369122,-0.5755631578617078,0.0253974701655921,0.24476068216650076,0.36328125
69.70323441147049,-0.5547523818082333,0.018305047870723526,0.2887516209681653,0.4140625
69.74324774924975,-0.5397897044239593,0.030752300308394938,0.31423006182957197,0.46875
69.783261087029,-0.5300579655130301,0.020689999855290492,0.33053814500431505,0.44140625
69.82327442480826,-0.49853124713275043,0.02599468705118299,0.37547944700699526,0.4453125
69.86328776258752,-0.4929703519291495,0.03108070392797818,0.3817503322355434,0.5
69.90330110036679,-0.4633955979510226,0.01873524739010384,0.41730166203449104,0.48828125
69.94331443814605,-0.44014017002125266,0.03609821728197201,0.44008063989846136,0.51171875
69.9833277759253,-0.42843695924020064,0.023176427824039197,0.45173312039785374,0.5390625
70.02334111370456,-0.385952042187806,0.02763392920664065,0.48771405918945787,0.54296875
70.06335445148382,-0.37792409927918924,0.03621295597154067,0.4928065743508334,0.5859375
70.10336778926307,-0.3426324813444134,0.018998439968530945,0.5182990070233007,0.5625
70.14338112704235,-0.31158664938030145,0.03979540109315226,0.5358054010905582,0.578125
70.1833944648216,-0.2993197471475107,0.02576110053700885,0.5430099087187653,0.58984375
70.22340780260086,-0.24876599976495423,0.0280725234944372,0.567256308956732,0.58984375
70.26342114038012,-0.23817192060497214,0.040263444613748714,0.5704621846624744,0.640625
70.30343447815937,-0.20040184888012524,0.019205672716769567,0.5852848651309912,0.6484375
70.34344781593865,-0.16293428922155073,0.041603570850094904,0.5950677772447496,0.66796875
70.3834611537179,-0.1511863289795432,0.028146493372017987,0.5983535894905345,0.63671875
70.42347449149716,-0.09617165940346792,0.027493041579843988,0.6090596789174847,0.625
70.46348782927642,-0.08314733773393049,0.04277833842210132,0.609501132203845,0.68359375
70.50350116705567,-0.04599677955289026,0.01942454291564135,0.6140165389586287,0.64453125
70.54351450483495,-0.00430098198887869,0.04147802252723526,0.6140369304193661,0.6796875
70.5835278426142,0.006209420517052306,0.029994495646292953,0.6140962813219436,0.640625
70.62354118039346,0.06169944371861295,0.026159813323256086,0.6106017580034007,0.66796875
70.66355451817272,0.07666961500179821,0.0434382137455778,0.6073218731217092,0.6484375
70.70356785595197,0.11053126285954967,0.019661838889951325,0.6027296023256825,0.61328125
70.74358119373125,0.1535827521000856,0.03956591880216155,0.5916310565818111,0.625
70.7835945315105,0.16247193159963164,0.03096913238534739,0.5891728705346184,0.67578125
70.82360786928976,0.21445658616056612,0.024372786681239267,0.5720197379755853,0.640625
70.86362120706902,0.2304698961711412,0.04209773353633877,0.5641215513334203,0.63671875
70.90363454484827,0.2590167435063735,0.01985847694321021,0.5522440016638939,0.58984375
70.94364788262753,0.30011144756147334,0.036179281900204,0.5295683089398739,0.58984375
70.9836612204068,0.30724700157725393,0.030784306701573227,0.525207879521119,0.58984375
71.02367455818606,0.3521275028656144,0.02242327594931684,0.49607091701797956,0.6015625
71.06368789596532,0.36785541630692925,0.038809657913251666,0.48288611972146084,0.546875
71.10370123374457,0.389826619603829,0.019900995259101495,0.46590862988784615,0.5390625
71.14371457152383,0.4255211376298857,0.031752573417868746,0.43222517263153126,0.48828125
71.1837279093031,0.43090807764582384,0.029250863432296714,0.4264251312427004,0.453125
71.22374124708236,0.46579925780755527,0.02055643497519133,0.38792562392213514,0.5
71.26375458486162,0.4795550654718781,0.03382321340641502,0.36918670067148424,0.51953125
71.30376792264087,0.4944770109862435,0.01964389618012971,0.3493872380989672,0.43359375
71.34378126042013,0.5215421143855719,0.026786521517077555,0.3063149300702618,0.421875
71.38379459819939,0.5252037388986213,0.026313810513602903,0.29938283654078557,0.40234375
71.42380793597866,0.5481841452596885,0.018943291279587104,0.2548080438383144,0.4140625
71.46382127375792,0.5580643934359721,0.027559690976098457,0.23079513766222381,0.35546875
71.50383461153717,0.5661793238129276,0.018941050508495427,0.2102980239713712,0.30859375
71.54384794931643,0.5819414637988934,0.02178803765098264,0.16041085904930902,0.3203125
71.58386128709569,0.5838202994622015,0.022073831562082064,0.1525486314183836,0.33984375
71.62387462487496,0.5940715152025441,0.017669446114204318,0.10551157487970919,0.3125
71.66388796265421,0.5981565062921357,0.020568084574396038,0.07714595034547961,0.27734375
71.70390130043347,0.6002764806643639,0.017678808042367572,0.05772817564721361,0.265625
71.74391463821273,0.6029146235740073,0.017211523786023808,0.0043508541388841415,0.203125
71.78392797599199,0.602816870951655,0.016790445910979807,-0.00425891882458268,0.234375
71.82394131377126,0.6006435505747065,0.0167365976231853,-0.05017904275408003,0.2734375
71.86395465155051,0.5972382565072799,0.01346420614794612,-0.0813159957238288,0.22265625
71.90396798932977,0.5945516127458903,0.01581000566384569,-0.09834707698754014,0.14453125
71.94398132710903,0.5833131253433046,0.013414547645286046,-0.15143404270229177,0.1796875
71.98399466488829,0.5809070804344838,0.010865966731029825,-0.16052573300879674,0.18359375
72.02400800266756,0.5676374941551856,0.016082221441708018,-0.20212160576314014,0.140625
72.06402134044681,0.5555174482974106,0.006865735994780825,-0.2338567674238044,0.15234375
72.10403467822607,0.5493801168519523,0.013379766383341873,-0.24770627928427286,0.140625
72.14404801600533,0.5246885270657712,0.010626981306329997,-0.29662061624751146,0.0859375
72.18406135378459,0.5195606154144907,0.00480894992978545,-0.30575159418351866,0.1328125
72.22407469156384,0.4973457249158157,0.015604131803967199,-0.3404663136826451,0.08984375
72.26408802934311,0.47597591548752555,0.0013238885788765115,-0.37019109488361474,0.13671875
72.30410136712237,0.46771808517409996,0.010535931030080686,-0.38054485252680226,0.1015625
72.34411470490163,0.4311572658860614,0.008938742220693907,-0.42167570060850224,0.08984375
72.38412804268089,0.42291634835048864,-0.0008185620233791824,-0.43016462383039106,0.08984375
72.42414138046014,0.3944542856180914,0.015192912944092451,-0.4562824123005878,0.0859375
72.46415471823941,0.36414779635987937,-0.0027338677573306575,-0.4811842984670108,0.05859375
72.50416805601867,0.354922538203956,0.007524942710325777,-0.4881171924257666,0.09375
72.54418139379793,0.30909815795769985,0.008305769070624441,-0.5184752013122584,0.05859375
72.58419473157718,0.2975109126543585,-0.00546372147419881,-0.5253901406901478,0.0390625
72.62420806935644,0.2657349003818041,0.014763853855344181,-0.5421227852545487,0.03515625
72.6642214071357,0.22772387465834848,-0.005045098547185864,-0.5594693186465276,0.0390625
72.70423474491497,0.21841523335529878,0.004672612469345888,-0.5633161408879608,0.05078125
72.74424808269423,0.16670792239863833,0.008574808410165835,-0.5808205910525704,0.0390625
72.78426142047348,0.15183943726681862,-0.008644617714392958,-0.5850276168025561,0.05078125
72.82427475825274,0.11960516376286624,0.01428036607342246,-0.5924934593120822,0.05078125
72.864288096032,0.07600951159209465,-0.005533728298394644,-0.5999357917949467,0.03515625
72.90430143381127,0.06720740290880162,0.0023489902834022552,-0.6011514006386731,0.03125
72.94431477159053,0.013444930349868277,0.009519137233955467,-0.6048212692146675,0.0390625
72.98432810936978,-0.0042230558087706874,-0.01000796683277952,-0.6050931357002403,0.04296875
73.02434144714904,-0.034410259035486626,0.013770745202898805,-0.604199639855048,0.03125
73.0643547849283,-0.08072380922742858,-0.004307114129026041,-0.6000587433620294,0.05078125
73.10436812270757,-0.08868658834650733,0.0009230881555760337,-0.59909331249556,0.05078125
73.14438146048683,-0.14059989759294866,0.01087916210840248,-0.5891216773296872,0.06640625
73.18439479826608,-0.160098522930412,-0.00937288553202929,-0.5842953669710214,0.02734375
73.22440813604534,-0.18628996242706145,0.013327375186628819,-0.5765472551097153,0.02734375
73.2644214738246,-0.23194347190122322,-0.0016343672410244758,-0.56004604417361,0.05078125
73.30443481160387,-0.23890703577460226,0.0007128599979348699,-0.5572569070217687,0.05078125
73.34444814938313,-0.28536181241532943,0.012405284484497361,-0.5349615503530916,0.05078125
73.38446148716238,-0.3052321175618823,-0.0067540901282146775,-0.5241247495283279,0.05078125
73.42447482494164,-0.3261548364387944,0.01309541559548924,-0.5113879706348767,0.0390625
73.4644881627209,-0.3675691767139031,0.002096181116710727,-0.4827974891085572,0.0390625
73.50450150050015,-0.37343832053561576,0.0019373514969525107,-0.4784113058243404,0.0703125
73.54451483827943,-0.4114515399907671,0.01389185416189713,-0.4460697684221307,0.0703125
73.58452817605868,-0.4298212545539128,-0.002363260802579221,-0.428748750697933,0.09375
73.62454151383794,-0.444903592117989,0.013247455162323007,-0.41300384374396026,0.09765625
73.6645548516172,-0.4786476998770356,0.006427306248532549,-0.3736814510612972,0.1015625
73.70456818939645,-0.4832821969267258,0.004676932972714043,-0.36781025431406955,0.125
73.74458152717573,-0.5107507908478097,0.015200449887017076,-0.32840102053191367,0.12890625
73.78459486495498,-0.5254861490910141,0.0034126184701331747,-0.3047205859720494,0.12890625
73.82460820273424,-0.5347970553276608,0.013949595686242655,-0.28783798955390594,0.109375
73.8646215405135,-0.5579381997046984,0.010891989013625869,-0.24014808837120288,0.078125
73.90463487829275,-0.5610719923563101,0.008850700347154378,-0.2328531973475983,0.13671875
73.94464821607201,-0.5769243647578166,0.016271319263981857,-0.18973502647325086,0.1328125
73.98466155385128,-0.5858460918223566,0.01005496994582733,-0.16052176776513244,0.140625
74.02467489163054,-0.5899649027523003,0.015327768611614223,-0.14408568793870385,0.171875
74.0646882294098,-0.600377068058624,0.01506659747581457,-0.09120797780173312,0.20703125
74.10470156718905,-0.6015794874875874,0.014212255663561546,-0.08259592442389246,0.24609375
74.14471490496831,-0.605809925668589,0.017117254903717717,-0.03916507783225004,0.1953125
74.18472824274758,-0.6069475255854343,0.016970062114539025,-0.005972218326518286,0.2890625
74.22474158052684,-0.6067895683276803,0.017432091537230743,0.008829119064876267,0.23828125
74.2647549183061,-0.6033845553277142,0.01861430669565739,0.0631843523911389,0.265625
74.30476825608535,-0.6020795870088375,0.02036458783713954,0.07285538974794309,0.23828125
74.34478159386461,-0.5956692815151702,0.01780612680579025,0.11349091247833248,0.3359375
74.38479493164388,-0.5875242941774744,0.023555178798843668,0.14844952503959896,0.33984375
74.42480826942314,-0.5841554747657077,0.02021384093638079,0.160860706281507,0.33984375
74.4648216072024,-0.5670079379756887,0.021315452377802746,0.21280026899309568,0.3359375
74.50483494498165,-0.5625494568541294,0.026797996514580008,0.2230276754841916,0.3984375
74.54484828276091,-0.5472874098202466,0.01843610062905785,0.25832013313667057,0.38671875
74.58486162054018,-0.5290664456777284,0.029264623069895884,0.292327758813642,0.37890625
74.62487495831944,-0.5235335703196301,0.02351303624915363,0.3019945645682031,0.43359375
74.6648882960987,-0.4938845091781085,0.023077666069431013,0.34781340463206917,0.4609375
74.70490163387795,-0.48567973519537416,0.032941072888186346,0.35779469807938413,0.44921875
74.74491497165721,-0.46391119533263875,0.019100951033165565,0.38594660900593913,0.4921875
74.78492830943647,-0.43570072317130953,0.03366466830106482,0.41602055531862814,0.57421875
74.82494164721574,-0.42890161653906156,0.02706339904037164,0.422905091784456,0.4921875
74.864954984995,-0.389039667468143,0.02393031876719065,0.45943891555089583,0.58203125
74.90496832277425,-0.3766994463687008,0.038223522737936666,0.46807053208777605,0.55078125
74.94498166055351,-0.3510358488338973,0.01986339015640688,0.488127299754501,0.55859375
74.98499499833277,-0.31388612756194373,0.036476053661458646,0.5113110624250568,0.58203125
75.02500833611204,-0.30649767472983347,0.03051371802755784,0.5155750002609598,0.546875
75.0650216738913,-0.2595309513066493,0.02400201050444499,0.5404947758284648,0.5859375
75.10503501167055,-0.24302121719771755,0.042139508376381515,0.5464343779192767,0.56640625
75.14504834944981,-0.21604973897874868,0.020730797144075223,0.5582752243893238,0.6171875
75.18506168722907,-0.17195428665095616,0.03759520463643686,0.571953452203546,0.58984375
75.22507502500832,-0.16442204763300117,0.03346423943057658,0.5738349553929836,0.640625
75.2650883627876,-0.11396761882936093,0.023486746415197518,0.585850028810746,0.58984375
75.30510170056685,-0.09373571830822812,0.04430574438128546,0.5876413248278142,0.6640625
75.34511503834611,-0.06776204982318931,0.02164332761820202,0.591879269104538,0.62890625
75.38512837612537,-0.019526564701968986,0.037094640478774824,0.5940775588971156,0.6484375
75.42514171390462,-0.012111523183499817,0.03551427818341754,0.5937865144645231,0.62109375
75.4651550516839,0.03806171202138528,0.022606557345029886,0.5927353018521427,0.62890625
75.50516838946315,0.06101442072327763,0.04450692634895798,0.5889825137897925,0.62109375
75.54518172724241,0.08416084858466942,0.022475364559809613,0.5867938848035104,0.5703125
75.58519506502167,0.13314892584087273,0.03520202035502122,0.5764263255708735,0.60546875
75.62520840280092,0.1402836476581773,0.036313349536901414,0.5740772706880805,0.609375
75.6652217405802,0.18661789563138853,0.021571595525821864,0.5608974432900001,0.62109375
75.70523507835945,0.21073538877527973,0.04271983422061451,0.5504685457108096,0.60546875
75.74524841613871,0.22981407090990125,0.023049629188564916,0.5433803583373489,0.64453125
75.78526175391796,0.2758929810447014,0.032260781998493054,0.5204121877329811,0.5859375
75.82527509169722,0.282575181025208,0.03561106143424157,0.5160072309760386,0.625
75.8652884294765,0.32205059987631623,0.020549040492981174,0.4925925242449852,0.57421875
75.90530176725575,0.34530360950510924,0.039117076122699476,0.47482286683104136,0.53515625
75.94531510503501,0.3596903322931485,0.023165405056039146,0.4644904044301109,0.5234375
75.98532844281426,0.3992751424012448,0.0286835979767468,0.4299930433748088,0.51171875
76.02534178059352,0.4036807979900672,0.03530872582744635,0.424766608471219,0.54296875
76.06535511837278,0.403633177221714,0.03499709519103993,0.42424367998622653,0.53125
76.10536845615205,0.40358504413354207,0.03468688389643915,0.42372094343035316,0.5
76.1453817939313,0.4035366874344023,0.03437675203876195,0.42319839873315596,0.46875
76.18539513171056,0.4034881090810943,0.03406671033742892,0.42267604582421764,0.546875
76.22540846948982,0.4034393098347254,0.03375675611128351,0.42215388463314635,0.49609375
76.26542180726908,0.40339028785425346,0.03344689379927254,0.42163191508957637,0.484375
76.30543514504835,0.403341040700999,0.03313712841664211,0.4211101371231676,0.53125
76.3454484828276,0.4032915682108419,0.03282746029508146,0.42058855066360645,0.55078125
76.38546182060686,0.4032418703490961,0.03251788942908729,0.4200671556406045,0.46875
76.42547515838612,0.40319194729962393,0.03220841536808129,0.4195459519838991,0.578125
76.46548849616538,0.40314179957897855,0.031899037093572224,0.4190249396232538,0.5234375
76.50550183394463,0.40309142817680227,0.031589752888195835,0.41850411848845764,0.4921875
76.5455151717239,0.40304083472498364,0.03128056019504599,0.4179834885093251,0.515625
76.58552850950316,0.4029900215067508,0.03097145583251215,0.4174630496156974,0.5078125
76.62554184728242,0.402938986059521,0.03066244580573263,0.4169428017374404,0.46875
76.66555518506168,0.40288772643608556,0.030353534104620557,0.41642274480444663,0.52734375
76.70556852284093,0.4028362424873423,0.03004472102625952,0.41590287874663356,0.5078125
76.7455818606202,0.4027845341980485,0.029736006521368513,0.41538320349394464,0.4921875
76.78559519839946,0.4027326017793911,0.02942739008147835,0.41486371897634966,0.47265625
76.82560853617872,0.4026804457851803,0.029118870614738668,0.4143444251238435,0.53125
76.86562187395798,0.4026280672542414,0.02881044631233637,0.4138253218664467,0.5625
76.90563521173723,0.40257546788157883,0.028502114507954035,0.4133064091342057,0.58203125
76.9456485495165,0.4025226497963288,0.02819387233698778,0.4127876868571923,0.5
76.98566188729576,0.4024696100236948,0.02788572678963047,0.41226915496550415,0.546875
77.02567522507502,0.40241634708278745,0.02757768094958797,0.41175081338926517,0.51171875
77.06568856285428,0.40236286083758743,0.027269735080457186,0.411232662058624,0.47265625
77.10570190063353,0.40230915129250827,0.026961889088043478,0.4107147009037552,0.54296875
77.1457152384128,0.4022552186866779,0.026654142404061165,0.4101969298548587,0.48828125
77.18572857619206,0.4022010636118407,0.026346493861109405,0.40967934884216123,0.55859375
77.22574191397132,0.4021466871567145,0.026038941557247963,0.4091619577959138,0.48046875
77.26575525175058,0.4020920910803174,0.025731482713716863,0.4086447566463935,0.4921875
77.30576858952983,0.402037277263866,0.025424114971596495,0.4081277453239034,0.5
77.34578192730909,0.4019822423771907,0.02511684601256095,0.4076109237587711,0.55859375
77.38579526508836,0.4019269853388956,0.024809678130166768,0.4070942918813508,0.5390625
77.42580860286762,0.40187150602642363,0.024502611553709048,0.4065778496220221,0.5
77.46582194064688,0.4018158044643774,0.024195646141975793,0.40606159691118965,0.5
77.50583527842613,0.40175988092038484,0.023888781265241882,0.4055455336792838,0.4765625
77.54584861620539,0.40170373602477816,0.02358201567856294,0.4050296598567608,0.4609375
77.58586195398466,0.40164737091690617,0.023275347384788023,0.4045139753741023,0.46875
77.62587529176392,0.40159078742068194,0.0229687734896393,0.4039984801618152,0.5703125
77.66588862954318,0.40153398707359034,0.0226622923386013,0.4034831741504324,0.46484375
77.70590196732243,0.4014769663507859,0.022355911993877153,0.40296805727051144,0.46875
77.74591530510169,0.40141972450167085,0.022049634082788316,0.40245312945263645,0.44140625
77.78592864288095,0.40136226141755743,0.02174345879915303,0.40193839062741604,0.46484375
77.82594198066022,0.4013045771437563,0.0214373859525997,0.40142384072548454,0.484375
77.86595531843948,0.40124667197693253,0.02113141485069464,0.40090947967750257,0.4921875
77.90596865621873,0.40118854658666847,0.020825544168716514,0.400395307414155,0.48828125
77.94598199399799,0.40113020216369866,0.020519771811824128,0.39988132386615316,0.5390625
77.98599533177725,0.40107164059762607,0.020214094768425152,0.39936752896423294,0.453125
78.02600866955652,0.40101286298458455,0.019908512295352288,0.39885392263915603,0.453125
78.06602200733577,0.4009538657694427,0.019603032507693047,0.3983405048217099,0.5078125
78.10603534511503,0.4008946484618998,0.019297656498164173,0.3978272754427066,0.5234375
78.14604868289429,0.40083521096756447,0.018992384423512698,0.39731423443298447,0.4921875
78.18606202067355,0.4007755533529005,0.0186872160433185,0.39680138172340657,0.50390625
78.22607535845282,0.4007156759442301,0.018382150599530994,0.39628871724486153,0.50390625
78.26608869623207,0.400655579450996,0.01807718668628755,0.3957762409282637,0.5078125
78.30610203401133,0.4005952651160637,0.017772322108564137,0.3952639527045521,0.48046875
78.34611537179059,0.4005347348955711,0.01746755373468223,0.3947518525046918,0.4296875
78.38612870956985,0.4004739893447393,0.017162881951710098,0.39423994025967257,0.4453125
78.42614204734912,0.40041302504626697,0.016858314580135245,0.39372821590050994,0.48828125
78.46615538512837,0.4003518416978412,0.016553852318675705,0.39321667935824484,0.45703125
78.50616872290763,0.40029043921978713,0.016249495285404453,0.39270533056394313,0.44921875
78.54618206068689,0.4002288177002129,0.015945243188036154,0.3921941694486961,0.38671875
78.58619539846615,0.4001669774956217,0.015641095201747782,0.39168319594362067,0.45703125
78.6262087362454,0.4001049193560072,0.01533704983636533,0.3911724099798583,0.51953125
78.66622207402467,0.40004264457706473,0.015033104795055346,0.39066181148857637,0.453125
78.70623541180393,0.3999801551823021,0.014729256823251685,0.39015140040096746,0.44921875
78.74624874958319,0.39991745108473986,0.014425507666604193,0.38964117664824915,0.4609375
78.78626208736245,0.39985452917646375,0.014121864486609167,0.3891311401616644,0.47265625
78.8262754251417,0.3997913892691782,0.013818327735669128,0.3886212908724814,0.48828125
78.86628876292097,0.3997280312983268,0.013514897491911537,0.3881116287119934,0.52734375
78.90630210070023,0.39966445537414114,0.013211573409511151,0.3876021536115193,0.41796875
78.94631543847949,0.39960066188386656,0.012908354594808574,0.3870928655024029,0.49609375
78.98632877625874,0.3995366516186583,0.01260523947172558,0.3865837643160131,0.46484375
79.026342114038,0.3994724259277909,0.012302225638687936,0.3860748499837443,0.44140625
79.06635545181726,0.39940798690229395,0.011999309717255435,0.3855661224370159,0.54296875
79.10636878959653,0.39934333371196307,0.011696495046412458,0.385057581607272,0.5390625
79.14638212737579,0.3992784637312752,0.011393787749322107,0.38454922742598285,0.4765625
79.18639546515504,0.3992133768109623,0.011091188186798454,0.3840410598246434,0.4765625
79.2264088029343,0.3991480729019773,0.010788696396089842,0.38353307873477344,0.47265625
79.26642214071356,0.39908255213715466,0.0104863119759796,0.38302528408791825,0.44921875
79.30643547849283,0.39901681493503127,0.010184033962049005,0.38251767581564783,0.46875
79.34644881627209,0.3989508621285492,0.009881860690328745,0.3820102538495579,0.44921875
79.38646215405134,0.39888469512129165,0.009579789651560838,0.3815030181212691,0.44921875
79.4264754918306,0.3988183160241055,0.009277817446326636,0.3809959685624265,0.4921875
79.46648882960986,0.39875172330444975,0.00897594894161094,0.3804891051047012,0.4921875
79.50650216738913,0.3986849148519407,0.008674189133895269,0.37998242767978885,0.4453125
79.54651550516839,0.3986178905275441,0.008372538353548595,0.3794759362194105,0.43359375
79.58652884294764,0.3985506502981564,0.008070996594364,0.378969630655312,0.4453125
79.6265421807269,0.3984831943196677,0.007769563398733581,0.3784635109192641,0.44140625
79.66655551850616,0.3984155230424542,0.007468237729348265,0.37795757694306303,0.53125
79.70656885628543,0.39834763734187245,0.007167017832005004,0.3774518286585295,0.45703125
79.74658219406469,0.39827953867650434,0.006865901088029312,0.37694626599750986,0.484375
79.78659553184394,0.39821122909867773,0.006564884248981467,0.37644088889187516,0.4609375
79.8266088696232,0.3981427065048241,0.00626397344437854,0.37593569727352133,0.48828125
79.86662220740246,0.39807396924358973,0.005963172647880627,0.37543069107436966,0.48828125
79.90663554518171,0.3980050171865188,0.005662482157942336,0.37492587022636614,0.453125
79.94664888296099,0.39793585031683537,0.0053619019239199775,0.37442123466148153,0.44921875
79.98666222074024,0.3978664688139672,0.005061431429519148,0.3739167843117121,0.453125
80.0266755585195,0.39779687316066153,0.004761069562759707,0.37341251910907874,0.49609375
80.06668889629876,0.3977270642753075,0.004460814476970776,0.3729084389856275,0.53125
80.10670223407801,0.39765704367219085,0.004160663441436466,0.3724045438734292,0.48046875
80.14671557185729,0.39758681326524936,0.0038606135414497866,0.37190083370457916,0.41796875
80.18672890963654,0.3975163705142194,0.003560671886019884,0.3713973084111988,0.4375
80.2267422474158,0.39744571416919006,0.0032608415375076916,0.37089396792543333,0.45703125
80.26675558519506,0.39737484411262003,0.0029611227611075486,0.3703908121794533,0.4453125
80.30676892297431,0.3973037603444565,0.002661515460369211,0.36988784110545436,0.37890625
80.34678226075357,0.39723246306812887,0.002362019058023551,0.3693850546356566,0.4765625
80.38679559853284,0.3971609527992846,0.0020626323659576618,0.36888245270230513,0.45703125
80.4268089363121,0.39708923049995626,0.0017633534426046704,0.3683800352376702,0.46484375
80.46682227409136,0.3970172977408276,0.0014641794427039945,0.36787780217404686,0.51953125
80.50683561187061,0.3969451562161586,0.0011651079770683553,0.3673757534437546,0.5078125
80.54684894964987,0.3968728030861924,0.0008661468344803025,0.3668738889791381,0.45703125
80.58686228742914,0.39680023744345483,0.0005672982853387465,0.36637220871256665,0.4453125
80.6268756252084,0.3967274591816532,0.00026856256002857903,0.365870712576435,0.47265625
80.66688896298766,0.39665446831785206,-3.0060485447305774e-05,0.3653694005031618,0.4375
80.70690230076691,0.3965812650799308,-0.0003285714904115904,0.36486827242519093,0.48828125
80.74691563854617,0.3965078500169712,-0.0006269717222244231,0.36436732827499124,0.4140625
80.78692897632544,0.396434224135249,-0.0009252632188730403,0.3638665679850557,0.4453125
80.8269423141047,0.39636038906253185,-0.0012234489428911977,0.36336599148790316,0.40625
80.86695565188396,0.3962863461907571,-0.001521530556883574,0.36286559871607665,0.48828125
80.90696898966321,0.3962120925206334,-0.0018194999079159738,0.3623653896021433,0.453125
80.94698232744247,0.3961376274267513,-0.002117355392167314,0.3618653640786962,0.49609375
80.98699566522174,0.3960629508143969,-0.002415096814697537,0.36136552207835204,0.4140625
81.027009003001,0.39598806271813847,-0.0027127243688447045,0.36086586353375355,0.45703125
81.06702234078026,0.395912963390758,-0.0030102387579784146,0.36036638837756685,0.42578125
81.10703567855951,0.39583765341528865,-0.0033076413300315993,0.35986709654248344,0.40625
81.14704901633877,0.3957621338428443,-0.003604934222813466,0.35936798796121955,0.44921875
81.18706235411803,0.3956864063589568,-0.0039021205179430862,0.3588690625665159,0.43359375
81.2270756918973,0.3956104719693062,-0.004199200940545822,0.3583703202911382,0.46875
81.26708902967655,0.3955343276576673,-0.004496167307627565,0.3578717610678764,0.4765625
81.30710236745581,0.39545797301900265,-0.004793018547046418,0.3573733848295455,0.47265625
81.34711570523507,0.3953814079705044,-0.005089754501272997,0.3568751915089851,0.421875
81.38712904301433,0.395304632564627,-0.00538637541439968,0.3563771810390591,0.4921875
81.4271423807936,0.3952276470794995,-0.005682882055690952,0.35587935335265614,0.40625
81.46715571857285,0.39515045213261996,-0.005979275855923071,0.35538170838268995,0.41796875
81.50716905635211,0.39507304882052846,-0.006275559054504096,0.3548842460620987,0.44921875
81.54718239413137,0.3949954388871886,-0.006571734855277567,0.35438696632384475,0.4375
81.58719573191063,0.3949176228668815,-0.006867802824554264,0.35388986910091563,0.4453125
81.62720906968988,0.39483959787155204,-0.007163755101163502,0.3533929543263229,0.51171875
81.66722240746915,0.39476136365358755,-0.007459591002039209,0.35289622193310305,0.3828125
81.70723574524841,0.39468292014239825,-0.00775531040903453,0.3523996718543174,0.4375
81.74724908302767,0.39460426740871246,-0.008050913618105227,0.35190330402305126,0.4765625
81.78726242080693,0.39452540575644235,-0.008346401466464426,0.35140711837241484,0.46875
81.82727575858618,0.39444633583805727,-0.008641775469818772,0.350911114835543,0.4921875
81.86728909636545,0.39436705879610723,-0.008937037971357474,0.35041529334559474,0.4453125
81.90730243414471,0.3942875764336344,-0.009232192300314607,0.3499196538357542,0.4375
81.94731577192397,0.39420788872726187,-0.009527236632171532,0.3494241962392295,0.4453125
81.98732910970323,0.3941279930645685,-0.009822163798110795,0.3489289204892533,0.46484375
82.02734244748248,0.3940478892912166,-0.010116973353610587,0.348433826519083,0.48046875
82.06735578526175,0.39396757734916327,-0.010411665220614666,0.3479389142620002,0.37890625
82.10736912304101,0.3938870573277624,-0.01070623974970586,0.3474441836513118,0.44921875
82.14738246082027,0.39380632955715894,-0.011000697847214302,0.3469496346203482,0.453125
82.18739579859952,0.39372539472528795,-0.011295041116100163,0.34645526710246466,0.4609375
82.22740913637878,0.39364425402127734,-0.01158927200590397,0.34596108103104084,0.5
82.26742247415805,0.3935629093066107,-0.011883393969817017,0.34546707633948076,0.46484375
82.30743581193731,0.39348135991681615,-0.012177403561595301,0.3449732529612136,0.4296875
82.34744914971657,0.3933996036609074,-0.012471294683258277,0.344479610829692,0.43359375
82.38746248749582,0.3933176404138353,-0.012765066973127043,0.34398614987839354,0.4296875
82.42747582527508,0.39323547013041377,-0.013058720394909198,0.34349287004082,0.453125
82.46748916305434,0.39315309291900663,-0.013352255354765363,0.3429997712504978,0.4453125
82.50750250083361,0.39307050913638897,-0.013645672831142958,0.34250685344097714,0.3828125
82.54751583861287,0.3929877195064745,-0.013938974515711716,0.3420141165458339,0.46875
82.58752917639212,0.3929047252655262,-0.0142321629669461,0.3415215604986672,0.46484375
82.62754251417138,0.3928215282887643,-0.014525241648809872,0.3410291852331007,0.41796875
82.66755585195064,0.3927381273183907,-0.014818205587999927,0.3405369906827827,0.43359375
82.70756918972991,0.39265452060054734,-0.01511104981880712,0.34004497678138546,0.4609375
82.74758252750917,0.3925707080184915,-0.015403774009829785,0.3395531434626064,0.4609375
82.78759586528842,0.3924866895401956,-0.01569637816820689,0.3390614906601664,0.40234375
82.82760920306768,0.39240246529339007,-0.015988862757582142,0.338570018307811,0.43359375
82.86762254084694,0.39231803566191403,-0.016281228829935157,0.33807872633931013,0.4140625
82.9076358786262,0.39223340140612983,-0.016573478168351585,0.3375876146884578,0.38671875
82.94764921640547,0.3921485638099941,-0.016865613442508587,0.33709668328907244,0.48828125
82.98766255418472,0.3920635246954947,-0.017157637951699806,0.33660593207499745,0.48046875
83.02767589196398,0.39197828232516063,-0.017449545466427005,0.3361153609800991,0.41796875
83.06768922974324,0.39189283533313224,-0.01774133204656525,0.33562496993826924,0.44921875
83.1077025675225,0.39180718361121414,-0.018032997392821243,0.33513475888342337,0.37109375
83.14771590530177,0.3917213271408462,-0.018324541557111967,0.3346447277495008,0.3984375
83.18772924308102,0.3916352660694799,-0.018615965062316164,0.3341548764704662,0.4375
83.22774258086028,0.39154900080844107,-0.018907269035730416,0.33366520498030783,0.44921875
83.26775591863954,0.3914625321549898,-0.01919845535461709,0.333175713213038,0.46875
83.3077692564188,0.3913758614413462,-0.019489526801798218,0.3326864011026935,0.3984375
83.34778259419807,0.39128899036836484,-0.019780486327476587,0.3321972685833355,0.40234375
83.38779593197732,0.3912019168345365,-0.020071326732884733,0.3317083155890489,0.44921875
83.42780926975658,0.39111463981185063,-0.020362044989889166,0.33121954205394316,0.44140625
83.46782260753584,0.39102715920088255,-0.020652640833183272,0.330730947912152,0.44921875
83.5078359453151,0.39093947499686543,-0.02094311436047891,0.33024253309783286,0.48828125
83.54784928309437,0.39085158736731307,-0.021233466155809122,0.3297542975451678,0.47265625
83.58786262087362,0.39076349675143474,-0.02152369742398514,0.329266241188363,0.44921875
83.62787595865288,0.39067520398388816,-0.02181381013797193,0.3287783639616485,0.3984375
83.66788929643214,0.39058671044564036,-0.02210380719730004,0.3282906657992788,0.4453125
83.7079026342114,0.3904980176477075,-0.022393691008472633,0.327803146635532,0.44140625
83.74791597199065,0.39040912324201105,-0.022683453707149193,0.327315806404711,0.37890625
83.78792930976992,0.3903200264872669,-0.0229730930565202,0.32682864504114234,0.375
83.82794264754918,0.39023072729310315,-0.02326260882592092,0.32634166247917684,0.4765625
83.86795598532844,0.39014122566878295,-0.023552001161484037,0.32585485865318947,0.375
83.9079693231077,0.3900515218022644,-0.023841270709497236,0.3253682334975794,0.421875
83.94798266088695,0.3899616161610285,-0.02413041875446484,0.3248817869467695,0.453125
83.98799599866622,0.38987150961758077,-0.024419447367508885,0.3243955189352067,0.421875
84.02800933644548,0.3897812036021854,-0.024708359566873325,0.32390942939736256,0.42578125
84.06802267422474,0.38969069936648804,-0.024997157012408566,0.3234235182677322,0.4296875
84.10803601200399,0.3895999944350264,-0.025285831494625127,0.32293778548083457,0.40625
84.14804934978325,0.3895090883012351,-0.025574381439550695,0.32245223097121334,0.4296875
84.1880626875625,0.3894179808840293,-0.02586280665270123,0.32196685467343583,0.41015625
84.22807602534178,0.38932667220701744,-0.02615110732969389,0.32148165652209315,0.47265625
84.26808936312104,0.3892351624789089,-0.02643928418142566,0.32099663645180104,0.4375
84.30810270090029,0.3891434521958561,-0.026727338573972387,0.3205117943971988,0.4296875
84.34811603867955,0.38905154226866123,-0.027015272678917367,0.3200271302929495,0.44140625
84.3881293764588,0.38895943417741397,-0.027303089635579605,0.31954264407374067,0.4140625
84.42814271423808,0.3888671288441661,-0.02759079014443644,0.3190583356742835,0.42578125
84.46815605201733,0.3887746237868347,-0.02787836598838475,0.31857420502931344,0.42578125
84.50816938979659,0.388681918680727,-0.028165816120127668,0.31809025207358976,0.38671875
84.54818272757585,0.3885890134542828,-0.028453140382774023,0.31760647674189524,0.48046875
84.5881960653551,0.38849590814574925,-0.02874033902287,0.31712287896903735,0.39453125
84.62820940313438,0.3884026029848779,-0.029027412818268483,0.31663945868984683,0.46484375
84.66822274091363,0.38830909849691253,-0.02931436321818484,0.3161562158391789,0.37890625
84.70823607869289,0.38821539563137986,-0.029601192497156537,0.3156731503519125,0.453125
84.74824941647215,0.3881214959186883,-0.029887903918352516,0.31519026216295004,0.3984375
84.7882627542514,0.38802739988056545,-0.030174496998917333,0.31470755120721833,0.41796875
84.82827609203068,0.38793310515035406,-0.030460963871112245,0.31422501741966785,0.40625
84.86828942980993,0.3878386115316935,-0.030747303869262166,0.31374266073527324,0.49609375
84.90830276758919,0.38774391896276666,-0.031033516875665842,0.3132604810890323,0.43359375
84.94831610536845,0.3876490274967225,-0.031319603189610364,0.3127784784159676,0.359375
84.9883294431477,0.38755393738472554,-0.03160556365708318,0.312296652651125,0.45703125
85.02834278092696,0.38745864918140693,-0.03189139981357883,0.31181500372957416,0.48828125
85.06835611870623,0.3873631638755036,-0.03217711403824269,0.31133353158640903,0.4765625
85.10836945648549,0.3872674830482208,-0.032462709720895225,0.3108522361567469,0.41015625
85.14838279426475,0.3871716067496759,-0.032748184962038615,0.31037111737572903,0.41015625
85.188396132044,0.38707553285203733,-0.03303353261685814,0.3098901751785206,0.34765625
85.22840946982326,0.38697926123291826,-0.03331875224973119,0.30940940950031054,0.390625
85.26842280760253,0.3868827918405292,-0.03360384378289408,0.30892882027631113,0.44140625
85.30843614538179,0.38678612474317275,-0.03388880757022447,0.30844840744175955,0.44921875
85.34844948316105,0.3866892602137274,-0.03417364452790264,0.3079681709319155,0.43359375
85.3884628209403,0.38659219883661583,-0.03445835627931293,0.3074881106820631,0.43359375
85.42847615871956,0.38649494164016596,-0.03474294531112518,0.3070082266275102,0.4453125
85.46848949649882,0.3863974902549205,-0.03502741513623259,0.3065285187035883,0.421875
85.50850283427809,0.38629984419358177,-0.035311762212662585,0.3060489868456523,0.421875
85.54851617205735,0.3862020016856658,-0.03559598049359893,0.3055696309890815,0.41796875
85.5885295098366,0.38610396262987057,-0.03588006961793236,0.3050904510692784,0.4140625
85.62854284761586,0.38600572698461305,-0.03616402954984124,0.3046114470216694,0.42578125
85.66855618539512,0.3859072948336262,-0.03644786069928571,0.3041326187817045,0.48046875
85.70856952317439,0.3858086664718081,-0.03673156405456038,0.30365396628485736,0.40234375
85.74858286095365,0.3857098425137448,-0.03701514132893077,0.30317548946662587,0.41015625
85.7885961987329,0.3856108240277158,-0.0372985951195175,0.3026971882625309,0.47265625
85.82860953651216,0.385511612653439,-0.037581928938398235,0.30221906260811715,0.421875
85.86862287429142,0.3854122074162605,-0.03786513772485332,0.301741112438953,0.41015625
85.90863621207069,0.3853126069062815,-0.038148216564039196,0.30126333769063085,0.40234375
85.94864954984995,0.385212811028567,-0.038431165125563674,0.30078573829876615,0.44921875
85.9886628876292,0.3851128197519036,-0.03871398341755666,0.30030831419899834,0.453125
86.02867622540846,0.38501263317575984,-0.038996671907256614,0.29983106532699055,0.3984375
86.06868956318772,0.3849122516173341,-0.03927923165719435,0.2993539916184294,0.453125
86.10870290096699,0.3848116757217078,-0.03956166447285169,0.29887709300902476,0.4765625
86.14871623874625,0.3847109065975767,-0.039843973063554555,0.2984003694345106,0.3984375
86.1887295765255,0.38460994583815244,-0.04012616076447334,0.29792382083064445,0.40625
86.22874291430476,0.3845087920774438,-0.040408221269477185,0.29744744713320714,0.39453125
86.26875625208402,0.3844074442239794,-0.04069015068808832,0.2969712482780032,0.37109375
86.30876958986327,0.38430590218935134,-0.04097194872209138,0.2964952242008608,0.47265625
86.34878292764255,0.38420416595299156,-0.04125361542438745,0.2960193748376313,0.41015625
86.3887962654218,0.3841022356302454,-0.04153515132228949,0.29554370012419034,0.42578125
86.42880960320106,0.3840001115609737,-0.04181655755382194,0.2950681999964365,0.40234375
86.46882294098032,0.38389779442106997,-0.042097836019087474,0.29459287439029197,0.4140625
86.50883627875957,0.3837952853600205,-0.042378989542233514,0.2941177232417024,0.44921875
86.54884961653885,0.38369258586865385,-0.042660021094642064,0.29364274648663735,0.40625
86.5888629543181,0.3835896942864596,-0.04294092341597655,0.2931679440610895,0.45703125
86.62887629209736,0.3834866097977653,-0.04322169352441041,0.2926933159010751,0.3671875
86.66888962987662,0.3833833323208393,-0.04350233115541931,0.2922188619426339,0.37109375
86.70890296765587,0.3832798618459426,-0.04378283640839421,0.2917445821218291,0.375
86.74891630543513,0.38317619850459084,-0.044063209871937986,0.2912704763747473,0.41015625
86.7889296432144,0.3830723426595346,-0.04434345276209106,0.29079654463749893,0.38671875
86.82894298099366,0.3829682950178242,-0.044623567075643356,0.2903227868462175,0.4296875
86.86895631877292,0.38286405677011365,-0.04490355575406175,0.2898492029370599,0.41015625
86.90896965655217,0.3827596292486052,-0.04518342120967869,0.28937579284620696,0.375
86.94898299433143,0.3826550105960766,-0.045463155534056165,0.2889025565098622,0.41796875
86.9889963321107,0.3825502002293979,-0.04574275653214907,0.28842949386425304,0.37890625
87.02900966988996,0.3824451980736941,-0.04602222397431047,0.28795660484563057,0.41796875
87.06902300766922,0.38234000413025127,-0.04630155800797351,0.2874838893902687,0.46484375
87.10903634544847,0.3822346185470069,-0.04658075928465054,0.2870113474344647,0.39453125
87.14904968322773,0.3821290417098091,-0.04685982910094219,0.28653897891453967,0.390625
87.189063021007,0.38202327435724726,-0.047138769552042964,0.28606678376683775,0.3984375
87.22907635878626,0.3819173177214872,-0.04741758369945362,0.2855947619277268,0.41015625
87.26908969656552,0.3818111729196968,-0.04769627319154286,0.28512291333359785,0.40625
87.30910303434477,0.381704837996371,-0.04797482979515354,0.2846512379208651,0.41015625
87.34911637212403,0.3815983125572313,-0.048253251972566746,0.28417973562596605,0.375
87.3891297099033,0.3814915965344849,-0.048531539529841544,0.28370840638536154,0.3984375
87.42914304768256,0.38138468994060704,-0.04880969266423103,0.2832372501355367,0.3671875
87.46915638546182,0.3812775929401603,-0.0490877120921346,0.2827662668129982,0.37109375
87.50916972324107,0.38117030594243584,-0.049365599192055104,0.2822954563542776,0.44140625
87.54918306102033,0.38106282971773886,-0.04964335616094376,0.28182481869592896,0.45703125
87.58919639879959,0.3809551655401921,-0.049920986182165145,0.28135435377452983,0.375
87.62920973657886,0.38084731425541163,-0.05019848992572431,0.2808840615266808,0.34375
87.66922307435811,0.3807392739084785,-0.050475859174773555,0.2804139418890062,0.41015625
87.70923641213737,0.38063104425008176,-0.050753092910462955,0.2799439947981533,0.40234375
87.74924974991663,0.3805226252195276,-0.05103019097701325,0.2794742201907928,0.43359375
87.78926308769589,0.3804140168407541,-0.05130715362238818,0.27900461800361814,0.39453125
87.82927642547516,0.3803052192951399,-0.05158398162988431,0.2785351881733466,0.421875
87.86928976325441,0.38019623301564875,-0.05186067646215832,0.27806593063671853,0.42578125
87.90930310103367,0.3800870588046869,-0.052137240419530995,0.2775968453304972,0.41796875
87.94931643881293,0.37997769797854064,-0.052413676810856846,0.2771279321914697,0.421875
87.98932977659219,0.3798681510548855,-0.05268998510262539,0.27665919115644566,0.34765625
88.02934311437144,0.3797584161785644,-0.052966157452999776,0.2761906221622582,0.46484375
88.06935645215071,0.3796484932009734,-0.053242193216460384,0.27572222514576344,0.4375
88.10936978992997,0.37953838206872703,-0.0535180922762912,0.27525400004384115,0.37890625
88.14938312770923,0.37942808281733287,-0.05379385493332306,0.27478594679339385,0.375
88.18939646548849,0.3793175956452126,-0.054069482039437136,0.27431806533134756,0.375
88.22940980326774,0.37920692100924874,-0.05434497514351912,0.27385035559465076,0.390625
88.26942314104701,0.3790960597442084,-0.054620336651780135,0.2733828175202757,0.37890625
88.30943647882627,0.3789850132089395,-0.05489557000065906,0.2729154510452178,0.43359375
88.34944981660553,0.37887378153674994,-0.05517067321907715,0.2724482561064953,0.3984375
88.38946315438479,0.37876236307158156,-0.055445639216699844,0.27198123264114943,0.4921875
88.42947649216404,0.37865075772111456,-0.05572046756746947,0.27151438058624505,0.4375
88.46948982994331,0.37853896543943827,-0.05599515819497643,0.27104769987886956,0.421875
88.50950316772257,0.3784269862737156,-0.056269711455107924,0.27058119045613394,0.46875
88.54951650550183,0.3783148204396859,-0.05654412826968511,0.27011485225517207,0.3828125
88.58952984328108,0.37820246841835625,-0.056818410276122965,0.2696486852131405,0.4140625
88.62954318106034,0.37808993107712774,-0.057092559988897854,0.2691826892672195,0.39453125
88.66955651883961,0.37797720981527966,-0.05736658096496071,0.2687168643546119,0.4140625
88.70956985661887,0.3778643043329706,-0.05764046957985067,0.2682512104125439,0.4375
88.74958319439813,0.3777512132651288,-0.05791421986085929,0.26778572737826456,0.40625
88.78959653217738,0.3776379365336522,-0.058187831448842674,0.26732041518904615,0.43359375
88.82960986995664,0.3775244741002081,-0.05846130430935011,0.2668552737821839,0.3359375
88.8696232077359,0.37741082602387477,-0.058734638854289395,0.26639030309499556,0.44921875
88.90963654551517,0.377296992537743,-0.05900783607836388,0.26592550306482254,0.3828125
88.94964988329443,0.37718297414726976,-0.0592808977089849,0.26546087362902926,0.39453125
88.98966322107368,0.37706877175272624,-0.05955382637145241,0.2649964147250027,0.37109375
89.02967655885294,0.37695438675938103,-0.05982662561121435,0.26453212629015316,0.33984375
89.0696898966322,0.3768398184827158,-0.060099290298912394,0.26406800826191357,0.375
89.10970323441147,0.376725065843294,-0.06037181558999841,0.26360406057773994,0.37890625
89.14971657219073,0.3766101287675304,-0.0606442011556602,0.2631402831751117,0.3984375
89.18972990996998,0.37649500722476725,-0.06091644700505111,0.26267667599153066,0.3828125
89.22974324774924,0.3763797012861198,-0.06118855360798153,0.26221323896452153,0.39453125
89.2697565855285,0.37626421120231257,-0.06146052203328359,0.26174997203163247,0.41015625
89.30976992330775,0.3761485375033061,-0.0617323541015459,0.2612868751304342,0.4140625
89.34978326108703,0.3760326811225994,-0.06200405255063468,0.26082394819852023,0.40234375
89.38979659886628,0.3759166434271815,-0.062275620736545176,0.26036119117350753,0.4609375
89.42980993664554,0.3758004234260943,-0.0625470523014919,0.25989860399303516,0.421875
89.4698232744248,0.37568402029049475,-0.06281834341957263,0.25943618659476586,0.36328125
89.50983661220405,0.3755674339513334,-0.06308949379410217,0.2589739389163847,0.40625
89.54984994998333,0.3754506643857686,-0.06336050347917624,0.25851186089559974,0.40234375
89.58986328776258,0.3753337116770907,-0.06363137300424075,0.25804995247014245,0.375
89.62987662554184,0.37521657609380055,-0.06390210351437235,0.257588213577766,0.3828125
89.6698899633211,0.37509925819064227,-0.06417269692502733,0.2571266441562477,0.4453125
89.70990330110035,0.37498175893449864,-0.0644431560896074,0.25666524414338693,0.37890625
89.74991663887963,0.374864079610046,-0.0647134839874002,0.2562040134770056,0.4453125
89.78992997665888,0.37474621899815247,-0.06498367332443229,0.25574295209494957,0.3515625
89.82994331443814,0.3746281764853528,-0.06525372117713082,0.2552820599350866,0.359375
89.8699566522174,0.37450995200713044,-0.06552362728277747,0.2548213369353074,0.41015625
89.90996998999665,0.3743915455486553,-0.0657933917414315,0.2543607830335257,0.3671875
89.94998332777593,0.37427295720549825,-0.06606301514406766,0.25390039816767757,0.41015625
89.98999666555518,0.3741541872640916,-0.06633249871400435,0.25344018227572246,0.421875
90.03001000333444,0.374035236304183,-0.06660184446361203,0.2529801352956424,0.42578125
90.0700233411137,0.3739161053261735,-0.06687105536480986,0.25252025716544196,0.328125
90.11003667889295,0.37379679548873057,-0.06714013382349217,0.2520605478231484,0.4296875
90.15005001667221,0.3736773054226152,-0.0674090719181718,0.2516010072068122,0.39453125
90.19006335445148,0.37355763469441616,-0.06767786750432928,0.251141635254506,0.328125
90.23007669223074,0.3734377832443454,-0.06794652035388132,0.2506824319043259,0.42578125
90.27009003001,0.3733177510655069,-0.06821503061541223,0.25022339709439,0.37890625
90.31010336778925,0.3731975382659922,-0.06848339894253493,0.24976453076283955,0.40234375
90.35011670556851,0.3730771451502857,-0.06875162663895767,0.2493058328478383,0.421875
90.39013004334778,0.37295657232328583,-0.0690197158163873,0.24884730328757243,0.4140625
90.43014338112704,0.37283582081924194,-0.06928766956709193,0.2483889420202518,0.35546875
90.4701567189063,0.37271489162723026,-0.06955548951905555,0.24793074898410777,0.37890625
90.51017005668555,0.37259378330575926,-0.06982316744782227,0.24747272411739496,0.40234375
90.55018339446481,0.37247249556618073,-0.07009070185715398,0.24701486735839068,0.4296875
90.59019673224407,0.37235102835348155,-0.0703580925551155,0.24655717864539461,0.37109375
90.63021007002334,0.3722293816688794,-0.07062533973988194,0.24609965791672922,0.3671875
90.6702234078026,0.3721075556330085,-0.07089244413001275,0.24564230511074003,0.359375
90.71023674558185,0.37198555056857135,-0.07115940711146795,0.24518512016579436,0.390625
90.75025008336111,0.37186336710578277,-0.0714262308975676,0.24472810302028292,0.38671875
90.79026342114037,0.3717410063129104,-0.07169291870360979,0.24427125361261864,0.390625
90.83027675891964,0.3716184689666221,-0.0719594711640992,0.24381457188123673,0.37109375
90.8702900966989,0.3714957536302568,-0.07222588009441804,0.24335805776459607,0.41015625
90.91030343447815,0.3713728601248252,-0.07249214450780501,0.24290171120117693,0.38671875
90.95031677225741,0.37124978840015305,-0.07275826424986553,0.24244553212948283,0.3515625
90.99033011003667,0.3711265384656871,-0.07302423956979531,0.24198952048803968,0.359375
91.03034344781594,0.3710031104546109,-0.07329007125339998,0.241533676215396,0.35546875
91.0703567855952,0.37087950470806746,-0.07355576077045459,0.2410779992501229,0.3828125
91.11037012337445,0.3707557218817101,-0.07382131043834986,0.240622489530814,0.37109375
91.15038346115371,0.3706317630780081,-0.0740867235979802,0.24016714699608532,0.34765625
91.19039679893297,0.3705076288189484,-0.07435199966540545,0.23971197158457574,0.34765625
91.23041013671224,0.37038331774902533,-0.07461713085607363,0.239256963234946,0.390625
91.2704234744915,0.3702588297640822,-0.07488211654572631,0.23880212188588024,0.390625
91.31043681227075,0.37013416481880856,-0.07514695661907708,0.2383474474760845,0.3828125
91.35045015005001,0.37000932293092215,-0.07541165137812313,0.2378929399442874,0.38671875
91.39046348782927,0.369884304246376,-0.07567620167709888,0.23743859922924032,0.375
91.43047682560852,0.36975910912467375,-0.07594060907265937,0.23698442526971691,0.37109375
91.4704901633878,0.3696337382471818,-0.07620487598792,0.23653041800451297,0.39453125
91.51050350116705,0.36950819275070695,-0.07646900589213246,0.23607657737244747,0.34765625
91.55051683894631,0.36938247286093895,-0.07673299674832908,0.23562290331236152,0.39453125
91.59053017672557,0.3692565773791151,-0.0769968415489592,0.23516939576311824,0.3828125
91.63054351450482,0.36913050624109367,-0.07726053987872014,0.23471605466360396,0.375
91.6705568522841,0.36900425940661585,-0.07752409166219104,0.2342628799527267,0.34375
91.71057019006335,0.3688778369016975,-0.0777874972559858,0.23380987156941746,0.34765625
91.75058352784261,0.368751238885112,-0.0780507575847904,0.23335702945262982,0.375
91.79059686562186,0.36862446573496044,-0.07831387429357564,0.23290435354133898,0.3984375
91.83061020340112,0.36849751815824355,-0.07857684991454433,0.23245184377454303,0.33203125
91.87062354118038,0.36837039732368476,-0.07883968803347396,0.23199950009126213,0.4140625
91.91063687895965,0.36824310312805786,-0.07910238495690766,0.23154732243053944,0.41015625
91.95065021673891,0.3681156345954253,-0.07936493480904448,0.23109531073143996,0.35546875
91.99066355451816,0.36798799167030327,-0.07962733723385218,0.23064346493305138,0.37890625
92.03067689229742,0.367860174317314,-0.07988959219823381,0.23019178497448323,0.3984375
92.07069023007668,0.36773218257097307,-0.08015170011439186,0.22974027079486808,0.359375
92.11070356785595,0.3676040166029088,-0.08041366197952246,0.2292889223333603,0.3359375
92.1507169056352,0.3674756768098748,-0.08067547952921383,0.22883773952913683,0.4375
92.19073024341446,0.367347163924727,-0.0809371554066172,0.22838672232139695,0.390625
92.23074358119372,0.3672184791205003,-0.08119869317475817,0.22793587064936216,0.359375
92.27075691897298,0.36708962200823136,-0.08146008765557453,0.2274851844522764,0.44921875
92.31077025675225,0.36696059182476404,-0.08172133409216398,0.22703466366940556,0.44140625
92.3507835945315,0.3668313885171633,-0.08198243215919052,0.2265843082400384,0.359375
92.39079693231076,0.366702012055073,-0.08224338186683605,0.2261341181034855,0.34765625
92.43081027009002,0.36657246248144676,-0.08250418368508732,0.22568409319908006,0.36328125
92.47082360786928,0.3664427399808627,-0.08276483868539733,0.22523423346617688,0.40625
92.51083694564855,0.36631284496881156,-0.08302534869609801,0.22478453884415373,0.41796875
92.5508502834278,0.36618277820413975,-0.08328571647354077,0.22433500927241046,0.359375
92.59086362120706,0.366052540831089,-0.08354594538007515,0.22388564469036915,0.4140625
92.63087695898632,0.365922132235744,-0.08380602902998327,0.22343644503747395,0.4765625
92.67089029676558,0.3657915518395737,-0.08406596367567934,0.22298741025319113,0.37890625
92.71090363454483,0.3656607995922131,-0.08432574902378494,0.2225385402770097,0.44140625
92.7509169723241,0.365529875468389,-0.08458538512908806,0.22208983504844015,0.3828125
92.79093031010336,0.36539877951941147,-0.08484487252157298,0.22164129450701608,0.390625
92.83094364788262,0.36526751194297524,-0.08510421234837513,0.22119291859229262,0.421875
92.87095698566188,0.365136073173333,-0.08536340653292793,0.22074470724384698,0.36328125
92.91097032344113,0.3650044639953782,-0.08562245794735301,0.2202966604012792,0.40234375
92.9509836612204,0.364872685492423,-0.08588136956545048,0.21984877800421054,0.42578125
92.99099699899966,0.36474073688509556,-0.08614013408800109,0.21940105999228554,0.3515625
93.03101033677892,0.3646086177518317,-0.08639874865925773,0.21895350630517035,0.3984375
93.07102367455818,0.36447632804480296,-0.08665721301927956,0.21850611688255284,0.40234375
93.11103701233743,0.36434386774379623,-0.08691552726914224,0.21805889166414366,0.41015625
93.15105035011669,0.36421123690865886,-0.08717369199987082,0.21761183058967543,0.3984375
93.19106368789596,0.3640784357500085,-0.0874317084372417,0.2171649335989026,0.35546875
93.23107702567522,0.36394546472107003,-0.0876895786013287,0.21671820063160213,0.34765625
93.27109036345448,0.3638123246328169,-0.08794730548264473,0.2162716316275728,0.328125
93.31110370123373,0.363679016476128,-0.0882048914704194,0.21582522652663577,0.33984375
93.35111703901299,0.3635455393649123,-0.08846232866045056,0.21537898526863397,0.37890625
93.39113037679226,0.3634118930069119,-0.08871961496581636,0.21493290779343227,0.39453125
93.43114371457152,0.3632780773569914,-0.08897675016068524,0.21448699404091837,0.3046875
93.47115705235078,0.36314409239996553,-0.08923373439410834,0.21404124395100121,0.3984375
93.51117039013003,0.3630099382041934,-0.08949056832007671,0.2135956574636122,0.33984375
93.55118372790929,0.36287561499335713,-0.08974725324449381,0.21315023451870485,0.41015625
93.59119706568856,0.3627411232395842,-0.09000379128677198,0.21270497505625424,0.4453125
93.63121040346782,0.3626064637800227,-0.09026018555814436,0.21225987901625826,0.41796875
93.67122374124708,0.36247163748258976,-0.09051643765789569,0.21181494633873615,0.359375
93.71123707902633,0.36233664341166083,-0.09077253940263708,0.21137017696372945,0.34765625
93.75125041680559,0.3622014813774591,-0.09102848934238283,0.21092557083130153,0.34375
93.79126375458486,0.36206615133742115,-0.09128428728723065,0.21048112788153772,0.3125
93.83127709236412,0.36193065328142093,-0.09153993343561223,0.2100368480545461,0.359375
93.87129043014338,0.36179498728633425,-0.0917954285062525,0.2095927312904557,0.34375
93.91130376792263,0.3616591535889653,-0.09205077388701652,0.20914877752941785,0.38671875
93.95131710570189,0.36152315268024293,-0.09230597179941331,0.20870498671160637,0.33203125
93.99133044348115,0.3613869854236665,-0.09256102547738253,0.20826135877721635,0.3984375
94.03134378126042,0.3612506525346707,-0.0928159355157036,0.20781789366646491,0.41796875
94.07135711903967,0.36111415308375694,-0.09307069379421774,0.20737459131959163,0.4375
94.11137045681893,0.3609774869573109,-0.09332529936074774,0.20693145167685767,0.38671875
94.15138379459819,0.3608406541151921,-0.09357975206319664,0.20648847467854609,0.3984375
94.19139713237745,0.36070365455245335,-0.09383405215043623,0.20604566026496185,0.30859375
94.23141047015672,0.36056648835443705,-0.09408820040788833,0.2056030083764318,0.42578125
94.27142380793597,0.36042915577102874,-0.09434219830758064,0.205160518953305,0.39453125
94.31143714571523,0.3602916573121412,-0.09459604817472209,0.20471819193595214,0.3515625
94.35145048349449,0.3601539938674014,-0.09484975336948184,0.20427602726476574,0.34765625
94.39146382127375,0.3600161659716288,-0.0951033132571962,0.20383402488016023,0.3515625
94.431477159053,0.35987817275528866,-0.09535672014064456,0.20339218472257214,0.3828125
94.47149049683227,0.3597400141552016,-0.09560997341893909,0.20295050673245968,0.3359375
94.51150383461153,0.35960169013379073,-0.0958630729785212,0.202508990850303,0.37890625
94.55151717239079,0.35946320069100746,-0.09611601912128716,0.20206763701660396,0.34765625
94.59153051017005,0.35932454592081414,-0.09636881270052214,0.20162644517188633,0.3515625
94.6315438479493,0.35918572608612853,-0.09662145527461206,0.20118541525669553,0.359375
94.67155718572857,0.3590467417158056,-0.09687394927493054,0.2007445472115989,0.37109375
94.71157052350783,0.35890759372573877,-0.09712629818994518,0.20030384097718607,0.36328125
94.75158386128709,0.35876828244300907,-0.09737849992199703,0.1998632964940682,0.328125
94.79159719906635,0.3586288071099468,-0.0976305475737352,0.19942291370287757,0.3515625
94.8316105368456,0.358489167688904,-0.09788244074096682,0.19898269254426892,0.36328125
94.87162387462487,0.35834936414479446,-0.09813417935021981,0.19854263295891877,0.34375
94.91163721240413,0.35820939648255856,-0.09838576375755761,0.19810273488752533,0.3515625
94.95165055018339,0.3580692648046228,-0.09863719488645142,0.19766299827080847,0.34765625
94.99166388796264,0.3579289693869551,-0.09888847438356373,0.19722342304951002,0.40234375
95.0316772257419,0.3577885107773381,-0.09913960478875715,0.1967840091643932,0.35546875
95.07169056352117,0.35764788991542934,-0.09939058970248321,0.19634475655624328,0.390625
95.11170390130043,0.357507106902524,-0.09964142537673847,0.19590566516586744,0.31640625
95.15171723907969,0.35736616113490705,-0.09989210605240681,0.19546673493409406,0.32421875
95.19173057685894,0.3572250525789562,-0.10014263137817063,0.19502796580177356,0.35546875
95.2317439146382,0.35708378120202683,-0.10039300132208841,0.19458935770977814,0.39453125
95.27175725241746,0.35694234701405486,-0.1006432162958448,0.1941509105990013,0.3359375
95.31177059019673,0.35680075012575196,-0.10089327729544986,0.19371262441035858,0.3359375
95.35178392797599,0.3566589908262351,-0.10114318605746186,0.1932744990847874,0.36328125
95.39179726575524,0.3565170696821436,-0.10139294523272993,0.1928365345632465,0.3515625
95.4318106035345,0.3563749876371879,-0.10164255838781597,0.19239873078671632,0.3359375
95.47182394131376,0.35623274460200016,-0.10189202031555619,0.19196108769619902,0.30859375
95.51183727909303,0.35609034011473,-0.10214132636332417,0.19152360523271827,0.38671875
95.55185061687229,0.3559477741425912,-0.10239047620974272,0.1910862833373198,0.30078125
95.59186395465154,0.3558050466552824,-0.10263946986600177,0.19064912195107037,0.37890625
95.6318772924308,0.3556621576676334,-0.1028883078012383,0.1902121210150592,0.375
95.67189063021006,0.3555191072987667,-0.10313699108523945,0.18977528047039638,0.38671875
95.71190396798931,0.35537589585062923,-0.10338552154753519,0.18933860025821364,0.38671875
95.75191730576859,0.3552325239088594,-0.10363390195168676,0.18890208031966488,0.36328125
95.79193064354784,0.3550889923992963,-0.10388213565249771,0.18846572059592548,0.36328125
95.8319439813271,0.35494530108509753,-0.10413021626135163,0.18802952102819154,0.35546875
95.87195731910636,0.3548014496253079,-0.10437814012136885,0.1875934815576819,0.3671875
95.91197065688561,0.3546574379876432,-0.10462590694333261,0.1871576021256362,0.38671875
95.95198399466489,0.3545132661442676,-0.10487351678238947,0.18672188267331613,0.38671875
95.99199733244414,0.354368934114788,-0.10512097016698,0.18628632314200488,0.296875
96.0320106702234,0.35422444202662917,-0.10536826824272802,0.18585092347300675,0.34765625
96.07202400800266,0.35407979019464053,-0.10561541293380135,0.18541568360764799,0.35546875
96.11203734578191,0.35393497922326334,-0.10586240711935707,0.18498060348727624,0.38671875
96.15205068356119,0.3537900099998641,-0.10610925375560258,0.18454568305326058,0.33203125
96.19206402134044,0.35364488218148543,-0.10635594556543153,0.18411092224699194,0.390625
96.2320773591197,0.3534995955275886,-0.10660247977085033,0.18367632100988257,0.39453125
96.27209069689896,0.3533541500064589,-0.10684885611561111,0.18324187928336616,0.41796875
96.31210403467821,0.3532085455925103,-0.1070950747007951,0.18280759700889793,0.38671875
96.35211737245749,0.3530627823101025,-0.1073411361156649,0.18237347412795435,0.3515625
96.39213071023674,0.35291686029487906,-0.10758704158362753,0.18193951058203395,0.30078125
96.432144048016,0.35277077987456507,-0.10783279312549032,0.18150570631265645,0.3203125
96.47215738579526,0.35262454167218693,-0.10807839373890088,0.18107206126136277,0.37109375
96.51217072357451,0.35247814651746956,-0.10832384578555343,0.18063857536971556,0.359375
96.55218406135377,0.3523315940005766,-0.10856914140868475,0.18020524857929876,0.375
96.59219739913304,0.35218488396176384,-0.10881427858509833,0.17977208083171775,0.35546875
96.6322107369123,0.3520380163698539,-0.10905925709266823,0.1793390720686,0.37109375
96.67222407469156,0.35189099120127953,-0.10930407708039044,0.17890622223159325,0.30859375
96.71223741247081,0.35174380848520764,-0.10954873919961047,0.17847353126236748,0.34765625
96.75225075025007,0.3515964683653661,-0.10979324475360769,0.1780409991026139,0.36328125
96.79226408802934,0.3514489711822161,-0.11003759586218466,0.17760862569404479,0.33984375
96.8322774258086,0.35130131757747207,-0.11028179564328677,0.17717641097839476,0.328125
96.87229076358786,0.3511535083050831,-0.1105258456606151,0.1767443548974187,0.328125
96.91230410136711,0.35100554292549635,-0.11076973780190968,0.1763124573928933,0.2890625
96.95231743914637,0.3508574213410055,-0.11101347066759513,0.17588071840661645,0.38671875
96.99233077692563,0.35070914352083915,-0.11125704407113493,0.175449137880408,0.32421875
97.0323441147049,0.3505607094435484,-0.11150045821033128,0.17501771575610847,0.33984375
97.07235745248416,0.3504121191427069,-0.11174371380132285,0.17458645197558015,0.375
97.11237079026341,0.35026337277022235,-0.11198681222859985,0.17415534648070663,0.3125
97.15238412804267,0.3501144706791342,-0.11222975571333732,0.1737243992133925,0.23046875
97.19239746582193,0.3499654135296978,-0.11247254749638691,0.17329361011556416,0.34375
97.2324108036012,0.3498162019840367,-0.11271518812922503,0.1728629791291686,0.36328125
97.27242414138045,0.3496668356069999,-0.11295766958629808,0.17243250619617517,0.32421875
97.31243747915971,0.34951731434544214,-0.11319999095225339,0.17200219125857347,0.34375
97.35245081693897,0.34936763816884603,-0.11344215207765551,0.17157203425837525,0.31640625
97.39246415471823,0.3492178070577232,-0.11368415321082656,0.17114203513761284,0.3671875
97.4324774924975,0.3490678210500972,-0.1139259951339627,0.17071219383833997,0.3671875
97.47249083027675,0.3489176803057824,-0.11416767931525815,0.17028251030263225,0.34375
97.51250416805601,0.3487673851903295,-0.11440920807932822,0.16985298447258596,0.37109375
97.55251750583527,0.34861693638241203,-0.11465058479242965,0.16942361629031882,0.3515625
97.59253084361453,0.3484663344377573,-0.11489180877103775,0.1689944056979698,0.3671875
97.6325441813938,0.34831557895741394,-0.11513287243383477,0.16856535263769884,0.37890625
97.67255751917305,0.34816466991608863,-0.11537377520385589,0.1681364570516874,0.30078125
97.71257085695231,0.34801360728346087,-0.11561451696996566,0.16770771888213837,0.33984375
97.75258419473157,0.3478623910418872,-0.11585509803257144,0.16727913807127542,0.3515625
97.79259753251083,0.34771102123376213,-0.11609551924157385,0.16685071456134337,0.3359375
97.83261087029008,0.3475594980265245,-0.11633578215134155,0.16642244829460884,0.390625
97.87262420806935,0.34740782179825797,-0.11657588919172011,0.165994339213359,0.37109375
97.91263754584861,0.3472559932458619,-0.11681584385705238,0.16556638725990253,0.35546875
97.95265088362787,0.3471040128060159,-0.11705564399633639,0.16513859237656925,0.34765625
97.99266422140713,0.3469518801446263,-0.11729528284752447,0.16471095450571,0.34765625
98.03267755918638,0.3467995952487876,-0.11753476001841255,0.16428347358969714,0.3125
98.07269089696565,0.34664715808841745,-0.11777407543707921,0.1638561495709237,0.37109375
98.11270423474491,0.34649456864753103,-0.11801322945777344,0.1634289823918042,0.34375
98.15271757252417,0.34634182697270693,-0.11825222300005957,0.16300197199477406,0.328125
98.19273091030342,0.3461889332390699,-0.11849105770589555,0.16257511832229005,0.265625
98.23274424808268,0.34603588783676714,-0.11872973611359311,0.16214842131682994,0.3125
98.27275758586194,0.3458826914791431,-0.11896826182315258,0.16172188092089262,0.31640625
98.31277092364121,0.34572934447866494,-0.11920663104703462,0.16129549707699786,0.33203125
98.35278426142047,0.34557584658582846,-0.11944483816233925,0.16086926972768706,0.3203125
98.39279759919972,0.3454221977882206,-0.11968288282332012,0.16044319881552255,0.3125
98.43281093697898,0.345268398055546,-0.11992076499962258,0.16001728428308704,0.3671875
98.47282427475824,0.34511444737355945,-0.12015848510030064,0.15959152607298543,0.37890625
98.51283761253751,0.34496034579281704,-0.12039604411657419,0.15916592412784275,0.37109375
98.55285095031677,0.3448060934959132,-0.12063344378021962,0.15874047839030586,0.34375
98.59286428809602,0.3446516908851095,-0.12087068673968122,0.15831518880304196,0.3203125
98.63287762587528,0.3444971386787705,-0.12110777655062539,0.15789005530873962,0.28515625
98.67289096365454,0.34434243708964923,-0.1213447079968007,0.15746507785010866,0.33203125
98.71290430143381,0.34418758594178067,-0.12158147654458899,0.15704025636987934,0.296875
98.75291763921307,0.3440325852216375,-0.12181808187830472,0.15661559081080378,0.27734375
98.79293097699232,0.3438774348987352,-0.12205452401010031,0.15619108111565416,0.37890625
98.83294431477158,0.3437221349602523,-0.12229080340594728,0.15576672722722423,0.296875
98.87295765255084,0.3435666854606094,-0.12252692113041921,0.15534252908832896,0.2734375
98.91297099033011,0.34341108658970465,-0.12276287900717363,0.15491848664180358,0.37890625
98.95298432810937,0.3432553387616718,-0.1229986797972914,0.154494599830505,0.26953125
98.99299766588862,0.3430994426891295,-0.12323432683463989,0.154070868597311,0.33984375
99.03301100366788,0.3429433985109733,-0.12346981375130034,0.15364729288511958,0.33203125
99.07302434144714,0.34278720611057006,-0.12370513699279188,0.15322387263685083,0.38671875
99.1130376792264,0.342630865473151,-0.12394029627471137,0.1528006077954448,0.3046875
99.15305101700567,0.342474376567947,-0.12417529165300746,0.15237749830386277,0.3125
99.19306435478492,0.34231773938322274,-0.12441012365269669,0.15195454410508763,0.3515625
99.23307769256418,0.3421609539772585,-0.12464479341310326,0.15153174514212236,0.2890625
99.27309103034344,0.342004020547004,-0.12487930285204545,0.15110910135799144,0.3203125
99.3131043681227,0.3418469395182754,-0.1251136548455712,0.15068661269573935,0.3203125
99.35311770590197,0.34168971158878936,-0.1253478523201908,0.1502642790984327,0.30859375
99.39313104368122,0.3415323368466655,-0.12558188804843579,0.1498421005091582,0.34375
99.43314438146048,0.34137481522164076,-0.12581575933771244,0.14942007687102338,0.35546875
99.47315771923974,0.34121714669749953,-0.12604946593632516,0.14899820812715725,0.328125
99.513171057019,0.3410593312429693,-0.12628300794564054,0.1485764942207093,0.30078125
99.55318439479825,0.3409013688474539,-0.12651638595074988,0.14815493509485,0.375
99.59319773257752,0.3407432595725611,-0.12674960116856077,0.14773353069277012,0.30859375
99.63321107035678,0.3405850036223149,-0.1269826556125636,0.14731228095768245,0.3359375
99.67322440813604,0.3404266014339399,-0.12721555227630807,0.14689118583281952,0.32421875
99.7132377459153,0.34026805368283064,-0.12744829348511194,0.14647024526143554,0.34375
99.75325108369455,0.34010936042682227,-0.1276808714583529,0.14604945918680484,0.33984375
99.79326442147382,0.33995052162976647,-0.12791328424255707,0.14562882755222273,0.3125
99.83327775925308,0.33979153727407363,-0.12814553161940534,0.1452083503010056,0.2890625
99.87329109703234,0.3396324073277396,-0.12837761373730827,0.1447880273764906,0.31640625
99.9133044348116,0.33947313178105737,-0.12860953124328825,0.14436785872203578,0.3359375
99.95331777259085,0.33931371069898336,-0.12884128543313436,0.14394784428101953,0.28515625
99.99333111037012,0.3391541442920593,-0.1290728784190684,0.14352798399684125,0.3125
100.03334444814938,0.33899443300891274,-0.12930431331393855,0.1431082778129214,0.38671875
100.07335778592864,0.33883457749717893,-0.12953559163925998,0.14268872567270058,0.33203125
100.11337112370789,0.3386745778013698,-0.1297667053841775,0.14226932751964072,0.34375
100.15338446148715,0.3385144339090459,-0.12999765320308718,0.14185008329722454,0.33203125
100.19339779926642,0.33835414580091433,-0.13022843491278957,0.14143099294895484,0.35546875
100.23341113704568,0.33819371344410487,-0.13045905071010067,0.1410120564183559,0.3125
100.27342447482494,0.33803313682959935,-0.1306895013056816,0.14059327364897217,0.33984375
100.31343781260419,0.33787241602542645,-0.13091978807629046,0.14017464458436907,0.26171875
100.35345115038345,0.33771155124857705,-0.13114991323460498,0.13975616916813288,0.3359375
100.3934644881627,0.3375505429586683,-0.13137988001563639,0.13933784734387028,0.32421875
100.43347782594198,0.33738939177237015,-0.13160968892526087,0.13891967905520897,0.3515625
100.47349116372123,0.3372280977344009,-0.13183933206120443,0.13850166424579707,0.359375
100.51350450150049,0.33706666084696724,-0.13206880854754138,0.1380838028593035,0.34375
100.55351783927975,0.3369050810887096,-0.132298118237986,0.13766609483941766,0.3359375
100.593531177059,0.33674335842588377,-0.1325272613787979,0.13724854012985016,0.30859375
100.63354451483828,0.33658149284988154,-0.13275623874616668,0.1368311386743315,0.33984375
100.67355785261753,0.336419484431567,-0.1329850517997853,0.13641389041661367,0.2734375
100.71357119039679,0.33625733339419317,-0.13321370285482098,0.13599679530046865,0.3046875
100.75358452817605,0.3360950402079162,-0.13344219527135934,0.13557985326968913,0.29296875
100.7935978659553,0.33593260545761716,-0.13367052831839418,0.13516306426808877,0.328125
100.83361120373456,0.3357700291979574,-0.13389869455755427,0.13474642823950145,0.359375
100.87362454151383,0.33560731143816774,-0.13412669343731995,0.134329945127782,0.34765625
100.91363787929309,0.3354444521548718,-0.13435452484904498,0.1339136148768058,0.31640625
100.95365121707235,0.3352814513128797,-0.13458218909089448,0.1334974374304686,0.3125
100.9936645548516,0.3351183089040045,-0.13480968700573223,0.13308141273268714,0.31640625
101.03367789263086,0.3349550250016421,-0.13503702013830005,0.13266554072739828,0.2890625
101.07369123041013,0.33479159983497947,-0.13526419090862915,0.13224982135855956,0.35546875
101.11370456818939,0.33462803388466533,-0.13549120280374166,0.13183425457014958,0.3125
101.15371790596865,0.33446432770483314,-0.13571805362659567,0.13141884030616702,0.30078125
101.1937312437479,0.3343004813661111,-0.13594473677401614,0.13100357851063116,0.36328125
101.23374458152716,0.3341364948788163,-0.13617125186605628,0.13058846912758187,0.34375
101.27375791930643,0.3339723682173048,-0.13639759883319613,0.1301735121010794,0.359375
101.31377125708569,0.33380810134495603,-0.1366237780264698,0.12975870737520512,0.34765625
101.35378459486495,0.3336436942533972,-0.1368497903580944,0.12934405489406015,0.375
101.3937979326442,0.33347914701853515,-0.13707563745926038,0.12892955460176686,0.31640625
101.43381127042346,0.3333144598751433,-0.1373013218572573,0.1285152064424675,0.34765625
101.47382460820273,0.3331496333135242,-0.13752684713815921,0.12810101036032517,0.33203125
101.51383794598199,0.3329846678626497,-0.1377522094904565,0.1276869662995233,0.328125
101.55385128376125,0.3328195636089825,-0.13797740344404189,0.12727307420426603,0.33203125
101.5938646215405,0.33265432056040944,-0.13820242866018417,0.1268593340187777,0.328125
101.63387795931976,0.3324889386888026,-0.1384272851098794,0.12644574568730316,0.375
101.67389129709902,0.3323234179558231,-0.13865197319873918,0.12603230915410796,0.28515625
101.71390463487829,0.3321577583528373,-0.13887649390967408,0.12561902436347777,0.25390625
101.75391797265755,0.3319919599577964,-0.13910084896280958,0.12520589125971926,0.29296875
101.7939313104368,0.33182602301082476,-0.13932504099479295,0.12479290978715907,0.296875
101.83394464821606,0.33165994800986986,-0.13954907353633647,0.12438007989014432,0.328125
101.87395798599532,0.33149373547052124,-0.1397729413829928,0.12396740151304247,0.34375
101.91397132377459,0.33132738548678475,-0.13999664013365884,0.12355487460024162,0.29296875
101.95398466155385,0.33116089806385957,-0.14022016947873406,0.12314249909615049,0.31640625
101.9939979993331,0.3309942731708516,-0.14044352943126465,0.12273027494519767,0.3359375
102.03401133711236,0.3308275107674535,-0.1406667204530445,0.12231820209183247,0.35546875
102.07402467489162,0.3306606108445614,-0.1408897435993447,0.12190628048052432,0.3046875
102.11403801267087,0.3304935734816904,-0.14111260068170167,0.12149451005576345,0.3203125
102.15405135045015,0.33032639892418936,-0.14133529444795592,0.12108289076206008,0.26953125
102.1940646882294,0.3301590876773941,-0.14155782819831178,0.12067142254394525,0.3125
102.23407802600866,0.32999164025252614,-0.14178019561013006,0.1202601053459697,0.3515625
102.27409136378792,0.3298240567439345,-0.1420023932412163,0.11984893911270511,0.3125
102.31410470156717,0.32965633715354936,-0.14222442081320436,0.11943792378874346,0.3125
102.35411803934645,0.32948848144773196,-0.14244627838200338,0.1190270593186964,0.32421875
102.3941313771257,0.32932048958387805,-0.1426679664673639,0.11861634564719686,0.3515625
102.43414471490496,0.32915236155206745,-0.14288948619889347,0.11820578271889748,0.29296875
102.47415805268422,0.3289840974333196,-0.14311083948100758,0.11779537047847138,0.30078125
102.51417139046347,0.3288156974774865,-0.14333202917594937,0.11738510887061193,0.359375
102.55418472824275,0.32864716219956425,-0.14355305816930375,0.11697499784003268,0.3046875
102.594198066022,0.32847849211179286,-0.1437739193096748,0.11656503733146784,0.33984375
102.63421140380126,0.32830968730286036,-0.14399460999781888,0.11615522728967137,0.296875
102.67422474158052,0.32814074777146407,-0.14421512998724478,0.11574556765941857,0.3125
102.71423807935977,0.32797167348058454,-0.14443547937905704,0.11533605838550359,0.30859375
102.75425141713905,0.327802464385316,-0.14465565875197894,0.11492669941274175,0.3203125
102.7942647549183,0.32763312047454896,-0.14487566931197346,0.11451749068596834,0.328125
102.83427809269756,0.32746364183041765,-0.14509551305856494,0.11410843215003919,0.3203125
102.87429143047682,0.32729402870711927,-0.14531519297026976,0.11369952374982983,0.328125
102.91430476825607,0.3271242816334481,-0.1455347113266775,0.1132907654302367,0.31640625
102.95431810603533,0.3269544011243234,-0.14575406045172135,0.11288215713617555,0.33203125
102.9943314438146,0.3267843872584481,-0.14597323846625915,0.11247369881258312,0.26171875
103.03434478159386,0.3266142400309892,-0.14619224515708376,0.11206539040441638,0.3828125
103.07435811937312,0.3264439594014863,-0.14641108067148467,0.111657231856652,0.3359375
103.11437145715237,0.32627354532224356,-0.14662974564927836,0.11124922311428703,0.32421875
103.15438479493163,0.32610299778071966,-0.14684824137448638,0.11084136412233903,0.2890625
103.1943981327109,0.32593231685981816,-0.14706656994384984,0.1104336548258451,0.30078125
103.23441147049016,0.3257615028177754,-0.14728473445436532,0.11002609516986334,0.36328125
103.27442480826942,0.32559055620379806,-0.14750273637970973,0.10961868509947137,0.296875
103.31443814604867,0.3254194775331419,-0.14772056783826054,0.10921142455976718,0.3046875
103.35445148382793,0.32524826687187136,-0.14793822754137478,0.10880431349586894,0.28515625
103.39446482160719,0.3250769242113908,-0.14815571531038274,0.10839735185291494,0.3125
103.43447815938646,0.32490544950759315,-0.14837303134008,0.10799053957606353,0.31640625
103.47449149716572,0.3247338427094868,-0.14859017633349772,0.10758387661049296,0.3515625
103.51450483494497,0.3245621038029682,-0.14880715165416966,0.10717736290140228,0.28515625
103.55451817272423,0.3243902328712811,-0.14902395949833103,0.10677099839401022,0.31640625
103.59453151050349,0.3242182301762535,-0.14924060308395942,0.10636478303355557,0.296875
103.63454484828276,0.3240460962972013,-0.14945708286920356,0.10595871676529733,0.28125
103.67455818606201,0.32387383174237644,-0.14967339110293773,0.10555279953451474,0.32421875
103.71457152384127,0.3237014365647549,-0.14988952694961588,0.10514703128650654,0.3046875
103.75458486162053,0.32352891075165446,-0.15010549026654746,0.10474141196659242,0.33203125
103.79459819939979,0.32335625425496933,-0.15032128129767122,0.10433594152011122,0.375
103.83461153717906,0.3231834670203741,-0.15053690081031262,0.10393061989242258,0.296875
103.87462487495831,0.3230105490314436,-0.15075235025033387,0.10352544702890598,0.30859375
103.91463821273757,0.3228375003716602,-0.15096763191501195,0.1031204228749607,0.265625
103.95465155051683,0.32266432130596556,-0.15118274914585084,0.10271554737600613,0.2734375
103.99466488829609,0.32249101245591594,-0.15139770116776588,0.10231082047748213,0.38671875
104.03467822607536,0.3223175743113701,-0.1516124807107318,0.10190624212484795,0.28125
104.07469156385461,0.3221440069132679,-0.15182708724875954,0.10150181226358346,0.28515625
104.11470490163387,0.3219703102446456,-0.15204152067628982,0.10109753083918821,0.28515625
104.15471823941313,0.32179648425310364,-0.15225578128790268,0.10069339779718178,0.30859375
104.19473157719239,0.3216225288805776,-0.15246986991709377,0.10028941308310352,0.265625
104.23474491497164,0.3214484441081701,-0.15268378809352368,0.0998855766425133,0.3671875
104.27475825275091,0.3212742300190032,-0.15289753821812427,0.09948188842099032,0.33203125
104.31477159053017,0.3210998868807708,-0.15311112375819785,0.09907834836413443,0.3515625
104.35478492830943,0.32092541537239583,-0.15332454247856817,0.09867495641756518,0.28515625
104.39479826608869,0.32075081594886246,-0.1535377879574727,0.0982717125269218,0.27734375
104.43481160386794,0.32057608864224607,-0.15375085982754877,0.09786861663786373,0.31640625
104.47482494164721,0.32040123343123383,-0.1539637580212572,0.09746566869607032,0.32421875
104.51483827942647,0.3202262502587482,-0.15417648288549374,0.0970628686472409,0.29296875
104.55485161720573,0.3200511390626447,-0.1543890353216475,0.09666021643709466,0.3203125
104.59486495498498,0.3198758998212419,-0.1546014169449926,0.09625771201137096,0.296875
104.63487829276424,0.3197005326166771,-0.1548136302627432,0.09585535531582862,0.2890625
104.6748916305435,0.3195250377208078,-0.15502567883279805,0.09545314629624674,0.30078125
104.71490496832277,0.3193494158831385,-0.15523755883558182,0.09505108489842418,0.28125
104.75491830610203,0.3191736675068463,-0.15544926497002381,0.0946491710681796,0.32421875
104.79493164388128,0.3189977926193974,-0.15566079690514611,0.09424740475135157,0.328125
104.83494498166054,0.31882179119442,-0.15587215461364773,0.09384578589379877,0.3515625
104.8749583194398,0.318645663170123,-0.15608333849568168,0.09344431444139945,0.3125
104.91497165721907,0.3184694084798497,-0.15629434952242902,0.09304299034005198,0.3984375
104.95498499499833,0.31829302709866636,-0.15650518939690458,0.09264181353567452,0.33984375
104.99499833277758,0.31811651910757927,-0.15671586073422092,0.09224078397420499,0.30859375
105.03501167055684,0.31793988478962093,-0.1569263670272505,0.0918399016016011,0.296875
105.0750250083361,0.3177631249628965,-0.15713670310299932,0.09143916636384053,0.2890625
105.11503834611537,0.31758623997511515,-0.15734686470500678,0.0910385782069209,0.30078125
105.15505168389463,0.317409229849151,-0.15755685153131127,0.09063813707685953,0.32421875
105.19506502167388,0.31723209455355766,-0.1577666635956178,0.09023784291969328,0.33203125
105.23507835945314,0.31705483402106455,-0.15797630135377164,0.08983769568147898,0.28125
105.2750916972324,0.3168774481804104,-0.15818576584794092,0.08943769530829371,0.296875
105.31510503501167,0.3166999370029357,-0.15839505887099742,0.08903784174623358,0.26171875
105.35511837279093,0.31652230056798986,-0.1586041831483409,0.0886381349414152,0.30078125
105.39513171057018,0.3163445391803707,-0.15881314193424262,0.0882385748399746,0.29296875
105.43514504834944,0.31616665371883523,-0.15902192897476397,0.08783916138806758,0.32421875
105.4751583861287,0.3159886444751425,-0.1592305409489119,0.08743989453186951,0.32421875
105.51517172390795,0.3158105114672369,-0.15943897758505038,0.08704077421757606,0.28515625
105.55518506168723,0.3156322546582109,-0.15964723893941374,0.0866418003914019,0.3203125
105.59519839946648,0.3154538739751702,-0.15985532552468815,0.08624297299958228,0.33203125
105.63521173724574,0.315275369341651,-0.16006323845624348,0.08584429198837168,0.27734375
105.675225075025,0.31509674072490196,-0.16027097961869158,0.08544575730404436,0.30078125
105.71523841280425,0.31491798820215966,-0.16047855184994736,0.08504736889289416,0.3046875
105.75525175058353,0.31473911211287,-0.16068595798489982,0.08464912670123481,0.3046875
105.79526508836278,0.31456011338468615,-0.16089319097409713,0.08425103067540024,0.2734375
105.83527842614204,0.3143809922543249,-0.16110024831743944,0.08385308076174314,0.296875
105.8752917639213,0.3142017487345805,-0.16130712977468117,0.08345527690663646,0.3671875
105.91530510170055,0.314022382782756,-0.16151383544598236,0.08305761905647263,0.296875
105.95531843947981,0.3138428943200484,-0.16172036590230526,0.08266010715766386,0.3125
105.99533177725908,0.31366328326416165,-0.16192672233446,0.08226274115664178,0.3125
106.03534511503834,0.31348354957802665,-0.1621329067204061,0.08186552099985811,0.2890625
106.0753584528176,0.3133036933362069,-0.16233892201298852,0.08146844663378411,0.265625
106.11537179059685,0.3131237149285465,-0.1625447704387,0.08107151800491053,0.28515625
106.15538512837611,0.31294361531500425,-0.1627504444528093,0.08067473505974754,0.31640625
106.19539846615538,0.31276339468014774,-0.16295594225498336,0.08027809774482558,0.26171875
106.23541180393464,0.3125830530315402,-0.16316126363716732,0.07988160600669414,0.30078125
106.2754251417139,0.3124025903202846,-0.1633664087449903,0.07948525979192272,0.27734375
106.31543847949315,0.3122220064612117,-0.16357137820945378,0.07908905904709995,0.26171875
106.35545181727241,0.3120413013660618,-0.16377617329806576,0.07869300371883448,0.25
106.39546515505168,0.3118604749925533,-0.16398079608502034,0.07829709375375432,0.31640625
106.43547849283094,0.3116795274123615,-0.16418524963982797,0.07790132909850778,0.29296875
106.4754918306102,0.31149845908435614,-0.16438953538346393,0.07750570969976156,0.29296875
106.51550516838945,0.31131727097907064,-0.16459364559128303,0.07711023550420287,0.2890625
106.55551850616871,0.31113596323445947,-0.16479757903390008,0.07671490645853812,0.296875
106.59553184394798,0.31095453585210864,-0.1650013355375198,0.07631972250949287,0.27734375
106.63554518172724,0.3107729887768572,-0.16520491529411585,0.07592468360381299,0.27734375
106.6755585195065,0.31059132191670047,-0.16540831899649633,0.0755297896882638,0.26171875
106.71557185728575,0.31040953517690556,-0.1656115479908499,0.07513504070962979,0.29296875
106.75558519506501,0.31022762850978586,-0.1658146044491228,0.07474043661471491,0.28125
106.79559853284427,0.31004560198316905,-0.16601749156063036,0.0743459773503432,0.30078125
106.83561187062354,0.30986345614704447,-0.16622020973462792,0.0739516628633573,0.28125
106.8756252084028,0.3096811919555273,-0.16642275139703025,0.07355749310062049,0.3359375
106.91563854618205,0.3094988095073851,-0.16662511575444772,0.0731634680090148,0.328125
106.95565188396131,0.30931630879811706,-0.16682730266818552,0.07276958753544205,0.23828125
106.99566522174057,0.30913368976571826,-0.16702931237841345,0.07237585162682342,0.2578125
107.03567855951984,0.30895095231100983,-0.16723114564125585,0.07198226023009918,0.23046875
107.0756918972991,0.3087680963323264,-0.16743280388345258,0.07158881329223027,0.26171875
107.11570523507835,0.3085851217760078,-0.16763428937692598,0.07119551076019587,0.30078125
107.15571857285761,0.3084020287057117,-0.16783560543270737,0.07080235258099504,0.28515625
107.19573191063687,0.30821881778737104,-0.1680367512345843,0.0704093387016465,0.26953125
107.23574524841612,0.30803548992630736,-0.16823771970459928,0.07001646906918813,0.2734375
107.2757585861954,0.3078520451919806,-0.16843851034330198,0.06962374363067708,0.30078125
107.31577192397465,0.3076684835735402,-0.16863912304823114,0.06923116233319088,0.28515625
107.35578526175391,0.3074848050015238,-0.16883955810963747,0.06883872512382527,0.28515625
107.39579859953317,0.30730100936938,-0.16903981634821166,0.06844643194969607,0.31640625
107.43581193731242,0.3071170965679708,-0.16923989927325092,0.06805428275793851,0.26953125
107.4758252750917,0.30693306653714353,-0.16943980925876614,0.06766227749570697,0.24609375
107.51583861287095,0.30674891933589754,-0.1696395497397214,0.06727041611017542,0.30859375
107.55585195065021,0.30656465577434683,-0.16983911845198707,0.06687869854853729,0.33203125
107.59586528842947,0.30638027667094825,-0.17003850917473395,0.06648712475800517,0.30078125
107.63587862620872,0.3061957820781761,-0.17023772155342282,0.06609569468581084,0.296875
107.675891963988,0.3060111719784144,-0.17043675552323218,0.06570440827920604,0.27734375
107.71590530176725,0.3058264462946445,-0.17063561142542744,0.06531326548546151,0.28515625
107.75591863954651,0.30564160491204356,-0.1708342901477803,0.06492226625186737,0.2890625
107.79593197732576,0.30545664771381764,-0.17103279328349547,0.06453141052573308,0.25
107.83594531510502,0.3052715746327066,-0.17123112331094376,0.06414069825438745,0.27734375
107.8759586528843,0.3050863857270218,-0.17142928374726685,0.06375012938517866,0.26171875
107.91597199066355,0.30490108196954596,-0.17162727078091375,0.06335970386547402,0.3359375
107.95598532844281,0.3047156640608262,-0.17182507929366986,0.0629694216426605,0.2734375
107.99599866622206,0.3045301320471048,-0.1720227089631685,0.06257928266414431,0.29296875
108.03601200400132,0.30434448590355045,-0.17222015976368432,0.06218928687735065,0.24609375
108.07602534178058,0.3041587255451118,-0.17241743208911345,0.06179943422972434,0.2578125
108.11603867955985,0.30397285084846504,-0.17261452689559512,0.06140972466872907,0.2421875
108.1560520173391,0.30378686168841934,-0.17281144586258718,0.06102015814184858,0.265625
108.19606535511836,0.30360075799013475,-0.1730081915748199,0.060630734596585245,0.2890625
108.23607869289762,0.30341453982825894,-0.17320476747445313,0.060241453980461046,0.27734375
108.27609203067688,0.30322820832106073,-0.1734011684406495,0.05985231624101656,0.33984375
108.31610536845615,0.303041764053426,-0.17359739037235478,0.059463321325812446,0.33984375
108.3561187062354,0.30285520706535285,-0.17379343297555136,0.05907446918242848,0.3046875
108.39613204401466,0.3026685373245003,-0.17398929626478105,0.05868575975846335,0.26953125
108.43614538179392,0.3024817547373541,-0.17418498068809218,0.0582971930015348,0.30078125
108.47615871957318,0.30229485917169263,-0.17438048727157673,0.05790876885928037,0.31640625
108.51617205735243,0.3021078504931758,-0.17457581778327974,0.0575204872793566,0.265625
108.5561853951317,0.30192072861904706,-0.17477097491604887,0.057132348209438966,0.2578125
108.59619873291096,0.3017334936607306,-0.17496596186712038,0.05674435159722263,0.32421875
108.63621207069022,0.301546146858249,-0.17516077247404427,0.056356497390421756,0.3203125
108.67622540846948,0.3013586886866931,-0.17535540354551832,0.05596878553676937,0.265625
108.71623874624873,0.30117111917924505,-0.17554985481742058,0.055581215984018106,0.2890625
108.756252084028,0.3009834382958996,-0.17574412634548775,0.05519378867993946,0.30859375
108.79626542180726,0.3007956459341561,-0.17593821863359502,0.05480650357232458,0.27734375
108.83627875958652,0.30060774195233075,-0.17613213277965467,0.054419360608983114,0.26953125
108.87629209736578,0.3004197262067043,-0.17632587064171074,0.054032359737744506,0.296875
108.91630543514503,0.3002315986055327,-0.17651943502374165,0.05364550090645692,0.234375
108.9563187729243,0.30004335932095605,-0.17671282869974697,0.05325878406298773,0.26171875
108.99633211070356,0.29985500968570217,-0.17690604474725813,0.052872209155223615,0.3203125
109.03634544848282,0.2996665500730162,-0.17709908077136727,0.05248577613107008,0.30078125
109.07635878626208,0.29947798050922264,-0.17729193653847256,0.05209948493845229,0.2890625
109.11637212404133,0.29928930094576756,-0.17748461214768252,0.051713335525313986,0.2578125
109.1563854618206,0.29910051127103954,-0.17767710815968119,0.051327327839617964,0.28515625
109.19639879959986,0.2989116113332964,-0.17786942574610753,0.05094146182934667,0.26953125
109.23641213737912,0.2987226009788034,-0.17806156685711122,0.05055573744250119,0.23046875
109.27642547515838,0.2985334801065395,-0.17825353440945402,0.05017015462710206,0.30859375
109.31643881293763,0.29834424897571515,-0.17844533056918635,0.04978471333118856,0.23046875
109.35645215071689,0.2981549089776333,-0.1786369479487381,0.04939941350281901,0.2734375
109.39646548849616,0.2979654603939957,-0.17882838482990696,0.04901425509007079,0.2421875
109.43647882627542,0.2977759032438182,-0.1790196410109377,0.04862923804104108,0.27734375
109.47649216405468,0.29758623746982293,-0.17921071663526006,0.04824436230384499,0.265625
109.51650550183393,0.2973964629505693,-0.17940161232235713,0.04785962782661729,0.26171875
109.55651883961319,0.29720657952382323,-0.17959232931921085,0.04747503455751195,0.31640625
109.59653217739246,0.29701658702525496,-0.17978286967007207,0.04709058244470132,0.28125
109.63654551517172,0.2968264853438507,-0.17997323640685253,0.04670627143637718,0.3125
109.67655885295098,0.29663627485637484,-0.18016343089375028,0.046322101480751054,0.2734375
109.71657219073023,0.2964459569722051,-0.18035344558829852,0.04593807252605181,0.27734375
109.75658552850949,0.296255531894457,-0.1805432793225682,0.04555418452052862,0.3046875
109.79659886628875,0.2960649996344665,-0.18073293192783396,0.045170437412449194,0.28125
109.83661220406802,0.295874360125879,-0.18092240359310002,0.04478683115010035,0.26171875
109.87662554184728,0.29568361323668885,-0.18111169499863694,0.044403365681787765,0.2890625
109.91663887962653,0.2954927587938739,-0.1813008074681594,0.044020040955836115,0.25
109.95665221740579,0.29530179662182954,-0.18148974314216737,0.04363685692058927,0.28515625
109.99666555518505,0.2951107265989064,-0.18167850516994902,0.04325381352440977,0.25390625
110.03667889296432,0.29491954925329394,-0.18186709391215664,0.04287091071567917,0.27734375
110.07669223074357,0.29472826596585266,-0.18205550199619772,0.04248814844279819,0.27734375
110.11670556852283,0.2945368768768732,-0.1822437286711086,0.042105526654186154,0.2890625
110.15671890630209,0.29434538198953025,-0.18243177380254869,0.041723045298281525,0.3203125
110.19673224408135,0.2941537812278616,-0.18261963762663613,0.041340704323541755,0.30859375
110.23674558186062,0.29396207444913236,-0.18280732088546864,0.040958503678442726,0.22265625
110.27675891963987,0.2937702614684715,-0.18299482498212258,0.040576443311480026,0.2890625
110.31677225741913,0.2935783420987199,-0.1831821521548309,0.04019452317116751,0.28125
110.35678559519839,0.293386316206834,-0.18336930567265947,0.039812743206038226,0.3046875
110.39679893297765,0.2931941845098492,-0.18355628468307605,0.039431103364644116,0.26953125
110.43681227075692,0.2930019483077289,-0.18374308232200715,0.039049603595555704,0.26171875
110.47682560853617,0.2928096076957061,-0.18392969811664758,0.03866824384736278,0.296875
110.51683894631543,0.2926171626687223,-0.18411613196773277,0.03828702406867379,0.23046875
110.55685228409469,0.29242461314066376,-0.18430238416004027,0.03790594420811594,0.2734375
110.59686562187395,0.29223195895745674,-0.18448845549925946,0.03752500421433547,0.2421875
110.6368789596532,0.29203919992214744,-0.18467434746909753,0.03714420403599755,0.23046875
110.67689229743247,0.29184633583488745,-0.18486006240837188,0.03676354362178602,0.28515625
110.71690563521173,0.2916533665508766,-0.18504560370767859,0.036383022920403685,0.30078125
110.75691897299099,0.29146029301730353,-0.18523096908329875,0.036002641880571895,0.33984375
110.79693231077025,0.29126711639373304,-0.18541615253413346,0.035622400451031266,0.28515625
110.8369456485495,0.2910738367518654,-0.1856011537185004,0.03524229858054084,0.24609375
110.87695898632877,0.29088045407748453,-0.18578597257425897,0.0348623362178786,0.2734375
110.91697232410803,0.29068696827417817,-0.18597060943575489,0.034482513311841545,0.30078125
110.95698566188729,0.29049337917591894,-0.18615506517402525,0.034102829811244906,0.22265625
110.99699899966654,0.29029968657298927,-0.18633934135539132,0.03372328566492333,0.296875
111.0370123374458,0.2901058902524459,-0.18652344042092045,0.0333438808217299,0.296875
111.07702567522506,0.28991199006531365,-0.18670736583383857,0.03296461523053651,0.32421875
111.11703901300433,0.28971798720884745,-0.18689111380724496,0.03258548884023388,0.27734375
111.15705235078359,0.28952388266140605,-0.1870746794179472,0.032206501599731374,0.265625
111.19706568856284,0.289329676486768,-0.18725806235363854,0.031827653457957406,0.25390625
111.2370790263421,0.2891353686613726,-0.18744126259016658,0.031448944363858755,0.30078125
111.27709236412136,0.2889409590777753,-0.18762428051327884,0.031070374266401135,0.31640625
111.31710570190063,0.2887464475575245,-0.18780711706087885,0.030691943114568743,0.27734375
111.35711903967989,0.28855183387752226,-0.18798977388376753,0.03031365085736526,0.23046875
111.39713237745914,0.2883571178111483,-0.18817225352720518,0.029935497443811965,0.26171875
111.4371457152384,0.2881622992315988,-0.18835455937097506,0.029557482822949732,0.30859375
111.47715905301766,0.2879673795540869,-0.18853668636572998,0.029179606943837866,0.3125
111.51717239079693,0.28777235958398445,-0.18871863057524763,0.028801869755554044,0.30078125
111.55718572857619,0.2875772393772282,-0.1889003917148182,0.028424271207195484,0.21875
111.59719906635544,0.28738201890055437,-0.1890819697994154,0.02804681124787689,0.3046875
111.6372124041347,0.28718669803471536,-0.1892633652680527,0.02766948982673273,0.296875
111.67722574191396,0.28699127658852197,-0.18944457912677584,0.027292306892915397,0.28125
111.71723907969323,0.2867957543247918,-0.18962561311285425,0.026915262395596218,0.234375
111.75725241747249,0.2866001310024408,-0.18980646987798544,0.026538356283965503,0.2890625
111.79726575525174,0.28640440654761024,-0.1899871525513793,0.026161588507231714,0.2265625
111.837279093031,0.2862085825534671,-0.19016765508483152,0.025784959014622022,0.2890625
111.87729243081026,0.2860126596649085,-0.19034797442299137,0.02540846775538258,0.2578125
111.91730576858951,0.2858166379295504,-0.1905281103099713,0.025032114678777972,0.25
111.95731910636879,0.28562051730387467,-0.19070806280129715,0.024655899734090936,0.21875
111.99733244414804,0.285424297656644,-0.19088783239021198,0.024279822870623913,0.2734375
112.0373457819273,0.2852279787828347,-0.19106742015336137,0.023903884037696776,0.2578125
112.07735911970656,0.28503156043086736,-0.19124682791586928,0.023528083184648663,0.27734375
112.11737245748581,0.2848350423444069,-0.19142605843809835,0.023152420260837303,0.29296875
112.15738579526509,0.2846384245363792,-0.19160511442485367,0.022776895215638693,0.23828125
112.19739913304434,0.28444170873269115,-0.19178398910475003,0.0224015079984477,0.2421875
112.2374124708236,0.28424489543226406,-0.1919626801921168,0.022026258558677847,0.26171875
112.27742580860286,0.2840479846740557,-0.19214118746089223,0.021651146845760694,0.21875
112.31743914638211,0.28385097640381307,-0.1923195110084648,0.021276172809146954,0.25
112.35745248416137,0.2836538704776924,-0.19249765138391928,0.020901336398305492,0.265625
112.39746582194064,0.2834566666764878,-0.19267560973581063,0.020526637562723882,0.28125
112.4374791597199,0.28325936473329527,-0.19285338797942203,0.020152076251908402,0.24609375
112.47749249749916,0.28306196437587994,-0.19303098898578833,0.01977765241538343,0.25
112.51750583527841,0.2828644657415316,-0.19320841485385346,0.019403366002692157,0.23828125
112.55751917305767,0.28266687063726603,-0.1933856583784752,0.019029216963396434,0.26953125
112.59753251083694,0.2824691794332203,-0.19356271792636756,0.018655205247076256,0.25
112.6375458486162,0.2822713921595214,-0.19373959330205814,0.018281330803330553,0.28515625
112.67755918639546,0.28207350875060483,-0.19391628464624133,0.017907593581776404,0.234375
112.71757252417471,0.2818755290494592,-0.1940927925653631,0.017533993532049486,0.29296875
112.75758586195397,0.2816774528221617,-0.19426911828147672,0.017160530603803847,0.25
112.79759919973324,0.2814792797855441,-0.1944452638023175,0.016787204746712192,0.26953125
112.8376125375125,0.2812810096509739,-0.1946212321113725,0.016414015910465873,0.26171875
112.87762587529176,0.2810826427214197,-0.19479702451276876,0.016040964044774564,0.265625
112.91763921307101,0.2808841808266265,-0.19497263367105908,0.01566804909936581,0.25390625
112.95765255085027,0.2806856242285958,-0.19514805848091843,0.015295271023986257,0.2421875
112.99766588862954,0.280486972947662,-0.1953232987793745,0.014922629768400808,0.26953125
113.0376792264088,0.28028822690678484,-0.19549835475126615,0.014550125282393134,0.296875
113.07769256418806,0.2800893859351261,-0.1956732270620527,0.014177757515764888,0.25
113.11770590196731,0.2798904497833225,-0.19584791700914067,0.013805526418336211,0.2109375
113.15771923974657,0.27969141815157794,-0.19602242669416123,0.013433431939945839,0.2265625
113.19773257752583,0.27949229073357007,-0.19619675921597168,0.013061474030450881,0.26953125
113.2377459153051,0.27929306804367776,-0.19637091488655303,0.012689652639726767,0.23828125
113.27775925308435,0.2790937518691312,-0.19654488655759764,0.01231796771766741,0.2734375
113.31777259086361,0.27889434238699684,-0.19671867352160685,0.011946419214184878,0.22265625
113.35778592864287,0.2786948396077015,-0.19689227564878212,0.011575007079209831,0.23828125
113.39779926642213,0.27849524344168447,-0.19706569317020717,0.011203731262691474,0.25
113.4378126042014,0.2782955537040453,-0.1972389268113927,0.01083259171459694,0.234375
113.47782594198065,0.27809577012922904,-0.19741197794697826,0.010461588384912346,0.2265625
113.51783927975991,0.2778958924000028,-0.19758484877457094,0.010090721223641519,0.22265625
113.55785261753917,0.27769592019182004,-0.19775754251020664,0.009719990180806992,0.23828125
113.59786595531843,0.2774958542797306,-0.19793005826941507,0.00934939520644934,0.1875
113.63787929309768,0.27729569633622425,-0.19810238942243602,0.008978936250628122,0.26171875
113.67789263087695,0.2770954464798409,-0.19827453552288105,0.008608613263420162,0.23046875
113.71790596865621,0.27689510471053436,-0.19844649647544274,0.008238426194921766,0.22265625
113.75791930643547,0.2766946709259481,-0.19861827255843745,0.007868374995246896,0.2734375
113.79793264421473,0.27649414492624447,-0.19878986455937253,0.007498459614527997,0.25
113.83794598199398,0.2762935264291002,-0.19896127393174096,0.007128680002915777,0.2265625
113.87795931977325,0.2760928150990982,-0.19913250297110535,0.0067590361105789865,0.21875
113.91797265755251,0.27589201059273716,-0.19930355501276312,0.006389527887705304,0.28125
113.95798599533177,0.27569111399932034,-0.19947442776347504,0.006020155284500062,0.26171875
113.99799933311103,0.27549012679705037,-0.19964511545769148,0.005650918251187409,0.2265625
114.03801267089028,0.2752890490755316,-0.19981561776696144,0.005281816738009315,0.26953125
114.07802600866955,0.27508788082376867,-0.19998593463165193,0.004912850695226012,0.22265625
114.11803934644881,0.2748866219261353,-0.20015606637858316,0.004544020073116328,0.2421875
114.15805268422807,0.27468527216696464,-0.20032601385920143,0.004175324821976967,0.26171875
114.19806602200732,0.27448383124673986,-0.2004957786072628,0.0038067648921233377,0.23046875
114.23807935978658,0.27428229881100114,-0.2006653630184065,0.0034383402338885594,0.26953125
114.27809269756585,0.27408067450983487,-0.2008347704904398,0.0030700507976242353,0.23046875
114.31810603534511,0.2738789597651208,-0.20100399727729526,0.0027018965337002876,0.25390625
114.35811937312437,0.2736771558129801,-0.20117303866190417,0.002333877392504957,0.2265625
114.39813271090362,0.2734752627340962,-0.20134189434232702,0.0019659933244442485,0.2578125
114.43814604868288,0.27327328050592076,-0.20151056429595932,0.00159824427994254,0.2578125
114.47815938646214,0.2730712089989085,-0.2016790488996303,0.0012306302094425292,0.25390625
114.51817272424141,0.27286904798128286,-0.20184734906981722,0.0008631510634051764,0.23828125
114.55818606202067,0.27266679713506914,-0.20201546642308935,0.0004958067923093723,0.23046875
114.59819939979992,0.27246445608635034,-0.2021834034566657,0.00012859734665232603,0.29296875
114.63821273757918,0.2722620245146903,-0.20235116347655652,-0.00023847732305054548,0.21484375
114.67822607535844,0.2720595041269361,-0.2025187415249659,-0.0006054172662657842,0.234375
114.71823941313771,0.2718568959322691,-0.2026861338384937,-0.0009722225324417244,0.25390625
114.75825275091697,0.2716542000017309,-0.20285334014232803,-0.0013388931710083818,0.22265625
114.79826608869622,0.27145141630107367,-0.20302036045161867,-0.0017054292313778974,0.23828125
114.83827942647548,0.27124854468614895,-0.20318719519474682,-0.0020718307629440935,0.30078125
114.87829276425474,0.27104558490831815,-0.20335384535495388,-0.002438097815082807,0.2578125
114.918306102034,0.27084253663079344,-0.20352031263291973,-0.002804230437151778,0.23046875
114.95831943981327,0.27063939945884086,-0.20368659963021588,-0.003170228678490483,0.2421875
114.99833277759252,0.2704361731418664,-0.20385270939799233,-0.0035360925884202477,0.2578125
115.03834611537178,0.2702328596168293,-0.20401863602390857,-0.0039018222162444105,0.20703125
115.07835945315104,0.2700294596842623,-0.2041843765948208,-0.00426741761124827,0.2421875
115.1183727909303,0.2698259734053853,-0.2043499308637292,-0.004632878822698749,0.2578125
115.15838612870957,0.26962240073344096,-0.20451529888515887,-0.004998205899845454,0.2734375
115.19839946648882,0.26941874150916023,-0.20468048114035173,-0.005363398891918669,0.25
115.23841280426808,0.26921499546637095,-0.20484547868092656,-0.00572845784813153,0.23046875
115.27842614204734,0.2690111622486246,-0.2050102932936297,-0.006093382817679016,0.25390625
115.3184394798266,0.26880724143981677,-0.20517492768605708,-0.006458173849738014,0.25
115.35845281760587,0.2686032329028154,-0.20533938448523417,-0.006822830993467033,0.21875
115.39846615538512,0.2683991387433369,-0.2055036570939272,-0.007187354298006765,0.20703125
115.43847949316438,0.2681949595745496,-0.20566774333995508,-0.007551743812479916,0.1875
115.47849283094364,0.2679906954474615,-0.20583164300510118,-0.007915999585990985,0.20703125
115.5185061687229,0.2677863463019739,-0.20599535618489273,-0.008280121667626872,0.265625
115.55851950650217,0.2675819119633699,-0.20615888341449082,-0.008644110106456104,0.2578125
115.59853284428142,0.2673773921471455,-0.20632222581566254,-0.009007964951529057,0.25
115.63854618206068,0.267172786476424,-0.20648538526305749,-0.009371686251878564,0.19921875
115.67855951983994,0.26696809451297937,-0.20664836457222802,-0.009735274056518861,0.26953125
115.7185728576192,0.266763316280779,-0.20681116576966996,-0.010098728414446811,0.234375
115.75858619539845,0.2665584539861796,-0.20697378185556745,-0.01046204937464107,0.21875
115.79859953317772,0.26635350807919855,-0.2071362112836847,-0.010825236986062192,0.24609375
115.83861287095698,0.26614847860004065,-0.20729845386581672,-0.011188291297652808,0.2578125
115.87862620873624,0.26594336547508024,-0.2074605097392694,-0.01155121235833756,0.2421875
115.9186395465155,0.26573816851294285,-0.20762237949532367,-0.011914000217023213,0.21484375
115.95865288429475,0.26553288741046904,-0.20778406432704222,-0.012276654922598607,0.25390625
115.99866622207402,0.26532752176946645,-0.20794556619895793,-0.012639176523934759,0.24609375
116.03867955985328,0.26512207112862035,-0.20810688803678082,-0.013001565069884202,0.25
116.07869289763254,0.2649165357255211,-0.20826803108192327,-0.01336382060928204,0.296875
116.11870623541179,0.26471091779090206,-0.20842898822856842,-0.013725943190945555,0.23828125
116.15871957319105,0.26450521763948703,-0.20858975843483868,-0.01408793286367388,0.28125
116.1987329109703,0.26429943530008637,-0.20875034154376074,-0.014449789676247937,0.23828125
116.23874624874958,0.2640935706848707,-0.20891073773583052,-0.014811513677431276,0.24609375
116.27875958652884,0.26388762358543233,-0.20907094765955647,-0.015173104915969349,0.20703125
116.31877292430809,0.2636815936789411,-0.20923097258133128,-0.015534563440589566,0.25
116.35878626208735,0.2634754805451704,-0.20939081455732347,-0.01589588930000163,0.23828125
116.3987995998666,0.2632692836988366,-0.2095504766254751,-0.016257082542897205,0.25390625
116.43881293764588,0.26306300364758395,-0.20970995905078754,-0.01661814321795063,0.24609375
116.47882627542513,0.26285664256350827,-0.2098692549303107,-0.01697907137381749,0.265625
116.51883961320439,0.2626502006565641,-0.21002836359970153,-0.017339867059136094,0.19921875
116.55885295098365,0.26244367794373374,-0.21018728493423025,-0.017700530322526664,0.21875
116.5988662887629,0.2622370743223864,-0.2103460191588865,-0.018061061212591933,0.23828125
116.63887962654218,0.2620303895665173,-0.2105045669807553,-0.018421459777916593,0.19921875
116.67889296432143,0.26182362333257814,-0.21066292974160977,-0.018781726067067184,0.22265625
116.71890630210069,0.26161677517777016,-0.21082110959077557,-0.019141860128592703,0.22265625
116.75891963987995,0.26140984459182764,-0.21097910968065653,-0.01950186201102455,0.21875
116.7989329776592,0.2612028324135304,-0.21113692910088816,-0.019861731762875923,0.25390625
116.83894631543848,0.2609957406652386,-0.21129456147407724,-0.020221469432642525,0.19921875
116.87895965321773,0.2607885694861064,-0.21145200638042255,-0.020581075068801802,0.2109375
116.91897299099699,0.26058131888104213,-0.21160926372821806,-0.020940548719814045,0.2890625
116.95898632877625,0.26037398873190737,-0.2117663337883769,-0.021299890434121116,0.25390625
116.9989996665555,0.26016657879430594,-0.21192321732819258,-0.021659100260147668,0.24609375
117.03901300433476,0.2599590887035964,-0.212079915766018,-0.022018178246300257,0.24609375
117.07902634211403,0.25975151799298035,-0.2122364313469559,-0.022377124440967844,0.24609375
117.11903967989329,0.2595438661266552,-0.21239276733952175,-0.022735938892521013,0.2890625
117.15905301767255,0.2593361343402627,-0.21254892145152132,-0.023094621649313696,0.28515625
117.1990663554518,0.2591283244068712,-0.2127048881678976,-0.02345317275968134,0.2734375
117.23907969323106,0.25892043643311574,-0.2128606671732459,-0.023811592271941573,0.18359375
117.27909303101033,0.2587124704106992,-0.21301625841075342,-0.02416988023439487,0.2421875
117.31910636878959,0.2585044262057278,-0.21317166219811784,-0.02452803669532344,0.21484375
117.35911970656885,0.25829630355461447,-0.2133268793644658,-0.02488606170299179,0.24609375
117.3991330443481,0.25808810207073585,-0.2134819114065645,-0.025243955305647103,0.25
117.43914638212736,0.25787982126280445,-0.21363676066673792,-0.02560171755151841,0.25390625
117.47915971990662,0.257671460587396,-0.21379143046584007,-0.025959348488817646,0.23828125
117.51917305768589,0.2574630216898101,-0.2139459171148846,-0.02631684816573826,0.23828125
117.55918639546515,0.2572545060440173,-0.2141002161121467,-0.026674216630456715,0.28125
117.5991997332444,0.25704591374625174,-0.21425432716729667,-0.027031453931131266,0.2421875
117.63921307102366,0.25683724477472925,-0.2144082502592284,-0.02738856011590307,0.28125
117.67922640880292,0.2566284989788776,-0.2145619857541087,-0.02774553523289469,0.265625
117.71923974658219,0.2564196760752871,-0.21471553454430886,-0.028102379330212257,0.28125
117.75925308436145,0.2562107756545395,-0.2148688982067407,-0.02845909245594319,0.2421875
117.7992664221407,0.2560017971998743,-0.2150220791829915,-0.028815674658157653,0.2265625
117.83927975991996,0.25579274020555404,-0.21517508069475116,-0.029172125984908148,0.22265625
117.87929309769922,0.2555836066640651,-0.21532789789436418,-0.029528446484229753,0.27734375
117.91930643547849,0.25537439777145393,-0.21548052719833768,-0.029884636204139614,0.2734375
117.95931977325775,0.2551651136131284,-0.21563296834218224,-0.030240695192637335,0.2421875
117.999333111037,0.25495575415333793,-0.21578522134155637,-0.03059662349770531,0.1953125
118.03934644881626,0.25474631922386953,-0.21593728661280573,-0.03095242116730751,0.2421875
118.07935978659552,0.2545368085210394,-0.2160891651127427,-0.03130808824939074,0.21484375
118.11937312437479,0.2543272216117218,-0.21624085850026084,-0.031663624791884615,0.22265625
118.15938646215405,0.25411755795275964,-0.2163923693181692,-0.03201903084270019,0.25390625
118.1993997999333,0.25390781712540095,-0.21654370053085215,-0.032374306449731716,0.2578125
118.23941313771256,0.2536980013995408,-0.2166948463827922,-0.032729451660855946,0.28515625
118.27942647549182,0.25348811171797875,-0.2168458041072534,-0.033084466523931544,0.25
118.31943981327107,0.25327814815468996,-0.21699657346671444,-0.03343935108679963,0.22265625
118.35945315105035,0.2530681106592583,-0.21714715451491132,-0.03379410539728439,0.1875
118.3994664888296,0.2528579990455372,-0.21729754771927803,-0.03414872950319148,0.2265625
118.43947982660886,0.25264781298822264,-0.21744775410331213,-0.03450322345230972,0.2890625
118.47949316438812,0.25243755203001794,-0.21759777540919212,-0.03485758729241045,0.26953125
118.51950650216737,0.2522272156003489,-0.21774761428300735,-0.03521182107124754,0.265625
118.55951983994665,0.25201680342079336,-0.2178972732672222,-0.035565924836556184,0.23828125
118.5995331777259,0.2518063179622222,-0.2180467459605832,-0.0359198986360556,0.19140625
118.63954651550516,0.2515957599411875,-0.21819603030716678,-0.03627374251744658,0.22265625
118.67955985328442,0.2513851294200863,-0.21834512609700674,-0.03662745652841265,0.27734375
118.71957319106367,0.2511744263331201,-0.21849403342324075,-0.03698104071661995,0.22265625
118.75958652884293,0.2509636504754248,-0.21864275280587644,-0.03733449512971676,0.24609375
118.7995998666222,0.25075280149968726,-0.2187912853362065,-0.03768781981533448,0.2265625
118.83961320440146,0.25054187892297614,-0.21893963284215318,-0.03804101482108613,0.23046875
118.87962654218072,0.2503308821467381,-0.2190877980746057,-0.0383940801945683,0.234375
118.91963987995997,0.2501198110906379,-0.2192357829826765,-0.03874701598335917,0.21875
118.95965321773923,0.24990866834196926,-0.2193835807943845,-0.03909982223502023,0.265625
118.9996665555185,0.249697454422252,-0.21953119005205637,-0.03945249899709491,0.234375
119.03967989329776,0.2494861693814531,-0.21967861057468696,-0.03980504631710935,0.22265625
119.07969323107702,0.24927481313786487,-0.21982584249591275,-0.04015746424257288,0.2109375
119.11970656885627,0.24906338546718632,-0.21997288638971696,-0.04050975282097635,0.24609375
119.15971990663553,0.2488518859991938,-0.22011974341688803,-0.04086191209979384,0.2265625
119.1997332444148,0.24864031422474425,-0.2202664154925109,-0.041213942126481884,0.234375
119.23974658219406,0.24842866951601894,-0.22041290547462056,-0.04156584294847937,0.2109375
119.27975991997332,0.24821695205331856,-0.22055921454038876,-0.0419176146132082,0.2734375
119.31977325775257,0.24800516444792922,-0.22070533583454469,-0.042269257168072616,0.25
119.35978659553183,0.24779330706084077,-0.22085126837964902,-0.04262077066045944,0.2578125
119.3997999333111,0.24758137992873688,-0.22099701202504551,-0.042972155137738166,0.21875
119.43981327109036,0.2473693829536436,-0.22114256694577594,-0.04332341064726081,0.17578125
119.47982660886962,0.2471573158909937,-0.22128793377131745,-0.043674537236362054,0.26171875
119.51983994664887,0.24694517834683727,-0.22143311373354677,-0.04402553495235967,0.19921875
119.55985328442813,0.24673296978500042,-0.22157810883640594,-0.04437640384255298,0.23046875
119.59986662220739,0.2465206895471106,-0.22172292204739863,-0.04472714395422506,0.2421875
119.63987995998666,0.24630833814160785,-0.2218675535859351,-0.04507775533464087,0.1796875
119.67989329776591,0.24609591810295733,-0.2220119968137309,-0.045428238031048396,0.1875
119.71990663554517,0.24588342966956064,-0.22215625110999526,-0.045778592090678416,0.23828125
119.75991997332443,0.2456708728646268,-0.2223003163550591,-0.04612881756074383,0.2109375
119.79993331110369,0.24545824757266296,-0.22244419276727506,-0.046478914488440826,0.19140625
119.83994664888296,0.24524555352848637,-0.22258788103259008,-0.04682888292094778,0.2265625
119.87995998666221,0.24503279031347588,-0.22273138245569635,-0.04717872290542613,0.2421875
119.91997332444147,0.24481995736340345,-0.22287469913130695,-0.04752843448901978,0.28515625
119.95998666222073,0.24460705398871632,-0.22301783413796739,-0.04787801771885519,0.20703125
120.0,0.24439408109752944,-0.22316078654538798,-0.04822747264204197,0.19921875
